"大豆油墨作为新型环保油墨,在发达国家已有广泛的应用,本文主要从石油危机、环境保护的角度分析了大豆油墨产生的原因,从环保性、脱墨性、气味、可再生等四个方面分析了相对于传统油墨大豆油墨的优势,最后给出了大豆油墨在欧美、日本、中国等不同国家的应用现状,旨在推动其在中国的应用。"
"本文简要地介绍了大豆油墨的研发历史、功能特性及应用现状 ,大豆油墨的研发是油脂行业对环保的一份贡献。"
"中国印刷及设备器材工业协会统计,2009年我国印刷工业总产值为5150亿元,较上年度增长8.4%。预计2015年我国印刷工业总产值将达到9800亿,也"
"作为印刷环节中重要的使用耗材,油墨直接影响到印刷企业能否实现绿色印刷和节能环保。油墨的生产制造过程需要使用大量的有机溶剂,印刷过程中会挥发到空气中,不但会危害工人的身体健康,也会对空气质量造成较大影响,而且印刷品上的残留溶剂,也会对消费者、读者的身体健康造成一定的影响。""在我国印刷行业全面推广使用环保型印刷油墨就显得非常迫切。""全国人大代表、广东天龙油墨集团股份有限公司董事长冯毅说,目前,大豆"
"植物油墨即植物油基油墨,它使用植物油脂作为连接料,目前研发和应用的连接料主要有碱炼大豆油、菜籽油、棉籽油、葵花籽油、红花籽油和CanoIa油等,其中最常用的是大豆油墨(Soy ink或称Vegetable ink)。大豆油墨是由食用黄豆油(或者其它干性或半干性植物油脂)与颜料、树脂、腊质等混合而成的。大豆油墨将是未来环保油墨的最佳选择之一,其发展前景非"
"近年来,环保与健康已成为全球瞩目的问题。由于报纸、杂志等印刷品和生活息息相关,使得印刷油墨的环保问题倍受关注,环保型大豆油墨的研究和应用也越来越多地得到人们的重视。大豆油墨是指将大豆油轻度提纯后,与色素,填料和树脂等添加剂混合得到的一种胶印油墨,其替代传统石油,减少了化石原料有机物质的挥发,减轻了对环境的污染,符合"
"大豆油属于可食用油,分解后可完全融入自然环境。在各种配方的植物油油墨中,大豆油墨是真正意义上的可应用的环保型油墨。大豆油墨不污染空气,减少了对日益匮乏的石油资源的依赖,是生物可降解的油墨产品,能确保操作人员和消费者的健康。目前,大豆油墨的普及推广很快,在欧洲、日本、韩国等国家和地区先后得到广泛应用,很多对环保要求较高的产品也趋向于使用大豆油墨进行印刷。而大豆油墨在我国的应"
"低碳经济是当今时代的热点话题,使用环保型的油墨,杜绝VOC的排放以缓解各种环保问题也是当前各国亟待解决的环保课题。本文主要介绍了大豆油墨的发展及应用情况,通过了解其发展历史、性能特点,分析其印刷适性,进一步拓宽了对大豆油墨的认识,并对其在国内的推广提出了一些可供参考的建议。"
"我们的生活离不开五光十色的各类印刷品,随着生活水平的不断提高,人们对印刷品的环保性以及对人体无危害性的要求日趋严格。国际上对印刷品中含有的有害物质均有限制,印刷制品安全问题可能成为阻碍我国出口发展的不利因素之一。而从印刷品的生产流程来看,油墨是在整个印刷生产过程中最主要的污染来源。"
"大豆油墨并非因为采用了大豆油就贴上了绿色的标签,而是根据油墨各个组分综合考虑,从而实现整体上的环保效果。"
"在今年全国两会上,新当选的全国人大代表、广东天龙油墨集团股份有限公司董事长冯毅,带来了一份有关在印刷行业推广使用环保型印刷材料,推动行业绿色发展的建议书,显示出我国印刷行业对绿色印刷理念的关注。事实上,自上世纪80年代以来,绿色印刷已逐渐成为全球印刷业发展的主流,我国如今也快速融入这一印刷业绿色发展的大潮中。"
"近年来,随着绿色环保印刷的呼声日益高涨,各个印刷企业都在实施绿色环保措施。油墨作为印刷行业的主要耗材,其绿色环保受到人们的密切关注。尤其挥发性有机污染物(VOC)减排与控制技术创新联盟的成立对油墨的绿色技术提出更高的要求。而环保植物油墨(大豆油墨)作为环保油墨中的佼佼者它不仅绿色环保,还加速了我国印刷行业绿色化前进的步伐。"
"印刷业应如何减少挥发性有机溶剂的含量?如何让印刷成品在使用完后更容易自然降解?如何跟上国际环保标准并消除与其接轨的障碍?……在诸多亟待解决的课题的推动下,大豆油墨作为新型环保油墨日后必将成为主流。大豆油墨是指用自然环保的大豆油替换传统油墨石油系矿物油配方中的210%～50%,从而使油墨中的VOC含量由原来的30%～60%降低到5%～15%,而其他成分和普通油墨的主要成分大致相同,也分颜料、连结料、矿物油,助剂等。大豆油墨具有绿色环保性能良好、耐摩擦和耐热性好、脱墨再生性好、着墨性好、综"
在传统油墨中一般含有3060的石油系矿物油属有机溶剂含芳烃当印刷时油墨的干燥需要挥发这些矿物油会释放出大量有机溶剂造成严重的大气污染全球每年因油墨引起的有机挥发物VOCVollitileOrganicChemicals污染排放量已达几十万吨这些有机挥发物可以形成比二氧化碳更严重的温室效应而且在阳光的照射下会形成氧化物和光化学烟雾严重污染大气环境对于印刷工人由于长期处于高浓度的VOC中会对人体特别是神经系统造成极大损害因此如何减少油墨中VOC的含量成为各国治理环境的重中之重现在各国也都开始陆续制定严格的法令法规以限制有机溶剂的使用和排放大豆油墨是将传统油墨配方中2050的的矿物油替代为自然环保的大豆油从而使油墨中的VOC含量由原来的3060降低到515因此在环保呼声的推动下大豆油墨必将成为今后胶印印刷用油墨的主流尽管大豆油墨具有很好的环保前景但由于大豆油自身的特点给大豆油墨的开发带来一定的难度其主要的难点在于①大豆油墨的干燥性问题②调整大豆油墨墨性使其接近甚至超过传统油墨大豆油中只有9双键含量较多的亚麻酸而双键含量较少的硬脂酸油酸和亚油酸却占到了近80与其相比传统的亚麻油中亚麻酸含量在52以上亚油酸等双键较少的植物油酸只占了30左右因此大豆油由于含有的较少的可反应双键与空气中的氧气反应相对缓慢使制造出的大豆油墨出现干燥不良会给印刷带来如粘脏附着力差等许多问题也使油墨的可印刷性和印刷效率大大降低同时由于大豆油替代了传统油墨配方中的部分矿物油打破了传统油墨的墨性平衡使大豆油墨在流动性水墨平衡等方面都与传统油墨有一定的差距这就需要通过全新的油墨配方将其重新达到平衡使大豆油墨能在印刷中得到接近传统油墨甚至更好的表现对于油墨来说影响其干燥性的不只是植物油还有树脂矿物油连接料制造工艺等因素也会很大程度上影响油墨的干燥性所以尽管大豆油自身在干燥性方面存在不足但完全可以通过树脂的选择和调整连接料的配方改进连接料制造的工艺以及油墨配方的合理配比来克服大豆油的干燥性问题依据以上思路本文着重针对树脂的选择连接料配方和工艺的调整以及油墨配方的合配比展开研究工作
传统油墨是由颜料包括有色颜料和填充料连结料矿物油助剂等物质组成其中连接料占整个油墨组成的80以上传统连接料的生产制造过程中用到了大量石油系矿物油如苯环芳烃等使油墨中包含大量有毒性挥发物VOCVolatileOrganicChemical无论对生产工人的健康产品使用者的健康自然环境等都将带来严重隐患所谓大豆油油墨是指用大豆油置换油墨中部分石油系矿物油的环保油墨其颜料与树脂成份和普通油墨一样由于大豆油大量的替代了具有挥发型的石油系溶剂而本身又为绿色的天然植物油所以对造成大气污染因素的挥发性有机化合物VOC具有抑制作用同时其化学诱导物为非毒性而极有利印刷业环境与健康安全中的自然降解问题开发环保油墨重点是解决油墨中含VOC物质的替换问题而传统油墨中大部分含VOC的物质又都包含在连接料的生产过程中所以研制新型油墨连接料是解决开发环保油墨的根本大豆油墨是将传统油墨配方中2050的矿物油替代为自然环保的大豆油从而使油墨中的VOC含量由原来的3555降低到515达到环保要求通过一定方法改变大豆油各种理化性质使其与连接料相似或接近从而达到替代目的用替代后的连接料生产出的油墨产品首先在基本墨性指标上需达到传统油墨要求另外需要在环保指标VOC和重金属含量上大幅降低本课题第一阶段深入研究了大豆油的热聚合反应确定了最佳工艺参数加热温度为332加热时间为106min压力为6MPa催化剂添加量为5同时得出因子贡献率为催化剂添加量压力加热温度加热时间本课题第二阶段重点研究油墨配方的筛选和优化最终油墨配方为改性大豆油45松香改性酚醛树脂20溶纤剂39炭黑颜料2275石蜡45其它助剂375总计为999实验误差允许范围内确定最优配方后制得产品对产品进行9项传统油墨质量性能指标测试和两项特色环保指标检测质量性能指标测试结果基本合格环保指标检测结果为环保油墨VOC含量低于100mgg而普通油墨VOC含量仅低于500mgg环保油墨比普通油墨VOC含量降低了40左右本产品铅贡砷铬镉锑硒钡八大重金属平均含量约为65mgkg而普通油墨产品铅贡砷铬镉锑硒钡八大重金属平均含量约为175mgkg本产品重金属含量明显降低
"油墨作为呈色物,是印刷的基本要素之一,必不可少。然而,使用传统溶剂型油墨是导致印刷企业产生大气污染、水污染的主要因素,还可能会因为油墨渗透至产品等状况直接对人体(消费者)健康产生影响。对于印刷从业者而言,传统油墨在使用过程中挥发出VOCs等有害物质,高浓度VOCs会对人体神经系统造成损害。由于传统油墨存在影响人体健康、污染环境等问题,不符合环保要求,所以正逐渐被绿色环保油墨所取代。本文对几种常见环保油墨的特性进行分析后,"
"近年来,印刷业越来越关注绿色、低碳经济的发展。印刷产业虽不是能源多的消费产业,但因为使用能源,所以对地球变暖产生着影响。并且因为大量使用纸张、塑料薄膜等承印物,实质上对于环保的影响也很大。印刷产业使用的电力、燃料和因造原料而产生的二氧化碳,已经被加进环保重点观察对象之列。印刷包装与经济可持续发展、环境保护之间紧密联系、相辅相成、互相促进发展。"
"现在的孩子最不缺的就是玲琅满目的玩具,各式各样,应有尽有。面对家里到处、铺满的玩具,相信很多妈妈都会抓狂。为了让房间恢复整洁,同时也培养孩子的动手能力,是时候入手一个设计合理又美观的玩具收纳柜了!材质环保安全,妈妈更放心B.toys的玩具最让我满意的是他们家所有的包装都是由可回收材料制作,并使用大豆油墨、水性清漆做印刷。我很喜欢B.toys网站上的一句"
"为满足印刷工人和产品使用者的安全,采用天然可食性材质大豆油、壳聚糖、栀子黄、黄原胶、葡萄糖等为原料,保持水油质量比为2∶1,分别将水基、油基、壳聚糖稀酸溶液混合搅拌制得可食性抗菌油墨。在不同质量分数的黄原胶、壳聚糖、栀子黄条件下对油墨进行测定与分析。结果表明,黄原胶与壳聚糖共同影响着油墨的黏度,而黄原胶对油墨黏度影响更为显著;黄原胶对油墨初干性及界面张力起决定性作用,而壳聚糖对其影响则较小;同时,随着壳聚糖用量增加,抗菌效果也不断增强,当壳聚糖的质量分数为0.4%时,对大肠杆菌和金黄色葡萄球菌的抗菌率达91%;当栀子黄色素的质量分数为0.4%时,印品色差相对于标准黄墨最小。因此,该油墨适合食品、药品等纸质包装印刷,具有很好的应用前景。"
"洗澡玩具真的有必要买吗?或许有些宝妈妈会这样问。没错,一开始我也有一样的困惑,而当我一点一点深入探索和感受B.Toys海盗钓鱼船给孩子带来的乐趣时,彻底打消了之前对洗澡玩具的所有犹疑。每一样,都让孩子爱不释手打开包装盒后,呈现在我面前的绝对是豪华配置:钓鱼船、鱼竿、小鱼、水桶、Q萌的船长等,内容超级丰富,配色斑斓艳丽,每一样,都让孩子爱不释手。所有的玩具都采用不含BPA的高级环保安全塑料材质,外表均由大豆油墨及水"
"目的探讨印刷的发展趋势,为绿色印刷的开发和应用提供理论依据。方法综述当前中国绿色印刷的发展状况、重要性,以及绿色印刷在包装和其他方面的应用。同时对印刷的发展前景进行展望。结论随着现代科技的发展,资源消耗不断,环境问题日益显现。人们对健康良好的生活环境给予了高度重视,绿色印刷关系着未来发展的长远利益。为了建立环境友好型社会,绿色印刷必不可少。绿色印刷是当今时代印刷发展的方向。"
"随着经济的发展,人们在改善生产、生活条件的同时,也对产品的包装印刷有了更高的要求,近年来,""环保印刷""、""绿色印刷""已经得到了政府和社会的高度重视,在包装印刷领域,环保油墨的使用比例越来越高,烟酒包装、食品药品包装、化妆品包装、儿童玩具的包装都已经在采用环保油墨进行印刷,环保油墨的应用范围越来越广泛。"
"对聚合大豆油合成工艺进行了优化。考察了环化温度、环化时间对产物的黏度、酸价、色泽等因素的考察,通过正交试验,确定聚合大豆油合成的最佳工艺条件:聚合大豆油环氧化温度80℃,环氧化时间5h,催化剂Li_2O添加2%)进行实验验证,得出聚合油的指标为:黏度26500c P,色泽9,酸价11.15mg KOH/油。产品的外观及色泽均能满足国标要求。"
"众所周知,采用环保的原材料用于油墨的制造,在油墨的生产和印刷过程中几乎不发生污染,对人类生产和生活的环境几乎不构成任何危害。其环保特性主要表现在降低油墨中的有害成分,包括降低芳香烃类、酮类的含量,降低重金属的含量,降低其他对人体有害的成分等;降低油墨在生产和使用过程中对操作人员和环境的危害,改善生产环境;有利于包装废弃物的回收与处理,不出现""二次污染""等情况。"
"近年来越来越严峻的环境压力,促进了全社会环保意识的迅速提高。印刷行业的环保管理也拉满了弓,加满了力,将环保置于管理的首要位置。从环保角度来看印刷环保,印刷业只有采用环保材料减少排放才是主动提升环保强度,适应环保要求的根本性办法。为子孙后代留下青山绿水"",是每一个企业都必须履行的社会责任。近年来越来越严峻的环境压力,特别是来势汹汹的雾霾,促进了"
"在绿色经济的大背景下,越来越多的印刷材料供应商加入到绿色环保阵营中,大豆油墨、免酒精润版液、免处理CTP版材等绿色印刷材料纷纷涌现。免酒精润版液为环保型印刷材料之一,是指用其他无毒化学成分替代润版液中的酒精或异丙醇以及酒精浓度较低(5%或5%以下)的润版液。"
印刷业是我国文化产业的重要组成部分是我国国民经济的重要产业部门伴随着我国经济进入新常态和大经济环境的变化以及同质化竞争严重环保形式严峻各种成本上升中低档生产能力过剩产业结构不合理以及新技术层出不穷印刷业也告别了30多年的快速发展生存压力急剧加大因此如何改革创新走产品差异化发展道路已经成为了摆在印刷企业面前的必然选择基于此本文将以YH印刷公司为例深入研究该公司产品差异化的竞争策略的选择及改进问题具有重要的意义本文采用了理论结合实际的研究方法首先梳理了国内外相关文献找出了现有研究的不足以及本文研究的切入点并对产品差异化竞争策略产品差异化竞争策略等核心概念进行了界定并基于波特五力分析模型PEST分析方法和SWOT分析模型对企业产品差异化竞争策略的分析工具进行了介绍其次运用波特五力分析模型PEST分析方法和SWOT分析模型对YH印刷公司选择产品差异化竞争策略的依据及进入阻止策略的选择进行深入分析并设计了该企业产品差异化竞争策略的具体实施方案具体包括功能差异化质量差异化风格差异化再次对YH印刷公司产品差异化竞争策略的实施措施进行介绍并对实施产品差异化竞争策略的效果进行了评价对实施过程中存在的问题进行查找发现存在的主要问题是产品差异化阻止策略阻止能力不强设备数字化程度不够差异化产品缺乏核心竞争力导致这些问题的原因主要是资金设备投入力度不足产品容易被模仿客户服务不足最后针对上述问题的原因分析提出了进一步改进YH印刷公司产品差异化竞争策略的措施及保障即改进措施主要是引进更新新型设备以提高印刷产品数字化水平加大投资去生产绿色环保印刷制品优化产品营销渠道以强化企业服务能力等基础保障工作主要是精准定位降低成本争取资金引进人才等本文的创新之处是选择同质化竞争激烈的印刷行业为研究对象从实际案例出发运用理论与实证相结合的方法对YH印刷公司实行产品差异化进入阻止策略进行分析论证并通过市场反馈对结论加以完善
近年来由于灰尘二氧化硫氮氧化合物等有机碳氢化合物等大量粒子悬在空气中使天空灰暗能见度在有些地区仅有几十米目前这种大气污染已经十分恶劣这种自然环境的恶劣情况已经受到国内和国际的极大关注卡欣油墨公司属于化工油墨行业主营金银等传统溶剂型油墨传统溶剂型油墨由于特有的化学性质对环境造成一定的污染这些传统型油墨中的溶剂挥发造成对大气的污染这种由油墨引发的污染引起了行业的广泛关注为了减少油墨对大气的污染卡欣油墨公司最近新推出绿色环保的水性金墨银墨这种新产品属于绿色环保产品需要新的绿色环保营销新思路进行推广和销售本文以卡欣油墨公司实施绿色营销为案例背景收集大量资料深入分析行业现状为我国的油墨行业引入绿色营销策略减少对大气的污染保护环境论文首先对绿色营销理论及相关理论进行学习研究和总结其次介绍行业情况介绍卡欣油墨公司实际经营状态以绿色营销为指导思想和理论基础对卡欣油墨公司的绿色营销策略加以研究采用问卷调查深度访谈等分析方法分析卡欣油墨公司绿色营销中发生的三大主要问题找出这三大问题产生的根源并针对这些主要问题提出合理的策略建议本文在绿色化的大框架下进行印刷油墨研发销售整个过程的绿色营销战略研究相信绿色营销的推广实施一定会减少对大气的污染一定会减少对人体健康的危害
大自然为人类的创作活动提供了极其丰富的灵感和资源而模仿自然的包装不仅避免了以往大机器化生产带来的冷漠与千篇一律更能满足人类向往自然的本性其中囊括了空间视觉设计要素的造形可谓是包装设计的重中之重然而想要利用好仿生的手法设计出有特色有内涵的包装造形还是要从设计的本质出发要对人与自然人与社会的关系进行更深层次的思考重新审视璀璨的中华文明会发现源远流长的道家思想为我们提供了丰富的思想源泉庄子内篇中的齐物论是道家文化中的精髓万物齐一的思想则是齐物论的核心庄子通过万物齐一的思想为人自然社会三者的相处指明了一条和谐发展的道路本文从设计师的视角重新审视庄子内篇齐物论中万物齐一的思想提炼出齐物我齐是非齐生死齐贵贱这四个核心思想本文重点研究和探索万物齐一思想在仿生包装造形设计上的运用分别从仿生包装造形的设计方法设计思维和设计理念这三个方面进行阐述在仿生包装造形的设计方法上齐是非的思想指导我们要秉承道法自然的方法遵循规律进行设计在仿生包装造形的设计思维上齐生死的思想指导我们要遵循辩证的思维注重造形形式之间的转换在仿生包装造形的设计理念上齐贵贱的思想指导我们要秉承人文关怀的理念提倡分众化设计齐物我的思想指导我们要秉承天人合一的理念提倡绿色环保设计本文运用了文献研究法跨学科交叉研究法个案分析法进行研究力求探索中国文化背景下独有的仿生包装设计方法思维与理念以此解决国内市场上仿生包装造形设计遇到的相关问题提升国内仿生包装造形的设计水平有效的发挥传统文化在当今社会中的价值也为以往缺乏系统性和专题性的仿生包装造形研究做出自己的贡献
随着智能移动设备和无线宽带网络的飞速发展诞生于飞机制造领域的增强现实AugmentedReality简称AR技术逐渐应用于图书出版领域并展现出了传统书籍所不能比拟的优势尤其是在儿童科普读物中的应用优势明显目前我国已有部分出版单位涉足增强现实类儿童科普读物的开发出版并取得了一定成效但从总体上看我国增强现实类儿童科普读物的出版发展不容乐观一方面我国目前很多出版商选择去做增强现实类儿童科普读物都只是盲目跟风很大程度上是把它作为一种营销宣传手段对图书的编写制作还处于模仿阶段同质化严重质量低下另一方面受技术瓶颈限制我国增强现实类儿童科普读物的读者体验效果有所欠佳此外我国增强现实类儿童科普读物的出版还未形成规模效应市场影响力微弱普及程度非常低因此为解决我国增强现实类儿童科普读物在开发出版过程中存在的问题实现其更大的经济价值和社会价值相关出版单位应有针对性地实施出版策略图书质量方面要注重纸质书的内容创作与装帧设计实现虚拟内容创意性与实用性的结合提高编辑出版技术水平读者体验方面可营造多感官的阅读体验完善交互性设计图书营销方面可提供免费试读吸引读者借助明星效应扩大影响力以及应用场景营销引爆消费
低碳设计是生态环保科学合理的设计它由绿色设计发展而来却又区别于绿色设计是绿色设计的升华如今低碳已经和人们生产生活的方方面面密不可分低碳理念成为各行各业的指导思想将其融入到视觉传达设计之中是设计行业的必然选择低碳设计是低碳理念对现代设计深刻影响的体现对人们生产生活和思维观念都将产生积极的推动作用视觉传达设计的设计观念在低碳理念的指导下由一切为人服务的以人为本自觉向以自然为本转变高调低碳从此成为时代发展的方针本论文的研究从低碳设计的起因和对低碳设计理念的阐述展开结合低碳设计的多个特征进行探讨研究低碳时代的视觉传达设计所包含的新范围及内容对视觉传达低碳设计方法进行探究从设计理念设计语言设计形态设计材料制作工艺五个方面具体分析从低碳包装设计低碳新媒体设计和低碳平面设计三个方面的实践对视觉传达设计中的低碳设计进行分析研究低碳设计是现代设计的潮流趋势视觉传达设计中的低碳设计研究将其作为研究主题融入实例把低碳设计的由来内涵及其特点进行了具体的探析概括归纳了低碳时代的视觉传达所包含的设计内容和设计依托的传统媒介及新型媒介并对低碳设计的相关知识进行梳理分析探究具体实践到视觉设计之中的理论和方法从视觉传达设计的角度出发将低碳设计贯穿始终并把生态理念设计方法具体实践等相关知识有组织的融入到本论文研究之中为促进视觉设计的低碳可持续发展提供帮助与参考
"绿色化发展是新世纪包装印刷的必由之路。着重研究了大力发展新型环保油墨,利用环保技术处理废气、废物,积极发展回收再生工艺,走循环经济发展模式,推行ISO14000环境认证;制定严格的环卫标准4个方面绿色化发展对策。最后指出了包装印刷的绿色化是一个系统工程,在如何全面发展我国包装印刷的绿色化等方面还有待于进一步探讨。"
"近年来,我国油墨行业得到了飞速发展,油墨废水的排放量也相应地急剧增加,废水一旦进入水体,会对水环境造成严重的污染,严重威胁着人类的生产生活和自然界的生态平衡,对油墨废水的处理必不可少。简单介绍了油墨的种类和油墨废水的成分,综述了近年来国内外关于油墨废水处理技术的研究现状,并展望了未来发展方向。"
"印刷与人类的生活密不可分,绿色印刷对绿色生活的保障具有重要的作用。本文在分析和探讨印刷行业面临的主要污染问题和能耗问题的基础上,试图找到相对应的解决思路和办法,从印刷制造绿色标准化之路来降低环境污染,保护我们生存的环境。"
现代科学技术的革新既给社会生产力带来了突飞猛进的发展为人类创造了巨大的物质财富又对生态环境造成了前所未有的破坏一场绿色革命浪潮正在席卷全球将绿色设计理念运用于食品包装设计中是顺应世界绿色文明发展的趋势将对人类及其居住环境起到重要作用本文以绿色设计理念为引线了解认知运用绿色包装设计的理念对食品包装的材料结构以及视觉元素进行适度健康可回收的绿色效能研究以绿色设计理念为指导的绿色食品包装主要是探究包装的可持续性即保护生态环境的效率提高包装生态环境的协调性减轻包装对环境产生的负荷与冲击力具体地说就是节省材料减少废弃物节省资源和能源易于回收利用和再循环包装材料能自行分解不污染环境不造成公害食品包装可持续性的意义主要在于加强对包装生产的管理和包装废弃物的回收处理目前世界公认包装的三种作用变得越来越明显即包装在经济发展中的中心性包装的环境保护责任性和致力于改善人类生存条件的技术创新性绿色包装的目标就是要以保存最大限度的自然资源形成最小数量的废弃物和最低限度的环境污染本文在探究绿色理念的过程中深刻感受到绿色包装设计已经不仅仅是一句时髦的口号而是切切实实关系到每一个人切身利益的事情当今世界各国进入市场的商品中已经有众多利用高科技手段完成的绿色包装设计成果出现如无菌纸盒包装可降解塑料包装可食用包装材料有机生物包装材料等食品包装设计由豪华向节俭由污染向环保着眼于人与自然的生态平衡关系还地球一个绿色的空间这已成为必然的发展趋势
基于目前资源浪费和环境污染严重的情况节能环保性低碳等口号被相继提出作为艺术设计专业的学生我根据自己的专业通过调查分析资料查询文献阅读和资料整理确立了纸质食品包装的研究方向本文主要以纸质食品包装为研究对象从装潢设计结构设计和印刷等方面提出了纸质食品包装在设计应用过程中应当注意的几个方面并从以上三个方面提出了几点有利于节能环保的设计建议从设计的理念和新材料的应用两方面预测了未来纸质食品包装设计的发展趋势节能环保的食品包装设计是未来社会发展的必然趋势也符合时代发展的要求食品在日常生活中与人接触密切且应用广泛食品包装造成的垃圾污染问题不容忽视食品安全更是关系到人类健康的重要问题不管是从环境的角度还是人类健康的角度节能环保的食品包装设计都非常必要
20世纪末到如今人类所赖以生存的自然社会以及人类本身的发展都面临了前所未有的挑战为了迎接和克服这些挑战人们开始寻找一种建立在环境和自然资源可承受基础上的长期发展模式可持续性设计就是其中之一可持续设计在不同的国家有不同的认识和战略措施不仅在发达国家得以广泛地应用在发展中国家也正在得到不断提升的重视本文以可持续设计的理论为基础分析了可持续设计的概念及其发展脉络意义和内涵从可持续设计的视角通过对中国食品包装所存在的安全性过度消耗资源能源回收率低等问题的分析提出了包装材料的选择包装设计的策略包装废弃物的回收包装企业的管理这四个方面的设计途径本文分为七个部分第一部分为绪论介绍选题的背景及意义总结归纳了食品包装的相关概念及其评价体系以及中国食品包装设计中存在的可持续问题第二部分针对存在的可持续问题提出了选择安全环境友好型包装材料的方法第三部分为可持续包装设计过程提供减量化设计一体化设计重用设计耐用设计拆卸设计等多种切实可行的设计策略第四部分介绍了如何推进材料的回收污染的减少和资源能源的节约第五部分探讨了企业如何从宏观的角度掌握资源能源的分配从而达到企业整体的可持续性转变第六部分从系统化的角度以可口可乐公司在可持续发展道路上所采取的全面性方案与措施为例为中国的企业提供可参考的资料
本文以中国印刷产业绿色化发展为背景主要探讨如何实现中国绿色印刷产业发展战略文章以什么是绿为什么绿能不能绿绿到了什么程度存在哪些问题怎样绿的更好为主线研究内容共分为6个部分从第2部分开始依次回答主线当中的五个问题第2部分基本概念与基本理论通过介绍绿色印刷印刷产业链绿色印刷产业和绿色印刷产业链这些主要概念来回答什么事绿第3部分中国印刷产业绿色化发展动因与可行性分析基于印刷产业链的上中下游各个环节进行分析进而提出发展绿色印刷的必要性从国家行业协会以及企业自身三个层次出发分析发展绿色印刷的能动因素以及可行性主要回答了为什么绿能不能绿第4部分国内外印刷业绿色化发展情况分析主要对国内外开展绿色印刷的情况进行分析对比国内外的绿色印刷发展的各个方面主要回答了绿到了什么程度第5部分中国绿色印刷产业发展存在问题分析通过国内外比较以及中国印刷产业的实际情况列出存在的问题寻找原因主要回答了存在哪些问题第6部分推进中国绿色印刷产业发展的战略举措针对主要问题进行战略规划提出战略执行思路主要回答了怎样绿的更好在研究方法方面主要运用实证调研和规范分析相结合定性研究与定量研究兼顾采用比较逻辑分析等战略管理方法统摄全过程研究具体研究方法主要有文献资料分析法实证调研法重点访谈法模型分析法量化分析法等
随着经济全球化时代的到来全球制造业市场竞争加剧制造企业之间的竞争已转化为供应链之间的竞争同时环境污染的日益严重资源的日益紧缺和公众环保意识的日趋提高使得制造企业开始重视环境保护制造业掀起了一股绿色浪潮在此环境下国内外学者和企业开始对可持续发展和环境管理模式进行再认识和再思考将二者融入供应链管理之中开展了绿色供应链管理的理论研究和实践面对新的形势作为我国的传统制造企业白酒制造企业只有加快绿色供应链管理的研究和实践才能适应市场需求赢得市场竞争优势实现企业的可持续发展本文正是基本上述背景选取白酒行业的代表性企业M公司为研究对象就其如何实施绿色供应链管理展开研究首先分析M公司供应链管理的现状总结并提出存在的问题其次基于供应链利益相关者的影响提出M公司实施绿色供应链的必要性并从优势条件和实施意义两个方面分析M公司实施绿色供应链管理的优越性再次在此基础上提出M公司绿色供应链管理的实施方案明确实施原则实施步骤和实施方法并据此构建M公司绿色供应链管理的功能模型和组织模型为其实施提供直观有效的指导最后从绿色采购绿色设计绿色制造绿色物流绿色销售和绿色回收六个环节对实施内容进行重点阐述
工业经济的飞速发展所带来的日益严重的环境问题使全世界将话题转向了绿色设计跨国企业要想发展全球化的贸易成为同类行业中永远的领军者也必须正确面对绿色设计在包装领域绿色包装设计已经成为了必然的发展趋势本文即是在这样的全球绿色浪潮的背景中在跨国企业品牌专业超市的环境下通过理论的研究案例的分析和实践的结合针对绿色包装设计进行研究与探索本文从品牌专业超市的产生背景及其特点出发结合绿色包装设计的一般原则提出了建立于跨国企业全球供应链上的绿色包装设计理念即兼顾绿色环境绿色经济和绿色人文三方面的绿色包装设计随之笔者通过对相关人群的行为观察与分析总结品牌专业超市对包装设计的具体要求并应用之前提出的绿色包装设计理念来指导研究品牌专业超市环境中的绿色包装设计的方法包括降低包装成本优化包装结构选用绿色材料延续包装功能及包装装潢的人文化设计等此外笔者还通过自身在迪卡侬集团总部的实习经历结合大量的实际案例并采集真实数据来论证绿色包装设计方法的正确性在品牌专业超市中实施的可行性及其在经济效益和社会贡献上的意义最后笔者通过引入跨国企业的创新设计流程来实践品牌专业超市环境中的绿色包装设计中国在飞速发展中国的企业也一定会走向世界建立自己的国际品牌绿色包装是包装设计必然的发展趋势不仅对环境具有积极影响也为企业发展带来获益而科学的创新流程则是企业发展的核心动力希望本文建立于跨国企业全球供应链的绿色包装设计及其创新流程能为中国企业国际化绿色化的创新设计之路提供借鉴意义
绿色包装设计作为一种新的设计思想与方法已经引起了世界各国的广泛认可和重视同时带动了绿色包装产品循环周期内各个阶段对自然环境的关注形成了以绿色包装产品设计为龙头的绿色包装工程我国于1998年颁布了包装资源回收利用暂行管理办法规定了废弃物的处理专家呼吁要尽快建立和完善资源回收利用法对实现我国的可持续发展战略具有重要意义不能忘记在宇宙的整体环境中地球是被大气层包装着的这是个十分有意义的包装中国是发展中的大国但资源人均占有率还很低环境保护任重道远因此绿色环保包装设计作为一个策略提出来是十分必要和迫切的它将促使我国艺术设计和包装产业更好更快地向人性化生存方向发展改善生态环境已成为人们的共识在食品药品包装的设计和商品流通领域中如何推行绿色低碳环保的包装是改善生态环境的重要课题之一现在已经有很多公司开始研制开发对人的健康环境保护有益的包装材料和生产工艺在设计阶段对包装产品的要求进行充分的市场调研和技术分析如产品在生产使用废弃回收再生产过程中对人的健康损害范围程度对污染源采取控制和消除的设计措施等包装材料是设计的物流媒体尤其是生活用品包装诸如食品服装领域内使用的包装材料同人接触的部分及使用方式中的粉尘附着物残留的化学物以及气体的弥散对人的健康影响很难测定并作危情防范但设计师的环保意识促使其在设计阶段选择的材料要具有无毒性无污染可回收利用可降解合理地设计包装结构从功能耗材及印刷工艺上使包装产品实现最大限度的减量化避免包装结构层次体积的繁复叠加出现过度包装浮夸包装现象以无功用玄奥的装置误导消费者绿色包装设计将致力于环境保护策略的实施建立新的方法和设计理念来规范包装产品在其循环周期内每一个阶段对环境产生的负面影响包装设计人员应该尽量采用绿色的包装材料来设计包装盒这样可以减少包装丢弃之后对周围环境产生的污染包装要减量在外国超市是建议消费者使用尼龙购物袋少用一次性塑料袋在包装中使用的材料尽量减少尽可能消除不必要的包装提倡简朴包装以节省资源包装材料要单一采用的材料尽量单纯不要混入异种材料以便于回收利用包装设计可以拆卸需要复合材料结构形式的包装应设计成可拆卸式结构有利于拆卸后回收利用重视包装材料的再利用采用可回收复用和再循环使用的包装提高包装物的生命周期从而减少包装废弃物在科学技术不断发展的今天研究用于包装的更为绿色低碳环保材料依然成为一个主要课题现代新型包装材料的生产加工已经形成了一个新的工业门类绿色包装材料已经在原有的纸材木材草编竹藤等基础上对其用新技术再次深度加工使之形成既具有原始材料包装的很多特点又具有比那些不环保的化学合成材料更抗压防水防潮防腐以及自身轻便性可循环使用性规模化生产的可行性等诸多优点更重要的是它的经济性和绿色低碳环保国际上食品药品的包装也在采用绿色环保材料盛行的包装以高阻隔塑料包装为主在一些发达的国家里无论是超级市场还是商场大多以高阻隔塑料包装为主除了PEPETPAEVOH的复合材料外PVDC具有优秀的耐油性保味性防潮性及防霉性等机能2004年以来PVDC的涂抹技术的兴起为高阻隔软包装膜带来新的进展在欧洲和美国软包装的粘合剂已经逐渐的转向水性或者无溶解性产品而醇溶油墨取代甲苯油墨也在欧美日本甚至韩国成为主要的趋势我国有关国家标准对过度包装提出了相应要求国家标准限制商品过度包装要求食品和化妆品2010年4月1日起颁布实施但效果并不明显目前仍就对乳制品食用油调味品及休闲食品等各类日常食品包装缺乏一定的标准指引有的食品医药企业私自加大包装盒尺寸增强视觉效果对资源环境造成负面影响同时也增加了包装成本还加重了消费者的负担这突出表现在保健品包装上我国通过行政手段应对白色污染限制薄膜塑料袋的广泛使用商场超市蔬菜市场纷纷响应推广使用可降解塑料薄膜在一定程度上抑制了白色污染
本文利用抽样调查和数理统计的原理深入分析了无水胶印油墨的印刷适性参数如油墨的比重粘度细度等为解决无水胶印油墨在印刷中出现的一些故障提供了相关的理论依据该理论与实际结合通过制作测试条在标准的印刷条件下进行印刷对无水胶印的印刷质量和油墨的印刷适性参数如实地密度相对反差网点扩大油墨的色强度色效率饱和度等相关参数进行测定得到了有参考价值的参数对生产实践有很大的指导意义从而为在我国推广普及无水胶印提供了合理的依据
本课题主要研究在低碳环保理念指导下食品包装该如何进行设计实践如何通过设计实践来改善食品包装垃圾对环境造成的损害当代社会由于人们不健康的消费理念导致食品包装废弃物越发繁多许多食品包装废弃物无法回收处理再利用堆积如山的包装废弃物被焚烧或填埋焚烧产生的废气对大气产生污染空气中的悬浮颗粒对人体健康造成很大危害现在很多地区的大气环境质量都超过了PM25的指数标准作为当今的包装设计师在为人而设计的同时更应该为保护环境而设计通过包装设计将低碳环保理念付诸实践我们国家现在也在大力推广低碳环保理念并将其践行到经济发展中中国将把推动发展的着力点转到提高质量和效益上来下大力气推进绿色发展循环发展低碳发展国家主席在博鳌亚洲论坛2013年年会中提到国家总理在2015年十二届全国人民代表大会第三次会议开幕式上做的政府工作报告的指示加快转变经济发展的同时实现有质量有效益可持续的发展推动绿色消费国家大力提倡低碳环保来应对越来越严重的自然环境危机在环境污染越来越严重自然资源越来越匮乏全球气候不断变暖的今天低碳环保不仅仅是一个口号而是每一个人在践行的承诺本课题主要研究与人息息相关的食品包装并对低碳环保理念如何运用于食品包装设计做了分析研究首先对当前的食品包装设计进行了调研分析现在的食品包装在材料方面使用多是纸塑料金属玻璃以及特殊材料等这些包装材料在可降解可再生低能耗少污染方面并不能尽善尽美包装印刷方面使用的颜料溶剂黏合剂存在安全卫生方面的隐患容器结构与造型方面一味追求包装效果设计出很多结构复杂浪费材料的包装设计方案浪费了大量自然资源在装潢设计方面有些食品包装色彩繁复图形偏离主题广告语运用不当绿色标识混淆影响包装废弃物的回收与再利用本研究在包装设计实践中将低碳环保理念的原则注入到食品包装设计中从包装选材印刷容器结构到装潢设计一一进行分析设计出人性化科学化环保化的食品包装不仅通过低碳环保理念指导设计实践还通过设计作品传播低碳环保的理念使得低碳环保理念深入人心实现共赢低碳环保设计先行我们的生活是有设计构成生存空间的所有东西都是设计构成低碳环保理念相融入到每个人的意识里就要首先融入到生活中潜移默化的影响每个人融入到生活中的方式就是将低碳环保理念注入到设计中低碳环保是指每个人在生活中将碳排放量控制到最低因此需要每个人的努力低碳环保理念的最大效益是实现人类与环境的和谐发展未来低碳环保是世界的主流低碳环保食品包装将是包装领域的佼佼者低碳包装将会引领包装领域的新潮流
大豆油墨采用大豆油替代了传统油墨中的石油溶剂使VOC有机挥发物含量从3060降低到15以下大大减少了对环境的污染且利于人身健康具有很好的理论研究意义和应用价值由于大豆油属半干性油用大豆油替代传统油墨中的石油溶剂时存在油墨干性差水墨平衡难控制等问题本文从树脂的选择连结料配方和工艺的调整以及油墨配方的调整等方面展开大豆油胶印油墨的研究工作重点分析了研制的大豆油胶印油墨的印刷适性得到了符合印刷要求的大豆油胶印油墨主要研究内容和结果如下1进行了大豆油胶印油墨连结料的研制解决大豆油干性慢的缺点2通过对干性及印刷适性等的实验确定了四色油墨的配方克服了大豆油油墨干燥固着较慢等印刷适性问题研制成功了具有良好的水墨平衡性上机稳定性的大豆油胶印油墨3本油墨不含石油溶剂VOC含量小于2重金属含量小于2mgkg远远低于相关标准大豆油含量超过油墨组分含量的30符合美国大豆油协会的认证标准4对研制的大豆油胶印油墨耐有机溶剂耐酸耐碱等各种物化指标进行测试分析结果显示其物化指标优越
印刷产业对环保型印刷油墨的呼声越来越高引起了油墨制造者的密切关注随着全球环境问题的不断恶化环保法规也愈加严格令人瞩目的大豆油胶印油墨具有环保意义的产品正以高速发展的态势进入印刷材料市场大豆油胶印油墨以有利于环境保护及快固着高光泽印刷适性好印刷品质量高的优势逐步成为胶印领域的首选油墨尽管大豆油墨具有很好的环保前景但由于大豆油自身的特点给大豆油墨的开发带来一定的难度其主要的难点在于大豆油墨的干燥性问题大豆油碘值只有120141mgIg含有的较少的可反应双键与空气中的氧气反应相对缓慢制造出的油墨干燥不良给印刷带来如粘脏附着力差等许多问题也使油墨的可印刷性和印刷效率大大降低同时由于大豆油替代了传统油墨配方中的部分矿物油使得油墨的干性方式发生了根本性的改变传统油墨的渗透挥发氧化结膜的干燥方式在大豆油油墨中已经不再适用这就需要通过设计全新的油墨干燥体系使大豆油墨能在印刷中得到接近传统油墨甚至更好的表现基于以上考虑本论文着重针对连结料的材料选择连结料的配方连结料干燥体系等方面展开工作分析油墨干燥原理根据大豆油墨的定义大豆油墨与传统油墨的差异制订大豆油墨设计思路研究油墨连结料设计方案设计自主知识产权的连结料体系适用于各种胶印油墨筛选原材料对树脂大豆油凝胶剂干性调节剂干燥剂颜料等进行考察分析选用合适材料形成大豆油连结料制造工艺形成大豆油墨配方制成大豆油胶印油墨进行大豆油墨试印通过试印验证了该套连结料体系的干燥性能和印刷性能该连接料制成的大豆油胶印油墨中大豆油含量达到美国大豆产业协会关于大豆油墨的标准环保指标达到相关标准可以替代现有胶印传统油墨
可食性油墨是一种新型环保油墨它可直接印刷于食品药品等可食性基材表面无毒可食本文通过大量的资料查阅与分析确定可食性油墨的基本组成成分对可食性油墨的组成材料进行合理的选择通过大量的实验研制出可食性油墨并对该油墨的流变学及其他相关性能进行研究与分析研究结果表明以水色素黄原胶蔗糖大豆油为原料的可食性油墨体系性能稳定具有较好的粘度长时间存放油墨不分层该体系油墨黄原胶含量控制在体系总重的00505之间当黄原胶含量低于油墨总重的005时油墨不能很好的乳化当黄原胶含量高于油墨总重的05时油墨成为胶状体没有了流动性制备的油墨呈现非牛顿流体的特性其粘度随着剪切力增加而减小对制备油墨的触变性研究显示油墨呈现出很好的触变性触变环随着作用力时间和剪切速率的增加而改变另外该体系油墨具有较好的显色性对pH值变化十分稳定且当大豆油含量为油墨质量总重的33左右时蔗糖含量为28左右时成功实现了油墨在食品表面的印刷
"本文介绍了食品包装印刷的主要方式,着重阐述了适于食品包装印刷的一些环保型油墨及食品包装印刷领域一些新的绿色印刷技术,并从安全卫生的角度概括了印刷中需要注意的一些问题。"
" 80年代以来,环境问题已逐渐成为人们日益关注的课题。在印刷行业中,以石油为基础的石油基油墨,由于每年挥发性有机化合物的数量达数百万磅,造成严重的环境污染,早在数年之前就引起了争沦。为此,油墨生产者已开始不断研究“洁净油料”来代替石油。同时,波斯湾地区的危机和随即而产生的石油价格上涨,也给印刷油墨制造者提出了新的课题。即为石油基油墨寻找代用品。在这种压力下,豆油基油墨应运而生,而且已越来越多地得到社会的承认。"
"在全球已达成发展低碳经济共识之际,我国政府在哥本哈根会议上正式宣布,到2020年,单位国内生产总值二氧化碳排放将比2005年下降40%～45%。而出版业作为一个资源和能源消耗密集型产业,其经济发展模式必然面临由""高碳""向""低碳""的转型。同时,塑造绿色的出版产业也是提升我国公民环保意识、实现环境教育的重要途径。事实上,我国低碳出版的概念早已经开始践行:从最初号召全民读旧书、借书读、换书读等一系列""环保阅读""活动开始,至2008年,弘文馆出版的少儿环保读物《阿米》,就直接以""中国第一本由100%再生纸印刷的环保图书""为宣传卖点;张抗抗、杨红樱、李银河、冯永峰等作者签署了《作家爱森林宣言》,成为支持绿色出版的成员。2010年,""环保""成为与""孔子、上海、中国当代艺术""并列的年度英语出版界四大中国主题。然而,中国出版业开始步入绿色出版时代的道路仍然不清晰,绿色出版的概念并未普及,在""绿色""转型的面前,尚有不少问题和困惑。为此,我刊特邀已践行在绿色出版一线的出版发行集团、民营书业代表、媒介观察员与相关学者,同我们共同探讨绿色出版可能面临的问题以及我们应如何顺应潮流,切实有所作为。"
"什么是大豆油墨印刷油墨的原料主要由树脂、颜料、溶剂组成。使用石油系溶剂的现有的油墨含有对人体颇为有害的芳香族化合物成份,并且还可能产生挥发性有机化合物—ＶＯＣ。作为其替代品的需求近年来不断增加。其替代品分两类,即芬香族成份小于"
"包装伴随商品流通的产生而出现,是商品不可或缺的附属品,有力地见证了现代社会的""抛弃型""文化。从这种文化中不难发现,大部分光鲜靓丽的包装背后,存在着一系列垃圾废弃、资源浪费和生态污染的问题。随着环境的不断恶化,过度包装逐渐成为社会焦点,""绿色思维""开始被有责任心的设计师重视。本文对过度包装的危害进行了分析,从源头遏制过度包装,提出可持续发展的绿色包装设计原则、改进方法和发展趋势,将包装设计的终极价值上升到与生态环境息息相关的层面,指出发展绿色包装是实现可持续发展的必由之路。"
当前包装印刷公司步入了低利润水平时期为了在残酷的竞争中得以生存包装印刷公司持续对油墨生产公司压低价格因为油墨领域准入门槛不高我国市场上已有三百多家油墨生产单位受到产品特征类似的影响公司间的价格竞争逐渐升级太原DIC油墨是一家以生产包装印刷油墨为重要业务的公司在原材料提供企业印刷公司对手油墨生产公司三方的价格竞争下其收益水平与市场占有份额不断下降已经威胁到了公司的生存与发展怎样快速脱离当前困境已是企业亟待解决的问题本文对太原DIC油墨有限公司所处的外部环境与内部环境进行了剖析分析了企业自身存在的实际问题和所面临的机遇与挑战为企业重新制定了成本领先战略且以此战略为引导重塑了企业的经营理念及价值链第一是提升运营能力降低运营成本具体包括开辟蓝海产品实行精细化生产管理实行全面质量生产管理第二是进行技术创新与设备改造降低生产成本第三是建立VMI销售模式降低销售成本第四是加强客户技术服务降低服务成本具体包括组织客户加强专业知识学习建立为客户培训技术人员的机制论文进一步提出了太原DIC公司竞争战略实施的保障措施第一是重新构建有利于降低成本的采购组织第二是利用ABC分析法挖掘新的利润源第三是采取降低人力资源成本的管理模式规范公司的预算管理控制费用成本不断优化公司的绩效管理和薪酬机制调整组织模式确保岗位和人才的相符性严格控制人员编制提高招聘质量提升员工的忠诚度减少离职成本第四是提升信息化水平降低行政成本不断提升信息化应用水准强化商业智能和决策支持系统的建设高度重视对信息化人才的培养为信息化人才培训提供保障新的企业竞争战略及实施保障将以新视觉新思路来解决企业当前面对的难题提高公司的竞争能力与盈利能力引领企业走上长足发展的道路
甘肃省幅员辽阔其独特的地理环境和不同的民族文化形成了种类多样独具特色的土特产然而甘肃省土特产企业及包装设计行业对土特产包装的绿色化设计不够重视设计中缺乏低碳理念缺失地方特色和品牌文化甚至一些包装仍在使用禁用或限用的材料这不仅造成了环境污染和资源浪费也给甘肃省生态环境的可持续发展带来了负面影响由此引起了人们对土特产包装的绿色化设计的普遍关注低碳设计理念的提出为我们找到了一个有效的解决方法低碳设计理念不仅引导人们健康生活也为包装设计指明了新方向因此甘肃省土特产包装设计应以低碳设计理念为主旨从包装的源头出发充分利用绿色包装材料和再生资源来减少碳排放量保持生态平衡实现可持续发展本文首先阐述了国内外土特产包装设计的研究现状分析了低碳设计理念及其影响其次通过调研比较分析和举例论证等研究方法总结了甘肃省土特产包装设计的现状最后在低碳设计理念下提出了甘肃省土特产包装设计的总体思路与构想指出土特产包装设计中应渗入品牌理念凸显地域文化优选绿色包装材料优化包装的形态与结构通过绿色化的印刷工艺来实现甘肃土特产包装的低碳化设计形式企图通过系统分析得出低碳设计理念在土特产包装设计中的重要性找到土特产包装低碳化的设计方法以此改变甘肃省土特产包装的设计现状
随着可持续发展观念在全世界范围被广泛接受环境保护在经济活动中越来越受到重视绿色营销是市场营销和环境保护相结合的产物它在传统市场营销的基础上增加了环保意识强调企业要承担高度的道德责任和社会责任它体现了对发展经济的终极目标的追问是经济发展中人文价值的回归企业实施绿色营销是顺应可持续发展的全球性潮流满足绿色消费需求的必然选择印刷油墨与我们的生活息息相关它给我们带来了浩瀚的知识海洋给我们带来了色彩缤纷的多彩世界但同时也给我们和给我们生存的环境带来各种污染在人们生态意识日益强烈的今天人们呼唤绿色的油墨绿色的印刷本文介绍了绿色营销理论的形成与发展对绿色营销的内涵及其产生的动因进行了分析并就绿色营销与传统营销进行了比较根据相关的理论及原理文章对我国油墨企业的营销现状和企业所面临的机遇和挑战进行了分析SWOT析指出绿色营销战略是我国油墨企业的必然选择本文对我国油墨企业实施绿色营销战略的相关策略进行了阐述同时对我国绿色油墨市场进行博弈分析最后提出了企业消费者政府应如何发展和支持绿色营销的对策
"采用热聚合反应使大豆油改性,以黏度为考察指标,通过响应面分析方法确定最佳热聚合工艺参数为:反应温度332℃,反应时间106 min,反应压力6 MPa,催化剂添加量5%。经过验证与对比实验可知,在最优热聚合工艺条件下产物黏度可达到107 mPa.s左右,与传统油墨连接料黏度110~120 mPa.s比较接近,基本符合环保大豆油墨连接料中对黏度指标的要求。"
"采用大豆油衍生物大豆油甲酯为溶剂,制备环保型大豆油墨,并与矿物油溶剂制备油墨的性能进行比较。试验结果表明:大豆油墨的总体性能与矿物油油墨相当,而在黏性、稳定性和光泽方面,大豆油墨更优于矿物油油墨。"
"本文介绍了国内外绿色环保油墨标准的现状,分析了我国绿色环保油墨标准存在的问题,提出了建议。"
"近年来由于油墨中残留有害物质的迁移导致食品被污染而引发的中毒事件频频发生,如甘肃定西薯片包装袋苯超标事件、兰州毒奶粉袋事件、多地区烧饼包装袋油墨污染事件等,更加引起了人们对环保油墨的关注。而环保油墨标准是环保油墨发展的重要基石,是促进环保油墨发展的重要手段。发达国家利用其先进的技术,制定了一系列的环"
"基于印刷油墨生命周期环境影响分析,指出环保油墨的研发关键,即控制挥发性有机化合物排放量、芳香烃溶剂挥发量和重金属含量。对国内外印刷油墨的环保标准进行了对比,进而提出我国环保油墨技术标准需要完善之处。在此基础上,对环保油墨的技术研发进行了展望,阐明了环保油墨目前研究热点问题及未来的研发走向。"
"近日,Smithers Pira公司发布了其关于全球环保油墨市场的最新调查报告《环保油墨的未来——2014年市场预测》。报告显示,印刷业正在努力向可持续发展产业转型,环保油墨市场潜力非常可观。预计到2014年,全球环保油墨市场规模有望达到72亿美元,年均复合增长率将达到4.5%。Smithers Pira公司认为,随着环保法规的建立健全,市场对环保油墨的需求将日益增长。"
"目前,伴随着全球环保趋势的快速发展,各国油墨制造业面临着如何开发和制造无毒、无污染绿色产品的压力和可持续发展的严峻挑战。环境保护问题已经受到全球印刷业的关注,而油墨产品与环境保护紧密相关,已成为人们关注的焦点,本文主要从以下3个方面进行阐述。"
"洋紫荆油墨推出的825/P高级无卤不烧面多环芳烃管控塑胶环保油墨,适合聚苯乙烯(PS)和丙烯晴(ABS)等塑料制品的网印、移印。具有亮光,不烧面的优点(即使印SAM材料,也不会出现爆裂现象);颜色鲜艳,遮盖力强,颜料的耐晒性能突出;环保方面符合卤素和PAHS第二类要求;能耐受模塑成型、深度冲压,印件可作长时间陈列;所采用的树脂具有韧性、回弹力和耐磨损等特点。对于一般的化妆品,除了含有酒精或精油类外,该系列油墨均具有耐抗性。在欧盟对所有进出口产品均"
"目的制备环保油墨并研究该环保油墨在不同承印材料上的褪色效果。方法以蒸馏水为溶剂,超细指示剂染料为呈色物质,自制乳液为连接料,加入多种助剂制得环保油墨,研究该环保油墨在不同承印材料上的褪色效果。结果该环保油墨在不同的承印材料上采用丝网印刷工艺进行印刷,墨迹一段时间后能完全褪色。结论使用该环保油墨印刷有利于承印物的重复使用。"
"通常,绿色包装是指对人体健康无害、对生态环境无污染、能回收再生并可降解、可促进持续发展的包装。当今食品行业采用绿色包装技术,既可为解决食品污染提供切实可行的途径,又可促进国民经济的发展。因此,食品绿色包装日益被国内外印刷和油墨行业所关注。我国油墨行业发展现状绿色包装,食品包装印刷环保油墨先行,这是至关重要的。受全球经济环境的影响,前两年一些印刷企业遇到了低谷,给印刷油墨行"
"世界各国环保法规越来越严格,亚太地区也是如此,作为印刷行业使用的油墨,环保油墨将是关注的重要领域,是未来的发展方向。亚太地区油墨行业已经出现了从传统溶剂型油墨向诸如水性柔版油墨、大豆油油墨、UV油墨等环保油墨发展的趋势。环保油墨的开发和生产能力已经成为油墨制造商们未来在亚太地区致胜的关键砝码之一。"
"随着人们环境保护意识的提高,迫切需要""绿色""印刷耗材的呼声日益高涨。也正因此,绿色环保油墨正日益变成印刷油墨界的共识和共同行动。那么,当前的环保油墨真正完全
"从哥本哈根世界气候大会获悉:人类正面临可持续发展的严峻挑战,环境保护问题受到全球越来越多的关注。而油墨行业因与环境保护紧密相关,也已成为人们关注的热点问题。国内外环保油墨的发展现状自20世纪50年代开始,欧美等发达国家和地区就已经提出了绿色环保理念。如今,这一理念正以强大的影响力引导着全球油墨行业朝着""无毒、无污染""的方向发展。2000年开始,欧美和日本等"
"近日,Pira公司发布最新调查报告《环保油墨的未来——2014年市场预测》。报告显示,印刷业正在努力向可持续发展产业转型,"
"第二十六届华南国际印刷工业展览会及中国国际标签印刷技术展览会(以下简称""华南国际印刷展和中国国际标签展"")将于2019年3月4～6日在广州中国进出口商品交易会展馆A区举办,特设绿色环保柔印、标签绿色柔印、绿色标签材料等专区,汇聚行业精英,展示一连串轻量化、利于回收的材料及使用环保油墨、支持柔版及可变数据印刷、高性价比的设备,不但有助于实现绿色印刷,还能提高印企经济效益。展商带来柔印方案、绿色材"
"今年年会的主题是""成长新变量"",确实,从""要想发,做印刷""发展到如今行业大洗牌的态势,我们确实需要""新变量""帮助印刷行业转型升级。科斯伍德即是坚守着这样的初心,保持持续旺盛的创新精神,不断突破,为行业带来更多的惊喜。众所周知,每个国家都有自己的环保油墨相关法规,针对这些国家政策和法规,科斯伍德创新研发,推出了很多相关油墨,不同的油墨产品针对不同的客户。世界各地对食品包装油墨环保要求的偏好"
"随着人们生活水平的不断提高,人类生存与发展所需的食品安全问题越来越被社会公众所重视。食品包装印刷不仅要满足社会公众对美的需要,更重要的是要保证人民群众对食品安全与卫生的关注。本文通过对食品包装印刷的主要方式、食品包装绿色印刷新技术、环保绿色油墨在食品包装中的应用等问题的探讨,进一步研究了以上技术在我国的推广运用,以求对我国的绿色环保印刷提供有益参考。"
"随着《卷烟条与盒包装纸安全卫生要求》的正式实施,对于传统烟包印刷企业技改方向提出了新要求。溶剂性油墨在烟包凹印生产中使用广泛,新标准中虽然放开了对乙醇的限量要求,但溶剂残留总量限量值更低,要求更为严格。对于以大面积实地色块印刷的烟包,印刷过程中溶剂残留物的控制难度加大。以环保油墨著称的水性油墨逐步展现了优势。目的:通过印刷工艺改进,使得使用或部分使用水性油墨后,烟包印制效果基本媲美溶剂性油墨且残留物大幅降低是完全可行的。"
"乐凯华光印刷科技有限公司全印展2018展位号:N1A129华光UV墨水华光UV墨水各个系列产品均不含溶剂,100%光固化,无VOCs排放,低能耗,可真正实现绿色环保印刷,居世界领先水平。华光UV墨水适用多种不同基材,黏度、附着力、色彩还原性、固化速度、清晰度和适应性等各项关键指标可与国内外各种高端同类产品相媲美。华光UV墨水适用于赛尔(XAAR)、柯尼卡(KONICA)、"
"苏州科斯伍德油墨股份有限公司成立于2003年,是目前中国胶印油墨行业上市企业(股票代码:300192)。公司一贯秉承""高度创新能力国际知名环保油墨制造商""的发展战略,专注于高分子材料和改性植物油的研发,并将之应用于印刷油墨的生产。公司自2008年以来,产品畅销海外80多个国家和地区,销售网络遍布全球,是被发达国家认可的国际标准油墨制造企业。科斯伍德建立了严密的国际"
"上海乐易化工有限公司成立于2012年,作为全球最大丝印油墨及涂料生产商SunChemical(太阳化学)丝印油墨的中国总代理,在上海、东莞分别设立技术服务中心,全面开拓汽车、电子设备、玻璃、智能卡等市场,一直不懈努力的在国内推广UV及水性等高端环保油墨,并获得快速发展。上海乐易化工(Happybiz)本着""专业、迅速、共赢、快乐""的宗旨,积极寻求与供应商、客户、公司团队协同努力,共同发展!致力成为国内领先的高端环保油墨全套解决方案供应商!"
"聚焦于印刷行业、印刷企业,如何以绿色环保为驱动力推动自身的可持续发展,业已成为近来大家探索的主题。本文特别邀请中国印工协副理事长陆长安,就多年来从事绿色印刷工作的经验,为行业中人指点迷津。"
"进入2018年,我国经济发展向高科技领域和高质量经济转变,以供给侧结构性改革为主线,调整经济结构,加快产业优化升级势在必行。可以想象,在产能过剩危机和环保整治持续收紧的大势面前,多以中小规模为主的丝网印刷企业所承受的压力和挑战是何等巨大和严峻。2018年这些丝网印刷企业对现状有何思考?将如何度过眼前的"
"目前,""VOCs治理势在必行,不治不行""的意识;""源头削减、过程控制、末端治理全过程控制,三管齐下、重在源头""的思路;""达标排放、经济适用、成本适当""的方针,基本树立,深入人心。十九大闭幕后,在印刷业界确实""火""了一些语句,其中有一句话的被转发率很高,那就是?""绿水青山就是金山银山""。可以预见,政府对于推进绿色生态"
"环境问题是当前我国经济高速发展过程中面临的最紧迫的问题之一。随着政府及各种环保组织对绿色消费的宣传和倡导,绿色消费正逐渐成为一种自觉的消费习惯。因此,绿色包装研究也越来越得到更多学者重视。本文介绍了国内绿色包装近期在包装结构的绿色设计、包装材料的绿色研发和包装设备的绿色生产方面所做的工作。"
"分析了低碳包装设计的目标,探讨了低碳包装的5R原则,即减少材料使用、再次使用、再循环处理、获得新价值和节约能源。在此基础上,提出低碳包装设计应从选择低碳包装材料、设计低碳化的包装装潢设计和包装结构设计,使用环保油墨和绿色印刷技术以及建立配套的绿色物流体系等方面着手,以实现包装生命周期的整体低碳化,达到产品包装在设计创意、经济效益和环境保护上的统一。"
"改革开放30多年来,中国包装机械发展取得了较大的成就:一是发展速度高,产值增长快;二是品种不断增多,创新已有起步;三是标准检测工作明显提升,产学研创新模式基本形成。但还存在较大的问题:一是企业规模小,专业化程度低,经营理念落后;二是产品技术含量不高,成套装备严重依赖进口;三是设计以测绘仿制为主,创新开发能力薄弱。中国包装机械发展与世界包装强国存在较大的技术差距,与中国包装大国的地位不相称。"
"绿色包装是世界包装发展的必然趋势,也是中国由包装大国跨向包装强国最重要的发展战略。基于绿色包装的内涵与技术,概述了中国绿色包装15a来在包装材料、包装机械和包装材料安全及环境等方面所取得的成就。"
"食品安全越来越受到广泛关注,包装材料中油墨引起的食品质量问题频频发生,本文论述国内外包装油墨安全相关的法规及要求,总结国内外油墨迁移研究现状,为今后的食品包装油墨安全提供法律依据和实验指导。"
"面对全球气候变化的挑战,节能减排、低碳经济等已成为人类社会可持续发展的重要内容。对于我国印刷行业来说,使用绿色原料、实施绿色工艺的绿色印刷已经是印刷企业的共识。阐述了绿色印刷目前在国内外的发展现状,预测绿色印刷的未来发展方向将是对印刷工业废气、废液和固体废弃物的清洁、降解处理的先进环保技术,印刷废料的回收以及整个流程中的过程控制和节能减排。"
"从包装印刷行业有机物废气污染现状和治理重要性角度出发,结合行业有机废气排放控制标准,重点介绍了企业合理选址,有机溶剂挥发浓度控制,环保油墨应用以及高效干燥固化工艺等废气排放控制技术和热力氧化法、吸附法、等离子体氧化分解法以及膜分离法等有机废气末端治理实用技术。进而归纳总结了行业内有机废气排放控制与治理所面临的挑战。"
VOCs是PM25的前驱体工业生产过程产生的VOCs废气组成复杂污染物排放量高对环境造成严重危害其防治引起国内外广泛关注与研究我国近年来对此高度重视制订了一系列相关政策标准决心加强重污染行业VOCs废气的防治不同工业行业产生的VOCs废气组成浓度气量等特征差异大造成处理困难因此了解行业各自的废气特征及产生情况后做出具有针对性的处理方案至关重要研究针对合成革包装印刷漆包线橡胶制品和汽车喷涂五个重污染行业展开了调研结果表明工业VOCs废气组成复杂污染物排放总量大各行业针对污染发展了相应的技术期望通过源头治理的方式减少甚至避免VOCs污染本文以某橡胶制品企业为实例针对压延压出工段和车间环境内的VOCs分别进行了方案设计和小试研究压延压出工段废气主要污染物为非甲烷总烃臭气颗粒物和油性物质等根据国家相关政策并结合企业实际情况设计吸附浓缩焚烧工艺处理废气优化方案后做到热能回用并且根据工程需要对相关设备材料进行了选型和设计研究选用光催化技术处理车间环境VOCs以具有良好可见光响应能力的BiVO4为催化剂通过制备特殊形貌和负载改性改善其催化性能采用甲苯为模型污染物评价催化剂活性结果表明5CuO负载的空心球状钒酸铋活性最佳因此研究对催化剂进行了表征结果表明空心球状的特殊形貌和CuO与钒酸铋之间形成的异质结结构是影响催化剂降解VOCs能力最主要的因素工业VOCs废气防治迫在眉睫因此对各行业废气特征进行摸底调查并且针对性地选择优化开发和使用处理技术使污染物排放达到规定和环保要求具有重要的价值
近几年在包装界掀起了绿色包装设计的风潮绿色包装以不污染环境保持人体健康为根本充分挖掘可再生可循环使用的包装材料以节约自然资源和降低能源消耗为发展宗旨以实现地球生态环境的可持续发展为最终目的我国正处于工业化加速发展的重要阶段作为配套行业的纸包装工业也在大踏步的前进在我国食品包装中运用纸质材料占整个食品包装用料的13在纸质食品包装的绿色设计推广实践中包装设计师作为食品与生厂商市场的衔接者起到至关重要的桥梁作用在设计之初就应考虑到包装造型结构材料的环保印刷生产便于流通等各个环节的协调融合注重食品包装的环保性和对人体健康的保证等这些关键性专业问题是本文研究的主要内容其中对食品包装设计中的减量化理念的深入探讨以及绿色食品包装必有的标识是本文研究的重点倡导设计者能够真正深入涉及绿色包装的各个关键环节多层面多角度将各个设计要素进行宏观控制有机整合将食品的绿色包装设计理念和包装的功能性完美的融入到整个包装工业化生产之中使设计更具时效性可操控性和实施性避免口号理念大于实际操作的现象最终为实现节能减排低碳经济的发展为构建和谐社会节约型社会提供可行的可量化的可持续发展的设计模式
水性凹版油墨是当今最为环保的印刷油墨之一也是目前唯一被美国FDA推荐和认可的可以用于与食品直接接触的印刷油墨在我国虽然纸张印刷的水性油墨已经市场化但是在大量用于食品包装塑料薄膜印刷由于薄膜的不吸收缺点使薄膜印刷水性油墨还处于研究起步阶段本实验就是在已经市场化的仅用于吸收性纸张表面印刷的水性凹版油墨基础上通过对所开发的水性油墨所用到的颜料树脂助剂等原料从剥离强度附着力以及适合蒸煮的耐高温等方面进行优化与筛选最终开发出以丙烯酸类胶体树脂为主要研磨树脂丙烯酸改性的聚氨酯分散体胶体为主要连接料的水性复合里印耐蒸煮的凹版油墨并且使该油墨在多种不吸收的塑料薄膜如聚酯PET取向聚丙烯OPP尼龙NY等薄膜材料上顺利高速印刷并复合后完全能够达到目前同类溶剂型油墨才具有的优异印刷适性高耐热性高剥离强度高附着力等各项性能相信如果这一新型环保油墨面市后一定会给国内的食品包装市场带来一场绿色风暴
随着科学技术发展所带来的人们生产生活方式的变化传统包装正悄然发生变化在满足包装基本功能的前提下充分体现个性化消费需求彰显人文关怀和拓展产品功能的智能化包装逐步兴起这类包装是建立在综合运用现代智能材料智能技术智能结构等先进设计元素的基础上增强包装的保护功能和最大限度地满足和便利消费者的特殊需求文章结合中外智能化包装设计案例通过对智能化包装技术原理的诠释试图就智能化包装设计方法进行系统探索努力构建智能化包装设计理论体系首先在阐述智能化包装发展概况与背景的基础上对智能化包装的概念进行了重构并据此对智能化包装进行了新的分类及阐述其次对影响智能化包装设计的主要因素进行分析主要从智能技术智能材料与智能结构等三个主要方面着手阐述其特征及其对构成智能化包装的重要作用与影响再次针对智能化包装的特点总结和提炼了智能化包装设计中的某些规律性提取了出若干个关键性步骤综合这些方法与步骤将其归结为析解组借创五个方面来考察与审视智能化包装作为包装领域中一种新的理念与新材料新技术结合的产物具有诸多优势与人性化特点但依然存在技术研发成本标准及受众接受力等问题需要从人才平台及学科建设及良性倡导等方面努力以不断促进智能化包装的良性健康发展
UV固化油墨因其具有环保高效节能等优点而得到越来越广泛的应用而聚乙烯PE是最常用的塑料之一其结构规整表面张力低一般油墨很难在其上产生良好的附着本文从光引发剂低聚物单体填料等多个方面系统研究了油墨组成对固化速度附着力硬度柔韧性和耐化学溶剂等性能的影响使用紫外可见分光光度计测得了红黄蓝紫白黑六种颜料的紫外吸收图谱通过指压法和指抠法研究了多种光引发剂对含有不同颜料的UV油墨的引发速度的影响结果显示不同颜色的颜料对紫外光的吸收区域和吸收强度是不同的对于黄色油墨907的引发效果最佳对于蓝色油墨907ITXEDAB和910ITXEDAB都具有很高的引发速度而对于红色油墨和紫色油墨907ITXEDAB则是速度最高的引发剂组合808184和907ITXEDAB819则分别是白色和黑色油墨的最佳引发剂通过对比不同种类的低聚物得出聚酯丙烯酸酯类低聚物对PE基材具有比较好的附着力并进一步优化了其组合通过附着力测试实验得出低官能度低表面张力的单体可以进一步促进油墨在PE基材上的附着力使用铅笔硬度计和漆膜柔韧性测试仪研究了低聚物单体和填料对硬度和柔韧性的影响双酚A环氧丙烯酸酯和高官能度聚氨酯丙烯酸酯以及高官能度单体和高硬度填料均可明显增加漆膜硬度这些物质同样也可使油墨的耐化学溶剂性能提高除此之外添加微蜡粉也能有效提高耐化学溶剂性
包装油墨中的有毒有害物质可通过迁移进入内装食品从而危害人体健康增塑剂塑化剂是油墨中所必需的助剂近来邻苯二甲酸酯类增塑剂所引起的食品安全问题得到人们越来越广泛的关注和重视论文就纸包装油墨中增塑剂的迁移问题进行了系统研究建立了纸张真实油墨中污染物的迁移预测模型实验得出了油墨中增塑剂向食品及食品模拟物的迁移行为主要内容包括1迁移预测模型的建立结合油墨在纸张中的渗透基于Fick扩散建立了纸包装油墨中污染物的迁移模型模型将印张分为油墨层和纸张层初始时刻纸张层的污染物浓度成梯度分布并在食品纸张界面考虑传质系数hm和分配系数KFP通过分离变量法求得了模型的解析解讨论了油墨渗透深度L1污染物初始浓度CP0污染物在纸张内的扩散系数DP传质系数和分配系数纸张厚度L2或L3对迁移行为的影响2纸包装油墨中增塑剂的迁移实验研究选定油墨中使用较广泛的邻苯二甲酸酯类增塑剂邻苯二甲酸二2乙基己基酯DEHP邻苯二甲酸二丁酯DBP邻苯二甲酸二正辛酯DOP以及近年来提倡的环保增塑剂乙酰柠檬酸三丁酯ATBC为研究对象建立了奶粉食品模拟物Tenax改良聚苯醚MPPO及纸张油墨中增塑剂的乙醇溶液振荡及超声的提取方法及GCFID气相色谱氢火焰离子化检测器gaschromatographyflameionizationdetection检测条件提出了适于迁移的真实油墨样张的实验室制备方法实验研究了255070和100下纸张真实油墨中四种增塑剂向Tenax和奶粉的迁移讨论了纸张克重油墨初始量温度增塑剂分子量及分子结构等因素对迁移行为的影响结果表明前处理方法成本低环保且回收率在7121134之间检测方法能在13分钟内一次性检测四种增塑剂且相互分离度在1分钟左右印制后的样张中增塑剂含量均匀相对标准偏差在1159之间迁移结果显示Tenax中增塑剂的最大迁移量为213592奶粉中的最大迁移量在67678之间在此基础上实验研究了微波条件下纸包装油墨中增塑剂的迁移以实际使用条件为基础分别考查了100250440600和900瓦W五个功率下四种增塑剂向Tenax和奶粉的迁移讨论了迁移影响因素并与常规条件下的迁移结果进行比较结果显示微波功率及迁移时间增塑剂与纸张的亲疏性食品特性等因素均影响迁移行为微波加热条件下增塑剂比常规加热条件下更易于在短时间内发生迁移3迁移预测模型的有效性及实验值与预测值的对比分析简化后的单层模型与经典的考虑传质系数的Crank扩散模型的结果相同验证了迁移模型的有效性并将模型简化为单层模型及双层模型时分别与实验数据进行比较验证进一步讨论了预测模型的通用性选定DBP根据实验参数和结果通过迁移模型拟合出5070和100的传质系数和扩散系数得出它们的对数值与温度接近线性关系将拟合得到的传质系数和扩散系数用于不同初始浓度的迁移行为的预测也插值计算出其它温度的传质系数和扩散系数用于模型预测并与实验值进行比较结果表明模型预测值与实验值较吻合扩散系数的经验公式不能反映分子极性对迁移行为的影响可选取合适的传质系数来提高DEHPDOP和ATBC的预测精度
21世纪随着科学技术的迅猛发展新知识新观念新技术层出不穷人类进入数字时代因特网作为数字时代下两颗明星中的一颗熠熠生辉而以网络为载体的信息方式传达开始多样化多媒体传播时代到来以及我们的读者所经历的环境变化电子书微博博客SNS社区网络给书籍带来了巨大的冲击也必将引发数字时代背景下对书籍未来发来发展趋势的思考书籍是人类文化传播的载体是人类进步的阶梯是人们进行思想交流的方式在数字化时代的今天除传统纸质书籍之外电子书籍也大行其道充斥着人们的眼球这使得书籍从二维平面的印刷品变成了交互动态的多元化媒介书籍的载体发生了变化也给读者带来了新的视觉盛宴更新观念深入探讨数字时代下的书籍形态的多样性是对高科技产品带来高压下的有力缓冲我们无法预计书籍的生命力还有多久但我们坚信只要人类的文化继续薪火相传书籍就不会消失而是还需要继续传承与进取本文通过对数字时代下书籍现状分析将电子书籍与传统纸质书籍进行比较寻找二者优劣及异同分析数字时代背景下新兴的电子阅读方式电子书及电子阅读器的盛行并找出未来电子书籍的设计方法最后探讨书籍设计形态的多样性及发展趋势
"随着我国印刷行业产业结构的调整和生产工艺的革新,印刷技术发生了巨大变化,从铅与火的时代走进了光与电的时代,印刷过程的工艺流程、物料使用和产品结构都发生了巨大变化,随之印刷作业中潜在的职业危害因素也发生了一定变化。本文分析了现阶段影响印刷作业人员健康的尘毒职业危害因素,指出了尘毒职业危害的分布情况,并且针对不同类型企业,提出了适宜的防治措施,以期达到在实际中能切实降低或消除印刷行业尘毒职业危害的目的。"
"主要阐述了包装印刷工业在印刷材料及生产工艺过程中如何造成环境的污染,并针对各项污染提出了相应的治理措施,对包装印刷工业的可持续发展具有指导意义。"
"介绍了一种富马酸改性松香水性树脂的合成方法。产品由天然松香通过富马酸加成改性,再与季戊四醇发生酯化反应而成。通过单因素和正交实验优化合成工艺条件,筛选得到优化工艺条件为n(松香)∶n(富马酸)∶n(季戊四酸)=50∶11∶6,催化剂用量为松香的0.15%,加成温度160±5°C、反应时间为3h;酯化温度200±5°C、反应时间为1.5h。在此条件下可得到有较高软化温度、各种溶解性好、综合性能优良的水性树脂。"
"食品包装材料迁移引起的食品安全危害日趋突出。国家有关部门应当进一步完善食品包装材料的安全性标准,建立科学的食品包装材料安全体系,实施良好的生产管理规范,严格市场准入制度和监管机制,并在此基础上,应用新型环保无苯型增塑剂、无苯无酮环保型油墨、聚对苯二甲酸乙二酯和聚丙烯等新材料,同时采用活性包装、抗菌包装、用氧化法漂白替代含氯物质漂白等新技术,从根本上提高我国食品包装材料的安全性。"
"环境污染问题已成为阻碍新世纪包装印刷工业持续发展的大问题。研究了各种包装印刷工艺的环境特性,并研究了包装印刷材料中油墨的环境性能问题,最后探讨了发展绿色包装印刷的五条措施。"
"研究LED-UV油墨在国内外的研究现状,包括LED-UV油墨制备配方及方法,光引发剂及预聚物的改性研究,以及光引发剂与颜料的""光谱窗口""的匹配研究等。提出在夺氢型光引发剂中加入小分子巯基化合物,缓解光氧阻聚作用;合成超支化聚氨酯丙烯酸酯作为LED-UV油墨的预聚物,实现UV油墨在LED光源下迅速固化;以及光引发剂与颜料""光谱视窗""研究方向等。"
"聚氨酯具有无毒、不易污染环境、附着力好等优点,在环保水性油墨中已显示出优异的应用价值,其研究正受到人们的关注。简述了用合成单体和农副产品等对水性聚氨酯连结料的改性研究进展,以及水性聚氨酯连结料在油墨生产中对着色剂、助剂和分散剂的选择,展望了聚氨酯作为水墨连结料未来发展方向,为聚氨酯在水性油墨中的应用研究提供参考。"
"当前,全世界的印刷企业及相关行业都在提倡环保、关注环保,绿色印刷材料和无公害印刷方式的研发和生产已逐步开始实施。"
"未来我国经济必将进行转型升级,油墨必须要走可持续发展路线,推广环保新工艺、新技术、新材料的""绿色油墨""正成为油墨行业的共识。当前,环境问题日益突出,自2012年以来,雾霾发生的频率越来越高,到2014年,雾霾已经成为国家不得不重视的环境问题,而这都是大气污染的直接后果。所以,国家出台了《大气污染防治行动计划》对大气污染问题进行治理,而北京作为首都成为全国治理大气污染的排头兵,北京市环保局和北京市质量技术监督局联合发布《印刷业挥发性有机物排放标准》,并且为全文强制,规定从2015年7月1日起正式实施,北京市印刷业关于挥发性有机物排放标准有了新的严格标准,毫无疑问这将促进与此相关的绿色版块的发展。业内人士都知道,在印刷过程中,油墨的使用是污"
"随着我国商品包装水平的不断提高,装潢印刷在食品、药品包装上的应用越来越普遍了。其中以塑料、纸为基材的软包装使用比例占各类包装材料种类的80%以上。在这些软包装中,包装印刷油墨以及其他辅助物质要占到整个软包装材料的20%左右。"
"了解油墨的人都知道通常使用的油墨中都含有对人体和环境有害的化学物质,在环保意识逐渐增强的今天对油墨的发展有了更高标准的要求。目前的油墨市场已经开始向环保方向发展,并逐步出现了诸如水性油墨、大豆油油墨、UV油墨这样的环保油墨。而且环保油墨的开发和生产能力已经成"
"油墨是印刷行业的主要耗材,根据油墨组分及含量、承印物、用途、印刷设备、印刷方式和使用方法等可分为多个种类。现有的多数油墨中大多都要含有有机(或无机)溶剂、颜料等,不符合环保绿色印刷的要求。现如今,"
"《今日印刷》:大兴油墨化工(香港)有限公司是一家专业从事印刷材料、油墨开发、研究及销售于一体的港资企业,为了让读者更好地了解贵公司,请详细介绍一下贵公司近年来的发展情况。大兴油墨公司:大兴油墨公司(香港)有限公司成立于20世纪80年代初,总部设在香港。近十年来,公司更锐意开拓中国国内市场,已在深圳、广州、上海相继成立分公"
" 目前,在纸板包装和其它相应的印刷工业方面,人们对使用植物油墨比使用石油分馏油墨更有兴趣。这并不是一个新的想法。追溯到四十年代早期,印刷油墨生产者成功地在活版印刷油墨方面用从植物中分离出来的植物油代替了石油,采取这一做法的理由"
"在人类发展进程中,世界文明先后经历了农业文明、工业文明和信息化三次浪潮,每次浪潮都有不同的显著内涵和特点。例如,农业文明的浪潮实现人类农耕文明的兴起,带动农业的辉煌发展;工业文明的浪潮使农业文明向工业文明转变,带来工业化的飞速发展;信息化的浪潮引领着信息化改革,使全球进入知识经济时代。"
"随着可持续发展理念深入人心,资源、环境、健康等问题逐步成为社会经济发展的主要关注点,印刷产品在日常生活中随处可见,其产生的污染也不容小觑,绿色环保已成为印刷行业发展的主要目标。一、绿色印刷概述1.绿色印刷的概念环境问题是现代社会比较关注的问题之一,如今全球人类的居住环境正在不断受到损坏,这关系到我"
"本文对包装印刷产品中几种环保油墨的应用进行了详细介绍,并对绿色包装技术的应用进行分析,基于环保视角对包装印刷技术的发展趋势提出了几点个人看法,以供参考。包装印刷产品中环保油墨的应用1.水性油墨的应用就环保而言,水性油墨的应用具有十分重要的意义。它通过水作为溶剂,对环境与人体健康都不会构成威胁。此外,水性油墨的应用能够使由于易挥发性或易燃溶剂而"
研究了植物油改性醇酸树脂的合成工艺。探讨了不同醇酸树脂及催干剂对金属印刷油墨性能的影响。
"挥发性有机化合物简称VOC(Volatile Organic Compounds),一般是作为溶剂使用后而散发到大气中的。VOC的成分复杂,具有的特殊气味能导致人体呈现种种不适应,并具有毒性、刺激性、致癌作用。如苯列为可疑潜在致癌物质。卤代烃类物质能引起神衰征候群及血小板减少、肝功能下降、肝脾肿大等病变,还可能导致癌症。CFC类物质对大气臭氧层有破坏作用。所有这些促使世界各国尤其是发达国家纷纷颁布法律对VOC的排放进行控制。"
"苏州科斯伍德油墨股份有限公司于近期收到中华人民共和国国家知识产权局颁发的《发明专利证书》。本发明涉及一种防菌抑菌的油性油墨,所述防菌抑菌的油性油墨含有重量百分比为0.0005%~10%的植物挥发油。本发明通过将抗菌抑菌的植物挥发油添加到油性油墨,并对油性油墨的配方进行了适应性改进,提出了防菌抑菌的油性油墨。"
"大豆油油墨采用了可再生的大豆油作为原料,大大节省了全球石油资源,具有鲜明的环境保护的优点。将其应用于印刷生产中,使油墨污染程度降到最低程度,符合了世界环境保护的要求,是造福全人类的一项先进技术。本文介绍了环保型大豆油油墨的特点、发展及其应用。"
随着保护森林资源发展低碳经济的需要废纸已成为造纸工业的重要原料之一但纤维一经回用其性能发生衰变导致纤维回用品质降低直接影响了废纸的利用率因此突破废纸纤维衰变抑制与品质提升关键技术的难题有利于实现废纸纤维的高效循环利用对于造纸工业可持续发展具有重要意义本文针对纤维性能衰变的缺陷从纤维的微观结构入手着重研究了不同工艺条件下纤维素超分子结构氢键等结构的变化进一步探讨了纤维微观结构与宏观性能的作用机制最后提出了抑制纤维性能衰变的调控方法研究结果表明随着回用次数的增加纤维长度和细小纤维的含量变化不明显XRDFTIR测得的纤维素的结晶度002面微晶尺寸和微晶横截面积均呈增大趋势纤维发生共结晶现象导致了纤维性能的衰变FTIR分析表明纤维间氢键逐渐增强形成了致密的网络结构促进了纤维性能的衰变回用过程中纤维超分子结构氢键强度的变化最终影响了纤维的润胀性能和成纸物理性能经五次回用后纤维保水值减少220抗张指数下降5471撕裂指数下降935耐破指数下降3741不同的脱墨工艺对纤维性能的影响存在一定的差异研究结果表明经碱性脱墨中性脱墨和酶法脱墨后纤维长度和细小纤维含量均降低表明脱墨过程对纤维有不同程度的损伤其中碱性脱墨后损伤最大中性脱墨次之酶法脱墨最小从SEM图像中也能得出相同结论三种脱墨方式处理后纤维素结晶度由6356分别降低至55315898和6129002面微晶尺寸和微晶横截面积均呈下降趋势同时纤维分子间氢键的键能和相对含量都呈下降趋势表明三种脱墨方式对纤维结晶区有破坏作用纤维微观结构的变化导致纤维的保水值分别上升了203133和280同时成纸的抗张指数撕裂指数耐破指数也有所提高不同的漂白工艺对纤维性能的影响也存在一定的差异研究结果表明经过氧化氢漂白连二亚硫酸钠漂白漆酶漂白后纤维长度变化不大表明三种漂白方式能较好的保持纤维形态同时细小纤维含量升高SEM发现漂白后纤维表面变得光滑推测可能是纤维表面出现了剥离现象过氧化氢漂白后纤维素的结晶度降低002面微晶尺寸从47nm下降到42nm而经连二亚硫酸钠漂白和漆酶漂白后结晶度上升002面微晶尺寸上升至50nm53nm纤维分子间氢键的键能和相对含量的变化趋势与纤维晶态结构相同说明过氧化氢漂白能破坏纤维晶区稳定性和有序性而另两种漂白方式的作用与过氧化氢漂白相反漂白后过氧化氢漂白浆纤维保水值增大连二亚硫酸钠漂浆纤维保水值基本不变漆酶漂白浆纤维保水值增减小在以上研究基础上本文进一步探讨了抑制废纸纤维品质衰变的调控方法研究表明优化脱墨漂白工艺适用于废旧新闻纸和混合办公废纸的脱墨和漂白与常规工艺相比成纸的物理性能大幅度提高同时优化脱墨工艺还具有污染负荷小等优点
当前我国水处理剂的生产面临着挑战一是来自国外的竞争越来越激烈二是人们对环境质量的要求越来越高新型絮凝剂的开发已显得愈发重要开发新型高效的絮凝剂是实现絮凝过程优化的核心技术也一直是广大水处理工作者致力研究的热点天然高分子絮凝剂由于其原料来源广泛价格低廉无毒易于生物降解无二次污染等特点受到了国内外众多研究工作者的重视和关注本论文在系统地论述近年来天然有机高分子絮凝剂的研究开发现状和在水处理中的应用情况的基础上以沙蒿种子为原料对沙蒿籽水浸液的絮凝性能影响因素絮凝活性成分提取条件和应用进行了研究通过物化措施开发一种成本低廉使用安全对处理水体无毒副作用的新型天然植物絮凝剂主要内容如下1以高岭土悬浊液作为标准水样考察了pH值投加量温度静置时间金属离子对沙蒿籽水浸液的絮凝活性的影响实验结果表明pH值对其活性影响很大在pH值为3050范围内沙蒿籽水浸液表现出了良好的絮凝活性而在中性和碱性条件下则不会显示其絮凝活性沙蒿籽水浸液的絮凝活性受温度的影响不大一般常温下20左右即可金属离子可以在中性条件下显著改变沙蒿籽水浸液的絮凝活性Al3离子促进效果尤为显著2沙蒿籽水浸液Al3离子复合使用条件的优化表明Al3的加入扩大了沙蒿籽水浸液的pH值使用范围沙蒿籽水浸液Al3离子复合使用的效果比单独使用AlCl_3和PAM的效果好3选用提取温度搅拌速度搅拌时间和沙蒿粉粒度大小作为考察的4个因素每个因素各选出3个水平用L_934正交试验确定了沙蒿籽絮凝活性物质提取的最佳条件为提取温度50搅拌速度200rmin搅拌时间10min沙蒿粉粒度大小为0150mm4将沙蒿籽水浸液对水性油墨废水和模拟果汁废水进行了预处理经过试验得到主要处理参数在pH值为40投加量为2mL100mL的条件下沙蒿籽水浸液对水性油墨废水的处理效果良好COD和色度的去除率分别达到914和996模拟苹果汁废水的处理条件为pH40投加量为1mL100mL的条件下SS的去除率达到817而COD的去除不是很好
本课题以植物源防霉剂为主要研究对象探索其在纸质文物防霉领域的应用并与纸盒包装相结合探索开发一种具有防霉效力的纸质文物保护盒首先对具有抑菌效力的植物的有效成分进行提取研究了水蒸馏超声辅助溶剂索氏提取等方法对柠檬草等中草药的提取效果采用抑菌圈法确定提取优劣筛选出牛至柠檬草丁香提取的精油抑菌活性较突出测试了提取的精油对纸张主要致病菌的最低抑菌浓度得到牛至精油对黑曲霉和草本枝孢霉的最低抑菌浓度MIC均为05μLmL对球毛壳菌的MIC达025μLmL柠檬草精油对黑曲霉草本枝孢霉的MIC均为1μLmL对球毛壳霉的MIC为05μLmL丁香精油对黑曲霉草本枝孢霉的MIC均为2μLmL对球毛壳霉的最低抑菌浓度为1μLmL并对上述三种防霉剂进行两两复配得到最优复配配方为1μLmL的柠檬草精油025μLmL的牛至精油通过GCMS技术对柠檬草精油和牛至精油进行了定性定量分析分析得到柠檬草精油的主要化学成分为柠檬醛其中柠檬醛b柠檬醛a分别在11747mmin和12578mmin出峰柠檬醛的绝对含量为89636mgmL牛至精油的主要化学成分为香芹酚于13527mmin出峰其绝对含量为1140295mgmL用牛至柠檬草精油及其复配防霉剂处理宣纸打印纸纸样在35相对湿度为90的湿热条件下存放纸样定期测试纸样的抗张强度pH值色差和表面基团变化对不同颜色油墨样张的影响以及防霉效果结果表明防霉剂在纸张保存过程中对纸张上述理化指标影响微小牛至精油单独使用时会引起油墨印刷样张的明显变色但与柠檬草精油复配时可消除此类影响柠檬草精油在模拟实验中防霉效果不显著1倍MIC的复配防霉剂的防霉及保护效果最为突出在3590的温湿度条件下对比了内壁涂布防霉剂的纸盒和内置防霉小包的纸盒对纸样的防霉效力利用GCMS技术对包装中复配防霉剂的含量变化进行了分析内壁涂布型包装内的精油在第5天时达到最高浓度防霉小包型包装内牛至精油和柠檬草精油的浓度分别在第13天和第9天达到峰值随后其含量逐渐下降当实验天数达到41天时两种精油均难以检出最终得到结论在352相对湿度为902的条件下防霉包装可以有效控制内置纸制品的霉变与对照组相比内壁涂布防霉剂的纸盒可将内置纸制品霉变周期延后37倍内置防霉小包的纸盒则可将内置纸制品霉变周期延后46倍内置防霉小包纸盒的防霉效果优于内壁涂布防霉剂的纸盒
"提到印刷不上墨,应该是每个印刷厂都会遇到的问题。操作人员对于不上墨的态度一般就是""没有办法了"",就这样用吧,当然是在概率比较低的情况下。如果频率比较高,印不出活件,影响开机产量了,那就建议换机台印刷。当时看似""解决了问题"",但是过一阵子问题又频繁发生。所以今天笔者要来讨论一下不上墨问题的成因和解决方法。大家知道,谈到不上墨给人的感觉就是随即发生的,摸不着头脑。因为一般发生比较偶然,过"
"文章对环烷基油的产品结构和未来需求进行了全面分析,结果表明:有效利用环烷基原油资源的产品结构是,以环烷基润滑油为主,副产沥青和燃料油;未来几年,全球对环烷基的橡胶油、高端变压器油、冷冻机油和环烷基油溶剂等润滑油的需求量会有明显增长。文章还总结了环烷基减二线的加工工艺和主要产品,其中乳化炸药专用油是一种新颖、前景很好的利用方式。"
"鉴于集团公司报表合并管理需要,特别是上市公司披露附注的要求,对于外币财务报表折算的处理及技巧越来越受到财会人员的重视。尤其对于财务报表编制人员,如何能高效,准确、及时地进行外币财务报表折算,提高业务素质及个人技能水平,需要我们在实际工作中持续的探索和考究。本文就财务报表折算过程中,资产减值损失的处理技巧进行浅显的论述。"
"本文通过重氮化反应和偶合反应合成了耐晒黄G,C_(17)H_(16)N_4O_4(Mr=340.34),利用单晶衍射和红外光谱对其进行了结构表征,并对其单晶和红外光谱进行了分析。"
"该项目位于安徽省合肥市循环经济示范园化工集中区,由安徽思敬齐环保材料有限公司投资建设,年产水性聚氨酯热熔胶7000吨,水性聚氨酯纺织胶35000吨,水性聚氨酯油墨3500吨,水性聚氨酯木器漆2700吨,水性甲油浆料350吨,水性聚氨酯功能浆料7000吨,水性聚氨酯板树脂3500吨的生产能力。项目总投资29000万元。"
"当前,国家已经吹响了改革开放再出发的号角。站在新的出发点,面对国际市场,化妆品行业如何讲好中国化妆品故事?面向国内市场,化妆品企业如何讲好民族品牌故事?故事的素材来源于行业上下游,种类多种多样,讲故事的人各有各的立场与角度。但万变不离其宗,一是贴合消费者的需求讲故事,二是与一流企业站在相同的起跑线上讲故事。放眼全球,绿色,既是需求又是标准。1992年初,世界观察研究所发布的世界环境状况年度报告,用大量数据说明世界环境正在恶"
"(2018.4～2018.6)我局根据《中华人民共和国计量法》第二十一条规定,对为社会提供公证数据的产品质量检验机构的计量检定、测试的能力和可靠性进行考核。并根据《中华人民共和国计量法实施细则》第二十九条之规定进行计量认证。现对考核合格并通过计量认证的单位予以公告(详细项目与参数见所发证书或我局门户网站查询):"
"食品包装是食品的外部保护,可以防止食品免受外界因素的影响而収生感官或营养成分的变化。传统的食品包装材料不仅会给环境带来巨大压力,而且从食品包装迁移至食品中的化学物质也会给食品安全和质量带来负面影响。随着人们对食品包装材料的安全性越来越兲注,很多新型的食品包装材料成为研究热点。本文对几种具有较大应用前景的可降解材料、可食材料迚行了综述,包括天然高分子材料、微生物合成高分子材料、聚乳酸(poly lactic acid, PLA)等新型食品包装材料的研究现状和亜待解决的问题,简要介绍了活性包装和智能包装的収展,幵对未来食品包装的収展趋势提出方向。"
"食品中的矿物油污染物是指石油来源的C_(10)～C_(50)烃类化合物,包括烷烃矿物油(mineral oil saturated hydrocarbons, MOSH)和芳烃矿物油(mineral oil aromatic hydrocarbons, MOAH)2大类。近年来的研究表明,食品中的矿物油污染物主要来源于食品的回收纸包装材料迁移。本文综述了国外近十年来纸质包装材料的矿物油迁移研究情况,包括纸质包装材料迁移的矿物油分析方法——液相色谱-气相色谱联用法;矿物油迁移至食品的2种方式:气态扩散迁移和包装材料接触迁移;降低矿物油迁移的技术方法,即食品包装纸质材料的回收工艺,向包装纸质中添加活性炭等吸附剂以及增加阻隔层以阻挡矿物油的迁移。旨在为相关企业和机构提供数据与技术参考。"
"现如今,越来越多的饮料生产商及OEM商开始监控产线设备的综合效率OEE,相信未来的生产技术能够支持OEE监控,并提供反映生产线生产能力的具体数据。在赋码标识环节,多米诺智能平台将对赋码设备大数据进行有效的管理与分析,以往对于生产的预测和假设"
"紫外荧光油墨是出入境证件中最为常用的防伪技术之一,不同类型的紫外荧光油墨呈现不同的图文特征。形态学检测方法通常是根据激发光波长的差异以及所呈现的颜色差别进行区分,这种主观上的观察势必会带来一定误差,严重时甚至误判。借助光谱分析技术,通过分析荧光光谱数据,客观揭露紫外荧光油墨的成分。实际案例表明:形态学检测方法具有很强的迷惑性,容易导致误判,而量化比对分析方法是一种鉴定油墨成分的有效方法,具有较强的科学性和规范性。"
随着移动互联技术的发展人类社会正经历重大的传播变革这与500多年前古登堡机器印刷术产生的时代背景极其相似500多年前以古登堡机器印刷术为代表的传播技术进步加速了科技文学与艺术等信息在欧洲地区的扩散由此引发了系列变革开启欧洲发展的新篇章回顾历史不是为了站在今天看昨天而是站在今天看未来站在当下我们需以史为鉴纵观前人研究笔者发现从新闻传播学意义上探究古登堡机器印刷术引发的系列变革在国内学术领域仍属空白因此通过回顾梳理500多年前古登堡机器印刷术引发的变革将有助于个人媒体和社会层面以史为鉴反观现今传播变革现状而这也正是笔者开展此研究的主要目的本研究立足于新闻传播学和历史学双视角从古登堡机器印刷术这一重要的传播技术着手对古登堡机器印刷术印刷媒介传播变革社会变革等关键词进行把控运用定性研究法跨学科研究法和文献研究法全面系统地论述古登堡机器印刷术引发的系列变革在结构上本文首先从研究背景概念界定文献综述等方面厘清文章的研究问题和研究路径进而于第二第三章讨论了古登堡机器印刷术的产生及其印刷业的发展延续前三章的行文思路笔者在第四章中大胆提出假设结合新闻传播学理论和历史学知识不断求证以此检验印刷业的发展引发传播结构的变化这一假设的成立第五章在假设成立的前提下以新的工商产业为切入点从人力资本贸易交换规模和文明角度探讨传播结构变化如何影响社会变革本文从新闻传播学的角度对古登堡机器印刷术引发的系列变革给予了新的解释即一项全新的传播技术古登堡机器印刷术促使新的印刷行业产生印刷业的蓬勃兴起导致了传播结构的变化而新的传播结构影响了社会人力资本工商业贸易规模并最终促成了现代文明的出现实现了人类文明的进阶通过历史回顾梳理对现今人类社会在新技术革命的背景下如何转型和演进具有重要的启迪和借鉴意义
一般含氮量在115122的硝化纤维素是基本成膜的涂料业内简称硝基漆或硝基涂料硝基涂料应用最大的领域是木器漆和油墨为了保障硝化棉运输贮存与使用的安全性人们提出将硝化棉制成硝化棉溶液和硝基漆片的方法即在溶剂类物质中加入硝化棉溶解分散过滤得到硝化棉溶液通过增塑剂塑化硝化棉通过碾压烘干切片工艺制得硝基漆片本文结合作者所在企业的实际研究了硝化棉溶液的制备工艺针对长途运输降低费用的需要探讨了高粘度高固含量硝化棉溶液的生产方法针对国家环保要求探讨了有苯生产线改无苯生产线的方法建立了无苯棉液的分析指标探讨了无苯硝化棉溶液的生产方法同时建立了与生产工艺相匹配的分析检测方法分析了影响分析结果的环节并对分析方法进行了优化本文从硝基漆片的生产路线出发研究了硝基漆片生产的主要环节研究出塑化工艺参数卧式碾压与立式碾压相结合的碾压工艺烘干工艺参数得出硝基漆片的生产工艺流程图研究出了与连续化漆片生产线配套的安全处理工艺碱洗工艺摸索出碱洗周期建立了与生产工艺相匹配的硝基漆片增塑剂和硝基漆片的分析方法用环保型增塑剂代替了逐渐被禁用的邻苯二甲酸酯类增塑剂建立了产品的验收标准
"随着消费者对食品安全和品质要求的不断提高,传统的食品包装已经不能满足当今市场的需要。一些先进的包装技术和环境友好型包装材料被不断开发应用于食品包装。本文总结了近几年食品包装技术和包装材料的最新研究进展,着重探讨活性包装、智能包装技术以及绿色包装和纳米包装材料,并对不良食品包装导致的安全问题及其有毒有害物的迁移进行归纳,在此基础上提出可行的解决方案。"
"对石墨烯及其聚合物基复合材料进行简单的介绍和分类,着重介绍了几种主要聚合物/石墨烯复合材的制备方法及其产业化应用研究情况,同时综述了聚合物/石墨烯复合材料最新的研究进展,评述了聚合物/石墨烯复合材料产业化状况及其发展过程中所面临的机遇与挑战."
经过30多年的发展3D打印技术正在改变着人类原有的生产模式逐渐被应用于制造业航空航天生物医学电子机器人建筑行业等行业目前德国实施的工业40计划视3D打印技术为实现智能生产的关键技术而且德国总理要求研究与创新专家委员会制定该技术发展的国家战略目前美国政府成立了首家国家制造业创新中心国家增材制造创新中心以便促进3D打印技术的发展从而推动制造业的回归2015年两会前中国政府公布了国家增材制造产业发展推进计划20152016制定了短期发展目标和相应措施从而推动3D打印产业有条不紊地发展加速我国产业结构调整提升我国制造业整体水平同时3D打印等先进制造业技术与信息网络技术的融合将推动李克强总理提出的互联网计划的实现在此背景下3D打印技术已成为研究热点本文从多维度研究该项技术并提出笔者对该技术发展的个人见解本文第一部分通过追述打印技术的演变历程总结出打印技术发展的整体规律即从虚拟到存在简单到复杂无机到有机并且阐述了3D打印技术的应用领域以及发展趋势通过研究3D打印技术及其特点总结出其本质和内涵即信息世界3材料世界1产品世界1这将有助于科研人员抓住该项技术发展的核心问题从而加强3D打印材料的研究开发以及提高产品创造和设计能力本文第二部分主要从科学技术哲学角度诠释3D打印技术根据波普尔三个世界理论以及王克迪教授对该理论的改进3D打印的生产过程展示了世界3和世界1之间的相互作用关系由此过程产生出新的世界3和世界1因为3D打印技术有助于实现个性化社会化生产这将使世界3和世界1的内容急速扩大3D打印生产方式信息材料产品可以极大地发挥人的能动性和创造性相对原有的生产方式能够彰显人类的主体性因为科学技术的内在风险性3D打印技术的使用将与传统伦理道德产生冲突本文通过分析潜在的伦理问题提出了相应对策本文第三部分主要从马克思政治经济学角度分析3D打印技术将推动生产力的发展进而影响甚至改变现有的生产方式3D打印的技术特性决定其能够实现分布式个性化定制生产这有望解决现有生产方式所引起的生产和消费鸿沟以及产能过剩问题本文第四部分主要讨论3D打印技术通过改变生产方式将会影响社会各个领域并且通过选择具有代表性的行业展示了其对经济政治军事环境文化带来的冲击本文第五部分主要从知识产权保护和违禁物品生产等方面探讨3D打印技术可能引起的社会风险并且具体列举了潜在的风险以及提出了相应的对策建议本文最后详细分析了美国可持续发展战略和德国工业40国家战略通过借鉴欧美发达国家的强国战略提出适合我国工业发展现状的战略规划并借助新工业革命到来的契机优先发展3D打印等战略性新兴技术实现跨越式发展最终完成从工业大国向工业强国的转变
计算机视觉技术在现代生活中已获得了广泛的应用高效的图像处理算法是计算机视觉技术能否获得成功应用的关键与工业图像处理相比植物的外形尺寸形状颜色是植物分类的重要外观特征但植物生长环境内光照变化大成像条件不理想同时植物在外观表现上不能象工业零件那样具有规律性和可描述性给具体目标的识别带来了很大难度由于人眼只能识别几十个灰度级但却可以辨别成千上万种颜色而且彩色图像可以提供更为丰富的信息故以数字图像处理技术为手段探求能够适合较复杂环境的能够处理复杂图像的高效的彩色图像处理方法是人们一直孜孜以求的目标本论文研究彩色图像的特征提取与分类问题并具体通过对树皮纹理图像特征分析利用SVM与RBPNN分类器对植物树皮纹理图像进行分类研究达到对植物进行自动分类的目的首先对颜色空间给予较为深入具体的研究对目前所提出的主要的颜色空间进行了归类分析并对各种颜色空间之间的转换关系进行了论述由于植物的颜色在生长环境中会发生一定的颜色变换如在不同季节中植物的外观会呈现出不同的颜色同时周围环境的变化如水分养分和日照时间的改变也会导致植物外观颜色发生变化因而图像的颜色特征很少应用于植物分类研究但相对来说相对于其他特征颜色特征非常稳定对于旋转平移尺度变化甚至各种形变都不敏感表现出相当强的鲁棒性而且颜色特征计算简单本论文首次将颜色特征引入植物分类将植物树杆颜色特征矢量应用于植物分类研究其次在基于内容的图像特征提取方面分别介绍了图像的颜色特征纹理特征和形状结构特征等三种提取方法在图像的颜色特征提取方面提出了一种接近人类视觉模型的颜色特征提取方法该方法对RGB彩色空间进行压缩然后将RGB颜色空间转换到HSI彩色空间利用Cmeans聚类方法对图像颜色进行聚类分析最后对聚类后的图像计算其统计特征以其统计特征向量作为图像的特征在图像纹理特征提取方面本文提出一种基于小波域的共生矩阵模型首先对图像进行一层小波分解获得原始图像的四个滤波图像然后分别对四幅小波滤波图像进行量化处理得到四幅不同的图像最后对每一幅图像利用共生矩阵提取纹理特征进行分类提出一种基于马尔可夫模型的转移矩阵图像特征提取方法纹理在视觉表观
气浮设备和絮凝剂是气浮净水技术的核心研究新型复合聚硅硫酸铁铝絮凝剂及CAF涡凹气浮设备将解决实际问题具有十分重要的现实意义用钛白废酸和粉煤灰为原料设计出一条新工艺流程制取新型复合聚硅硫酸铁铝PFASSi其最佳工艺条件为当酸浸时间为15hNaCl助溶剂与粉煤灰的质量比例为0051固液比为110浸取温度为90时铝的酸浸取率最大可达3926当碱浸时间为2h浸取碱液浓度为5molL固液比为110浸取温度为90时硅的碱浸取率最大可达3588在常压40的条件下以NaNO_2为催化剂空气为氧化剂KI为助催化剂氧化反应时间为2h以氧化聚合一步法制取聚合硫酸铁铝然后加入聚合硅酸复合即可制得聚硅硫酸铁铝的红棕色液体产品在混凝处理焦化废水滇池含藻水和三种再生造纸废水时与PACPFS相比PFASSi具有用量少沉降速度快费用低对藻类油CODcrSS色度或浊度的净化效率高适用的pH值范围较宽等优点PFASSi的形态分布和混凝研究表明针对不同的废水研究开发了不同的专一复合PFASSi絮凝剂它的最优技术指标为B1520FeAlSi或FeAl摩尔比均为101pH为2040论文初步建立了CAF涡凹型气浮机工作及设计计算理论体系设计制作了小型CAF样机同时采用PFASSi絮凝剂为主要絮凝剂对四种废水进行了气浮净水试验研究结果表明用小型CAF样机气浮处理滇池含藻水两种再生造纸废水以及焦化废水预处理是可行的具有用药量低气浮时间短净化效果好的优点除藻率和除油率分别可达99和998SS和浊度的净化效率分别可达96和92以上预处理焦化废水时COD的净化效率可达565气浮除藻后的水可作为工业用水再生造纸废水处理后可回用单独使用絮凝剂时无机絮凝剂的净化效果顺序为PFASSiPFSPAC复配药剂的处理效果要优于单一用药而且无机与有机絮凝剂配合使用有利于降低药耗和提高净水效果应用分形理论研究分析PFASSi及与PAM复合处理废水时生成的絮体的形成生长和不规则程度生成的絮体分形维数为153165或155173解释了混凝过程的吸附架桥沉淀网捕作用机理和气浮过程的凝聚絮粒与气泡粘附及上浮作用机理建立了絮体生成的DLA分形模型V_nknup经过理论推理建立了理想化的气浮絮体分形模型其分形维数为提高结合气浮絮粒的个数n有利于提高分维D_f和气浮效率将无机高分子和有机高分子絮凝剂复合使用通过CAF气浮机叶轮或涡轮的长时间高强度机械搅拌使气浮絮体发生脱水收缩促进致密型气浮絮体的生成气浮效果更好
"简述了白炭黑的结构、性质、制备方法,并重点综述了其表面改性的作用、改性机理、常用的改性剂及其近年来在工业生产中的应用情况,分析了国内外白炭黑工业的市场现状及我国与国外的差距,提出了研究和生产发展的方向。"
"综述了利用可再生资源制备羟甲基糠醛的方法及研究进展,讨论了其重要衍生物及其应用:2,5-呋喃二甲醛可用于合成许多新化合物;呋喃二甲酸可以作为合成聚酯类材料的初始原料,还可应用于药理学的研究;乙酰丙酸制取各种产品,包括树脂、医药、香料、溶剂、涂料和油墨、橡胶和塑料助剂、润滑油添加剂、表面活性剂等,还可以作为农药、染料的中间体。分析了目前利用生物质制备羟甲基糠醛研究中存在的问题,对其今后的研究发展提出了建议。"
"絮凝剂是絮凝法水处理技术的核心 ,目前阳离子高分子絮凝剂作为龙头产品受到人们广泛关注。就国内外阳离子有机絮凝剂的研究开发和应用进行评述 ,内容涉及阳离子型聚丙烯酰胺接枝共聚物、羟基醚化类、烷基烯丙基卤化铵类和环氧氯丙烷与胺反应物 ,特别是淀粉等天然高分子改性阳离子型絮凝剂和人工合成的无毒有机阳离子高分子絮凝剂"
对高分子材料在微胶囊新技术中的应用状况进行了综述。介绍了制做微胶囊的高分子材料种类、制备微胶囊的方法。讨论了影响微胶囊性能的因素，并展示了微胶囊新技术的应用场合。
"油桐是原产我国的世界著名的工业油料树种。油桐在我国16个省、市、自治区有栽培分布,栽培分布范围广,品种资源丰富,结实早,产量高。简单介绍了油桐的资源分布、栽培与利用及其栽培的优势,并提出把油桐生产列入国家生物质能源发展的范畴、把油桐生产列入“十一五”规划项目、开展油桐作为生物柴油使用的试验研究、恢复原来的油桐研究会、迅速搜集保存油桐种质资源等建议。"
"介绍了一种新型有机吸附材料。用能作用于生淀粉的酶在低于淀粉糊化温度下水解各种生淀粉 ,形成一种中空的多孔淀粉。报导了应用该多孔淀粉吸附各种物质的实例以及改良方法。主要用作微胶囊芯材、吸附剂 ,吸附各种功能性物质。"
根据纳米碳酸钙的特点及填充补强机理，将白燕华ＣＣ填充于ＮＲ，ＳＢＲ及ＢＲ胶料中，测试其补强填充效果。结果表明，随白燕华ＣＣ用量的增大，ＢＲ和ＳＢＲ胶料的拉伸强度明显上升，而ＮＲ胶料则表现为先缓慢上升，在白燕华ＣＣ用量大于６０份后明显下降；ＳＢＲ和ＢＲ胶料的撕裂强度则不如ＮＲ胶料增长显著。在ＳＢＲ和ＢＲ胶料中随白燕华ＣＣ用量的增大，硫化时间明显缩短。纳米碳酸钙可部分或大部分替代炭黑和白炭黑作补强填料，具有填充量大，补强、增白效果好等特点，适宜在浅色橡胶制品中应用。
"低浓度苯类有机废气的常用处理方法有催化燃烧法、活性炭吸附法、微生物处理法及吸收法等 ,其中吸收法投资费用少 ,运行成本低 ,在中小型企业中得到广泛应用。文章结合具体应用实例 ,在传统吸收法的基础上 ,针对低浓度苯类有机废气提出了一种新的复方液吸收法 ,提高了吸收效率 ,使低浓度苯类废气的净化处理效率达到 87.5 %。该项技术具有投资省、运行成本低、净化效率高、易操作等特点 ,有很好的推广应用价值"
"食品包装材料中的残留污染物是引起食品污染的重要途径之一。根据国内外研究结果的有关资料,对纸质食品包装材料中存在的微量元素、荧光增白剂、有机氯化物、增塑剂、芳香族碳水化合物、有机挥发性物质、固化剂、防油剂以及杀菌剂等化学残留物的来源、毒性分析、其迁移到食品中的可能性及对人体的危害作了综合的论述,为相关食品包装企业的质量控制和科研工作者提供参考。"