目的研究单体对UV-LED喷墨油墨性能的影响并改善油墨性能。方法选用不同单体分别制备油墨样品,测试色浆的分散性及油墨的黏度、表面张力、双键转换率、柔韧性和附着力,并采用配方实验方法设计复合单体配方,得到油墨综合性能最佳时混合单体的比例。结果色浆配方中复合单体最优质量比为mNPGDA∶mTMPTA=0.54∶0.46时,色浆分散性最优;油墨配方中复合单体的最优质量比为mTPGDA∶mTMPTA=0.61∶0.39时,油墨综合性能最优。结论单体对UV-LED喷墨油墨的分散性及固化速度有显著影响,对油墨固化后成膜性能影响也较大。"
目的应用UV-LED固化技术来降低磁性防伪油墨的固化时间。方法选用环氧丙烯酸酯和二丙二醇二丙烯酸酯,通过改变两者的质量比来配制连接料,选用TPO和819为光引发剂,改变光引发剂的质量分数,固定其他组分,配制UV-LED磁性防伪油墨,打样并使用波长为395 nm的UV-LED光源照射,测定油墨的固化时间。结果数据结果表明,当连接料中环氧丙烯酸酯和二丙二醇二丙烯酸酯的质量比为1∶0.8,光引发剂选用819(质量分数为6%)时,磁性防伪油墨固化时间最快可达0.6 s,双键转化率最高可达96%。结论 UV-LED磁性防伪油墨固化时间的主要影响因素有预聚物与单体的质量比,光引发剂的种类与质量分数。在合理的粘度范围内,预聚物与单体的质量比值越大,固化时间越短;单一光引发剂所释放的自由基越多,固化速率越高,光引发剂质量分数越高,固化时间越短。"
本文比较了UV-LED固化技术与UV固化技术的区别及利弊,比较了UV-LED油墨与UV油墨配套的固化设备性能的优劣,探讨了UV-LED技术在国内推广的基础条件及发展前景。"
目的为了建立评估方法,优选出适用于UV-LED固化喷墨油墨的光引发剂和低粘度单体种类。方法用紫外-可见光分光光度计表征TPO, ITX, DETX, 819, 784, TPO-L等常见的6种光引发剂的紫外-可见吸收光谱。采用TPO为引发剂,分别用HDDA, ACMO, DPGDA, EOEOEA, DMAA等5种常用的低粘度单体,配制UV-LED喷墨油墨用连接料和油墨,用红外光谱和可见光透过光谱表征连接料的固化速度和固化膜的颜色,并通过指压法判定表干程度。结果 DMAA,EOEOEA组成的喷墨油墨连接料成膜性不好;含有ACMO连接料的透明度较好。结论满足食品、药品包装安全要求,可以用于UV-LED固化的光引发剂为TPO,TPO-L及819;以粘度和固化程度为标准,用于制作喷墨油墨的5种单体的适用性从高到低排序为DPGDA, HDDA, ACMO, EOEOEA, DMAA。建立的评估方法合理有效。"
UV-LED油墨因节能、环保、高效等优势备受关注。为提高UV-LED油墨的固化速率,选用不同光引发剂分别制备油墨,在不同波长及辐射能量的UV-LED光源下固化,研究了光引发剂和光源对油墨固化速率的影响。改变光引发剂质量分数制备油墨,测试油墨的固化速率,从而确定能使油墨获得较高固化速率的光引发剂质量分数。研究结果表明,光引发剂的种类、质量分数和光源的性能参数对UV-LED油墨的固化速率都有很大影响,所研制的油墨在颜料的透光窗口、光引发剂的光谱吸收峰、光源的光谱辐射峰三者相互匹配时有较高的固化速率。"
为了得到分散性能优良的黑色UV-LED喷墨油墨,通过选用不同单体以及混合单体分别研磨制备色浆取样并测试其色浆的粒径大小,探讨单体对油墨分散性的影响。研究结果表明,对于碳黑颜料,不同的单体制备出的色浆分散性有差异,单独采用单体HDDA或EOEOEA配制的黑色UV-LED喷墨油墨粒径小,即得到的油墨分散性较好;采用混合单体HDDA:EOEOEA=1:1时制备的黑色UV-LED喷墨油墨色浆分散性更好。"
UV-LED喷墨油墨因节能、环保、高效等优点而备受关注。本实验主要选取了7种具有代表性的丙烯酸酯单体,分别制备了喷墨油墨样品,测试油墨的表面张力、分散性、黏度等性能参数,用来考察不同单体对UV-LED喷墨油墨性能的影响。使用喷墨印刷机进行喷墨印刷并采用UV-LED光源固化,测试样张中线条的线宽、密度、模糊度、粗糙度和对比度等印刷质量参数,分析单体的结构对制备油墨的印刷质量的影响。结果表明,不同结构的单体制备的油墨性能存在差异,单体种类对线条印刷质量也有显著影响。"
在标签和票证上,一连串的号码起着标识、防伪、装饰等作用。传统的凸印号码油墨是采用氧化方式干燥,存在着干燥周期长、容易蹭脏等缺点。自从1969年美国首次将UV油墨用于卡纸印刷,且UV油墨因有着快速固化、无溶剂、免喷粉等优点得到了长足的发展。然而,传统的UV光源普遍为高压汞灯和金属卤素灯等光源,会产生能耗高、发热大以及臭氧等问题,对UV号码油墨的发展造成了一些不利影响。随着科技的发展,近些年来涌"
综述了UV-LED光固化技术相关光源设备和光固化材料现状,指出光强在三维可控、发射波长与光引发剂配套、大功率、结构更简单是光源设备的发展方向;开发新的引发剂、单体、预聚物组成高活性、高能效UV-LED固化材料体系,并与新的光、声、电、磁功能纳米新材料以及3D打印制造有机结合是UV-LED固化材料的发展方向。"
深圳奥利安光电成立于2009年,公司位于深圳坂田中宝通科技园内,公司专注于为客户提供UVLED光源的设计和制造。公司目前拥有超过20人的设计工程团队,设计人员技术专长涵盖UV-LED芯片、封装、散热、结构、工业控制、电子领域。同时,在产业链上,奥利安与国外顶级企业建立了紧密合作关系,致力于为客户提供从创新到执行的一站式服务。"
江苏广发光电科技有限公司(以下简称""广发光电"")是一家专业从事新型环保光源的应用研发和产业化发展的企业。其研发生产的大功率LED紫外(UV-LED)固化光源系统的综合指标已达到国际先进水平,在同等固化效率下,可比传统UV固化光源节能80%以上,且工作中无臭氧产生,在UV固化领域起到了革命性的作用。"
随着社会和经济的发展环保型油墨和绿色印刷方式成为发展趋势UVLED光固化采用光电转换原理具有发热量小效率高节能环保且光源寿命长等优势成为新型的固化方式柔印采用的是凸版轮转印刷方式结构简单操作方便并以其独特的印刷方式广泛应用于印刷包装中柔印UVLED油墨结合柔印和UVLED光固化的特点固化速度高对环境和人体无害成为新型的绿色油墨被人们广泛关注和研究本课题旨在制备一种粘度小固化速度高的柔印UVLED油墨主要工作如下1选择聚氨酯丙烯酸酯和超支化聚酯丙烯酸酯为预聚物并改变预聚物含量为20304050分别制备油墨测其色强度和粘度结果表明当超支化聚酯丙烯酸酯含量为30时油墨性能较好2采用TPO819ITX907四种光引发剂及固化速度较快的三种进行复配分别制备油墨用395nmUVLED固化光源进行照射测其固化时间结果表明采用光引发剂819制备的油墨固化时间最短且固化效果好墨层表面无泛黄现象3采用单因素法对品红颜料的用量进行优选固定油墨其他组分不变改变颜料含量为34567采用同样的方法改变光引发剂819含量为456778对光引发剂的用量进行优选结果表明当颜料含量为5光引发剂含量为6时固化时间最短4设计正交试验合成九组柔印UVLED油墨测其粘度固化时间色强度分析得到柔印UVLED油墨的最佳配方如下颜料品红5预聚物超支化聚酯丙烯酸酯40单体己二醇二丙烯酸酯45光引发剂8197助剂分散剂流平剂3其中分散剂与流平剂的比例为11配制得到的油墨粘度为893mpas色强度为148固化时间为05s印刷适性较好
随著环境保护呼声日益高涨油墨的环保化是一个重要的发展趋势近年来UV油墨以其环保高效高质量适应性广等优势成为目前受到最多关注的新型油墨拥有巨大的发展前景但由于常规UV光源为高压汞灯存在寿命短耗电量大承印材料受热变形及重金属污染等缺陷而UVLED光源是利用光电转换原理该固化方式更为节能环保且光源寿命长辐射热量低成为油墨的新宠本课题旨在通过改变UVLED喷墨油墨组分和配方以达到更好的油墨固化速度和印刷质量的提高本论文在前期UV喷墨油墨研究制备的基础上通过不同颜料光引发剂的组合制备油墨并用不同波长及辐射能量的UVLED光源测试油墨的固化速度研究油墨颜料透光窗口光引发剂吸收光谱和光源辐射光谱的匹配性对UVLED喷墨油墨固化速度的影响改变光引发剂预聚物单体种类分别制备油墨研究各组分对油墨分散性黏度表面张力和固化速度等性能的影响并通过配方实验设计油墨配方通过改变单体种类制备色浆及油墨研究单体对色浆分散性及UVLED喷墨油墨印刷质量的影响研究结果表明预聚物单体的结构光引发剂对光的吸收性及其含量光源的结构与性能参数对UVLED固化油墨的固化速度都有很大影响所研制的油墨在相匹配的光源下有较高的固化速度预聚物和单体对油墨的各项性能均有不同程度的影响根据实验配方制备的油墨综合性能优异单体对色浆的分散性以及UVLED喷墨油墨的印刷质量也有较大影响
目前市场上的假冒伪劣产品给人们的健康带来巨大危害防伪技术与防伪材料的开发受到政府和研究人员的重视在众多防伪材料中UVLED磁性防伪油墨具有VOC排放低干燥速率快颜色深检测方便防伪效果优异等优点在绿色印刷领域有巨大的开发和应用前景本文先制备磁性Fe_3O_4纳米颗粒再使用油酸对其进行包覆最后采用KMnO_4H氧化的方法制得分散性能优异的磁性Fe_3O_4纳米颗粒最后以羧基化Fe_3O_4纳米颗粒为磁性颜料制备UVLED磁性防伪油墨本论文主要内容包括以下几点首先采用共沉淀法以FeSO_47H_2O与FeCl_36H_2O为原料制备平均粒径约为35nm的Fe_3O_4磁性纳米颗粒通过调节反应物浓度及反应温度成功制备出粒径均匀性好形貌均为球形且无团聚的Fe_3O_4纳米颗粒利用X射线衍射仪扫描电子显微镜振动样品磁强计等表征手段对合成的样品进行表征数据表明样品中无杂质纯度高形貌均为球形且无明显的团聚现象饱和磁化强度约为854emug剩余磁化强度约为92emug表现出良好的软磁性材料特性其次使用油酸对磁性Fe_3O_4纳米颗粒进行包覆再使用KMnO_4H给纳米Fe_3O_4颗粒表面接羧基制备出粒径约为50nm磁性能稳定在有机溶剂中具有优异分散性的羧基化磁性Fe_3O_4纳米颗粒通过沉降距离表征改性后磁性Fe_3O_4纳米颗粒的有机分散性能实验结果表明羧基化改性的磁性Fe_3O_4纳米颗粒的分散稳定性显著提高最后以自制的羧基化Fe_3O_4纳米颗粒为磁性颜料246三甲基苯甲酰基二苯氧化膦光引发剂819环氧丙烯酸酯与二丙二醇二丙烯酸酯DPGDA混合物为连接料制备UVLED磁性防伪油墨通过大量实验及性能测试研究了磁性颜料光引发剂和连结料各组分的含量对油墨粘度磁响应固化速率和耐磨擦性的影响根据实验数据优化配方后得到UVLED磁性防伪油墨的最终配方磁性颜料含量404511号连接料含量4550光引发剂819含量67助剂含量34该油墨磁响应强干燥速度快防伪效果好VOC排放低对环境友好
随着紫外发光二极管UVLED芯片技术及其封装技术的快速发展由于紫外LED相比传统光源具有发光效率高寿命长节能环保反应速度快等特点使其在固化等行业具有巨大的市场前景各个国家地区都争相投资研发紫外LED光源这也将进一步推动相关的光电子材料能源半导体芯片制作以及封装等行业的发展影响LED出光效率主要有芯片本身和后期的封装结构目前紫外LED的发光功率普遍较低除了芯片制作水平的需要提高之外封装技术对LED的发光效率特性也有重要的影响本文主要工作是围绕紫外LED的封装工艺提出了点光源和可用于油墨固化的大功率芯片封装结构并对整个封装工艺进行研究具体包括以下内容首先介绍了目前大功率紫外LED在国内外的发展状况分析了紫外LED的市场应用前景及它应用于固化等行业的优点及可行性并引出当前LED封装所存在亟需解决的问题接着分析了热量产生原理和LED的封装热阻计算方法并比较分析了大功率LED封装材料如基板封装胶透镜和导热界面材料的选型增强器件的散热能力提高器件的可靠性再次提出了单颗LED和可用于油墨固化的大功率LED的结构设计方案结合计算机进行光学和热学建模仿真寻求用于紫外LED封装的最优LED间距以及有利于散热的最佳导热界面材料热导率和其厚度对结温的影响最后研究了紫外LED的封装工艺过程制备出点光源和大功率面光源模块并介绍了发光散热方面相关性能测试指标初步开展了VI曲线波长半带宽等指标的测试实验由于封装很大程度决定了LED发光器件的性能本课题的研究为紫外LED芯片封装具有重要的实用价值
"针对高速柔印机对紫外LED光源的需求,设计大功率、高光密度、窄光斑的紫外固化固体光源。采用385 nm的正装垂直结构紫外LED芯片,进行芯片阵列排布,封装制作出9串1并和9串6并的两种尺寸COB样品,利用近场光学测试了小尺寸样品9串1并,获得了光源数据。利用LightTools软件进行6倍光源阵列得到了与大尺寸9串6并样品一致的近场光学光源数据,运用LightTools光学设计软件建模优化,获得了一款3 D透镜结构模型,在10cm处的紫外能量密度的模拟数值为6 W/cm~2。按3D结构模型开模制作出一款硅胶透镜,在10 cm处的紫外能量密度的实测值为6.08 W/cm~2。"
"针对高速柔印机对紫外LED光源的需求,设计大功率、高光密度、窄光斑的紫外固化固体光源。采用385 nm的正装垂直结构紫外LED芯片,设计并制作电路板,封装制作出1并9串和6并9串2种尺寸的COB样品,利用1并9串样品进行了近场光学测试。根据近场测试所得光源参数,进行6倍阵列获得与6并9串COB样品大小相同的光源近场光学参数,在光学设计软件Light Tools上建模优化,得到一款3D透镜结构模型,在10 cm处的紫外能量密度模拟数值为6 W/cm2。按3D结构模型制作一款硅胶透镜,在10 cm处的紫外能量密度实测值为6.08 W/cm~2。"
"UV-LED固化已经越来越被市场所采纳,成了资本市场的新宠儿,该项技术也已成为国内外印刷领域的研究热点。UV-LED印刷固化技术具有节能、环保、绿色的特点。和传统的UV固化方式相比,能够减少80%-90%的耗电量,不产生臭氧,没有VOC(易挥发的有机物质)排放。其中,光源驱动的电路设计是UV-LED固化设备的关键技术之一。UV-LED光源驱动的电路需要有很高的稳定性,以提高固化设备的工作可靠性和使用寿命。单颗UV-LED芯片功率只有几瓦,不能满足固化功率要求,因此可采用多颗芯片阵列组成UV-LED集成光源系统。本文介绍的光源系统是由72颗LED芯片采用阵列排布方式构成的,重点介绍通过整流滤波、填谷电路直接驱动LED芯片的电路。该驱动电路不仅可满足LED光源系统固化功率的要求,还可根据固化系统的实际需求对芯片功率进行补偿及提升,使固化设备的工作可靠性和使用寿命得到提高。"
"UV-LED固化已经越来越被市场所采纳,成为了资本市场的新宠儿,该项技术也已成为国内外印刷领域的研究热点。UV-LED印刷固化技术具有节能、环保、绿色的特点。和传统的UV固化方式相比,能够减少80%-90%的耗电量,不产生臭氧,没有VOC(易挥发的有机物质)排放。其中,光源驱动的电路设计是UV-LED固化设备的关键技术之一。UV-LED光源驱动的电路需要有很高的稳定性,以提高固化设备的工作可靠性和使用寿命。单颗UV-LED芯片功率只有几瓦,不能满足固化功率要求,因此可采用多颗芯片阵列组成UV-LED集成光源系统。本文介绍的光源系统是由72颗LED芯片采用阵列排布方式构成的,重点介绍通过整流滤波、填谷电路直接驱动LED芯片的电路。该驱动电路不仅可满足LED光源系统固化功率的要求,还可根据固化系统的实际需求对芯片功率进行补偿及提升,使固化设备的工作可靠性和使用寿命得到提高。"
"目的研究单体对UV-LED固化光油性能的影响,并为正确选择单体配制印刷适性良好的UV-LED固化光油提供理论依据。方法主要通过控制预聚物、光引发剂和助剂的种类和比例不变,加入相同数量的不同种类的单体,分别制备光油样品,测试光油的粘度、表面张力和固化速度以及光油固化膜的附着力和柔韧性。结果不同单体对UV-LED固化光油的性能有不同的影响,采用复配单体,TMPTA和HDDA的质量比为3∶7时,UV-LED固化光油综合性能优异,符合市场上对光油的要求。结论单体对UV-LED固化光油的粘度和固化速度影响较大,对光油固化膜的附着力和柔韧性也有很大的影响。"
"为了选出最适用于UV-LED光油的流平剂,为今后配制性能更为优异的UV-LED光油提供依据,选用有机硅类流平剂、聚丙烯酸酯类流平剂、溶剂型流平剂等3种流平剂分别制备光油样品,测试光油的黏度、表面张力、附着力和光泽度。结果表明,在几乎不改变黏度的前提下,有机硅类流平剂显著降低表面张力,提高润湿性和附着力,最佳用量下,所制UV-LED光油的光泽度较高,有机硅类流平剂比较适合UV-LED光油,并且可以用于食品接触场合,符合绿色环保要求。"
在紫外光固化领域UVLED光源有着传统卤素光源不可比拟的优势但是UVLED光源的散热成为制约其发展的关键问题因此针对UVLED光源的散热问题开展研究优化散热器结构以便提高其散热效率在热传导学的基础上结合三维建模和有限元分析方法对UVLED光源散热问题进行了理论分析优化设计与实验研究根据热传导理论和UVLED光源散热关键参数建立了初始散热器三维模型和热阻模型获得了散热器的总热阻计算公式确定了影响散热器效果的主要因素根据单因素变化设计实验获得了影响散热器效果的四个主要参数考虑多因素作用对散热效果的影响设计了四因素三水平正交实验对影响散热效果的因素进行排序选取了最优参数分析了优化后的散热器所能满足的极限功率结果表明UVLED光源温度与工作时间呈二次函数关系温度升高趋势有所减缓逐渐趋于稳定UVLED光源发光效率与温度呈线性函数关系温度越高发光效率越低低温冷气环境下的对流翅片式散热器散热效率更高正交实验结果证明最优实验组合是A3B3C2D1散热器结构参数设置最优相比已有散热器模型能够降温265743提升发光效率约2831mW优化后的散热器模型极限功率为91W
紫外光固化技术以其高效经济环保节能和适用性广等5E的优点广泛适用在涂料油墨胶黏剂电子材料医疗卫生和3D打印等领域光引发剂是光固化体系的重要组成部分决定着固化过程的快慢传统的小分子光引发剂存在诸多问题如与UVLED光源波长不匹配迁移性和氧阻聚效应等问题导致引发剂的吸光能力下降影响聚合物材料的性能因此开发与LED光源相匹配的低迁移性的光引发剂可推动的紫外光固化技术的快速发展本课题选用长波吸收的光引发剂246三甲基苯甲酰基苯基膦酸乙酯TPOL为原料在碘化钠的作用下水解成246三甲基苯甲酰基苯基膦酸TPOOH然后分别与全氟辛基乙基醇十二醇反应制备出光引发剂246三甲基苯甲酰基苯基膦酸全氟辛基乙酯TPOF246三甲基苯甲酰基苯基膦酸十二酯TPOC同时将丙烯酸酯结构接入TPOL和TPO上制备2种低迁移性光引发剂TPOSJ和TPOX通过红外质谱和核磁1HNMR19FNMR和31PNMR等表征手段表征了合成物质的化学结构利用紫外吸收光谱仪测量出光引发剂的最大吸收波长在氮气氛围下使用光差示热分析仪DPC证明了4种光引发剂具有良好的光引发活性通过紫外分光光度计静态接触角和XPS等方法表明TPOF和TPOC在光固化体系里具有较好的迁移性在空气氛围下运用衰减全反射光差示热分析仪和指触法等手段表明上浮型光引发剂大量富集在体系表层吸收光能后局域产生大量的活性自由基一部分对抗氧阻聚一部分引发单体进行光聚合反应通过萃取实验表明由于可聚合官能团的引入到传统光引发剂降低了其在聚合物材料中迁移率研究内容和结论如下1上浮型光引发剂和可聚合光引发剂具有同原料一样的光引发活性引发单体进行光聚合单体的转化率和最大反应速率均较大2短时间内光引发剂TPOF和TPOC在光固化体系呈现明显的梯度分布具有良好的上浮性能大量富集在体系表层有效对抗氧阻聚3与传统光引发剂相比可聚合光引发剂可以有效解决迁移性问题
巯基光点击反应因具有高效快速反应条件温和产物收率高和操作简单等特点而备受关注成为近几年的研究热点之一本文分为三个部分介绍1巯基光点击反应辅助合成高官能度蓖麻油基聚氨酯丙烯酸酯通过巯基烯光点击反应合成了蓖麻油基多元醇然后以上述的蓖麻油基多元醇作为原料与异佛尔酮二异氰酸酯聚乙二醇及丙烯酸羟丙酯反应合成高官能度蓖麻油基聚氨酯丙烯酸酯COMEPUA通过1HNMRFTIR等对产物进行结构表征证实得到预期产物通过实时红外考察了合成的聚氨酯的UV光聚合性能并与普通蓖麻油基聚氨酯丙烯酸酯COPUA做比较COMEPUA在0098min时就能达到最大聚合速率854min1在极短的0195min时间内就能达到80的转化率而普通COPUA在0188min时达到最大聚合速率662min1在0260min内达到80的转化率此外还考察了COMEPUA紫外光固化膜的物理性能结果表明该聚氨酯具有较好的热稳定性附着力及硬度等2硫杂蒽酮二甲酰胺衍生物的合成及UVLED光聚合性能研究因具有的诸多显著优势UVLEDUVLightEmittingDiodes光聚合替代传统的高压汞灯固化方式成为目前的发展趋势但目前可用于UVLED光聚合的光引发剂甚少本章研究了三种硫杂蒽酮二甲酰胺衍生物在UVLED光照下的聚合性能通过实时红外对光聚合过程中单体的转化率进行监测结果表明这三种硫杂蒽酮二甲酰胺衍生物在UVLED光源照射下具有很好的自由基活性最大光聚合速率甚至可达3281且6min内终转化率均能达到95以上故该类衍生物可以用作UVLED光聚合体系中的光引发剂利用UVLED光引发方式安全穿透能力强的特点结合我们在硫杂蒽酮二甲酰胺化合物方面的理论研究基础有望大大拓展巯基烯点击反应的应用空间3光触发碱增殖控制巯基烯的迈克尔加成反应巯基光点击反应中的自由基反应并不是理想的点击化学类型存在着单体均聚及反应不可控等缺点单体的转化率低难以获得等计量的硫醚目标产物为此本章拟把光触发碱增殖反应和UVLED光聚合方式同时引入巯基烯点击反应中构筑一个具有较强普适性的高效光控的胺催化方法即基于UVLED光触发碱增殖反应的光化学点击法来解决巯基烯点击反应缺少较理想可控方法的缺陷本章合成了光产碱剂22硝基苯基丙基氧甲酰正己胺和碱增殖剂19芴甲氧甲酰正己胺光产碱剂在300nm以上有紫外吸收且光解产物为胺和苯乙烯类无自由基产生研究了溶液中的碱增殖反应利用该光产碱剂和碱增殖剂组成光触发碱增殖体系分别利用UV和UVLED光源触发碱增殖控制巯基烯反应通过实时红外监测巯基和烯类双键的红外吸收峰随光照时间的变化积分峰面积得到转化率曲线从而验证巯基烯是否等比例进行反应UVLED光触发碱增殖反应由于充分结合了UVLED光聚合方式安全穿透能力强的特点和增殖体系多米诺触发聚合的能力有望大大拓展巯基烯点击反应的应用空间
"近年来随着UV-LED的问世,为印制电路板曝光领域带来革命性的变化。其高效节能、恒定的光照强度、优秀的温度控制、几乎为零的维护成本。促使UV-LED面光源替代传统曝光灯成为发展趋势。文章针对印制电路板阻焊曝光工艺紫外光源的特点,论述了推广应用中需要克服的相关技术及解决方法;并通过实验数据,分析出影响UV-LED面光源曝光均匀性、时间、解析度的因素。实践表明,采用扫描式、混合波长的UV-LED面光源曝光方式,高效节能、光强分布均匀稳定、能够完全满足阻焊曝光过程对光源的指标要求,可操作性强,对印制电路板曝光工艺的品质提升与节能降耗将起到推动作用。"
紫外发光二极管UVLED相比传统紫外光源具有发光效率高寿命长节能环保反应速度快体积小等特点近年来紫外LED芯片技术和封装技术得到了快速发展使其在油墨固化等行业具有巨大的市场前景多个国家和地区都争相投资研发紫外LED光源这也将进一步推动相关的光电子材料能源半导体芯片制程及封装等行业的发展目前紫外LED的光辐射功率较低除了芯片制作水平需要提高之外封装技术对紫外LED的辐射特性也有重要的影响本文主要工作是围绕紫外LED的封装工艺研究在理论计算和仿真的基础上进行了紫外LED封装的总体设计提出了一种光热管理良好的紫外LED封装结构具体包括以下内容首先介绍了课题研究背景和目前国内外紫外LED芯片和封装技术的最新进展同时分析了紫外LED的发展趋势和市场应用前景最后给出了目前紫外LED封装研究中的一些问题接着从理论出发建立了紫外LED封装中两个重要的光学管理问题的理论基础一是LED透镜的光路原理二是平面和弧面多芯片阵列LED面光源的光辐射空间分布前者可用来指导LED透镜的结构设计后者可用来优化LED面光源的设计最后通过光学仿真详细讨论了LED各封装结构参数对光辐射的影响为LED面光源的优化设计指明了方向再次在理论设计和仿真的基础上结合紫外LED高能量和热流密度的实际情况选用合理的封装材料设计了一种具有良好热管理的紫外LED封装结构同时给出了空间弧形机械结构的设计实例和探讨最后对所制得的紫外LED封装样品围绕光辐射和封装结构温度进行了光学热学系列测试并对测试结果进行了分析测试量包括温度光辐射强度辐射波长等这些测试紧密围绕所设计的封装结构进行探讨了封装结构对LED模块的光热性能表现的影响本课题力求解决在紫外LED封装中遇到的实际问题因此本文具有重要的实用价值
LED照明杀菌灯是LED的最新应用方向之一论文对LED照明杀菌灯及其关键技术进行了研究研制了一款LED照明杀菌灯并成功应用于家畜家禽养殖场室内环境论文的主要工作围绕着照明杀菌灯的研制及其关键技术展开LED照明杀菌灯分为白光照明灯和紫外线杀菌灯两部分论文首先对白光和紫外线光源进行了研究其次根据LED照明杀菌灯的性能指标研究确定了LED白光照明灯和紫外线杀菌灯的驱动电源方案两种驱动电源方案均采用开关电源作为拓扑结构白光照明灯采用Buck拓扑结构紫外线杀菌灯采用Flyback拓扑结构论文还对LED驱动电源的组成部分进行了设计包括EMI滤波功率因数校正箝位保护电路高频变压器线性恒流源反馈电路等并对各部分的具体参数进行分析和计算论文制作了LED照明杀菌灯的驱动电源和LED照明杀菌灯的样机在实验室对LED驱动电源的漏极电压输出电压和电流及其纹波等关键波形进行了测试和分析在现场实际环境中进行了长期的试验验证了方案的正确性
随着近年来的发展GaN基紫外LED成为继蓝光LED之后新研究领域热点和市场关注的焦点GaN基紫外LED具有体积小寿命长环保以及坚固耐用等优点在应用于新一代紫外光源方面具有广阔的的应用前景长波段365nm是传统紫外光源的一个典型波长广泛应用于固化曝光防伪等领域但是目前该长波波段的GaN基紫外LED的发光效率仍然很低发光性能还远远满足不了市场的需求无法完全取代传统长波紫外光源因此对于365nm长波波段的紫外LED进行深入的研究开发出具有更好光电性能的器件这对未来的紫外LED取代传统紫外光源并广泛应用于市场各领域具有十分重要的意义和影响本论文主要研究GaN基紫外LED多量子阱结构调整对其发光效率的影响希望通过调整使得365nm左右波段的紫外LED发光性能得到提升论文首先介绍了LED以及紫外LED的概况和发展情况之后对GaN基材料的一些性质做了详细的接受接着又对生长材料的MOCVD技术做了详细的介绍并全面地介绍了XRDPLELAFM和SEM这些实验中用到的表征方法最后设计实验通过调整量子阱阱宽和垒层Al掺量来实现提升发光效率的目的两部分实验成果如下1对InGaNAlGaN量子阱阱宽调整进行了两个批次实验在保证波长在365nm左右波段的条件下第一个批次实验确定了2倍到5倍阱宽的发光性能优化范围第二个批次实验则确定了3倍最优阱宽使得外延片的发光效率最高性能最好最终也就得出了通过调整量子阱阱宽来提高365nmGaN基长波紫外LED发光效率的方案结果2对InGaNAlGaN量子阱垒层Al掺量调整也进行了两个批次实验在保证波长在365nm左右波段的条件下在第一个批次实验中确认了垒层Al掺量在由5变大时发光效率变低性能变差在第二个批次实验中确认了垒层Al掺量在由5变小时发光亮度略有变低因此确定了垒层Al掺量控制在5最合适最终也就得出通过调整量子阱垒层Al掺量来提高365nmGaN基长波紫外LED发光效率的方案结果通过两个批次两部分的实验结果基本实现了调整量子阱的一些结构来使得365nmGaN基长波紫外LED的光效提升这也达到了本论文研究的目的和意义
"紫外技术在印刷上的广泛应用至今是非常普遍的了,无论是柔版印刷机,还是凸版印刷机、柯式平版印刷机、凹版印刷机以及丝网印刷、移印、滚涂、淋涂,UV技术的喷墨打印也越来越多。UV技术以环保为前提,逐步取代传统的溶剂型油墨,尤其是在一些特殊的要求上,如食品包装;特殊效果上,如冰花、磨砂等,UV技术大放光彩。但是传统UV灯在使用过程中一般功率较大,动辄几千瓦,多则几十千瓦每支,能耗较高。而且在使用"
"中山中益油墨涂料有限公司早在2014年就开始专注LED-UV油墨的研发,目前已成功研发几款满足市场的LED-UV油墨,并得到多个印刷领域的认可。特点如下:1.固化能量低,产生热量小,固化后可堆积,进入后加工,无背面粘脏问题;2.不使用溶剂,固化时不排放、不释放挥发性有机化合物,有利于环保;3.固化后墨膜层光泽度高,且具有很好的耐热性、耐溶剂性、耐摩擦性等;4.墨膜100%固化,硬度高,适用于对墨"
"7月29日,工业和信息化部批准发布543项行业标准,其中包括HG/T 4865-2015《紫外光固化(UV)油墨用阳图热敏计算机直接制版(CTP)版材》。该标准规定了紫外光固化(UV)油墨用阳图热敏CTP版材的要求、试验方法、检验规则、包装及标志、储存和运输,适用于以铝板基为支持体涂布热敏感光层而制成的耐UV油墨阳图热敏CTP版材,该版材用于波长为830nm激光光源的计算机直接制版机的制版。该标准将于2016年1月1日起施行。"
"·爱克发超过140年经验创新,1992年开始油墨研发;·通过全球ISO环保标准ISO 9001:2000及ISO 14001:2004:·通过全球玩具安全标准(EN 71-3:及ASTM F963-96a)·气味接近零,为同类UV油墨中最轻;保存期达18个月,为同类UV由墨中最长;"
"EFI公司于近日为自己的超大幅面打印机QS2000和QS3200推出了新一代UV油墨。已经拥有了QS2000或QS3200打印机的客户可以分阶段对自己的系统进行升级。EFI公司油墨部的副总裁兼总经理Scott Schinlever说:""与原有的QSUV油墨相比,新一代油墨能在各种承印物"
"据Allied Ma rket Research(美国联合市场研究机构)推出的题为""全球UV固化油墨——2014—2020年市场机会及预测""的报告预计,全球UV固化油墨市场将于2020年达到35亿美元,2015—2020年间的复合年均增长率超过15.7%。由于包装食品及饮料行业的增长带动了标签印刷需求的上升,成为UV油墨的主要增长领域。新型的UVLED油墨技术将在多个方面逐步替代UV油墨。鉴于药品和消费品标签应用需求的增长,亚太市场有望见证UV标签油墨技术的快速增长。"
"企业简介乐凯华光印刷科技有限公司(简称""乐凯华光"")隶属于中国航天科技集团有限公司旗下的中国乐凯集团有限公司,是同时具有胶印版材、印刷胶片、柔性树脂版等产品生产能力、全方位为印刷业服务的国有大型企业,为我国印刷工业告别""铅与火"",进入""光与电""和数字化时代,并向数字化和绿色环保并重发展方面做出了突出贡献。主要产品""十二五""以来,实现印刷技术的绿色环保成为行业发展的必然要求。由于UV"
杜比生产的ＵＶ油墨ＤＵＢＵＩＴＥＮＣＲＥＳ建立于１９７０年。由于致力于开发ＵＶ油墨，因而发展很快。作为ＤＵＢＵＩＴ集团的一部分，它是生产瓶子和ＣＤ光盘印刷设备的私人公司，现已成为丝网印刷油墨专业生产厂家，并且已逐渐扩展到许多新的丝网印刷领域，成为工业...
"UV油墨非常适合于玻璃产品的印刷,但其耐水性不佳,一直困扰着国内外油墨研发者,也阻碍了UV油墨在玻璃上的推广应用。针对这一情况,伊藤油墨涂料化工技研株式会社总结多年UV油墨研发经验和教训,突破传统思路,最新开发出一款耐水煮UV丝印玻璃油墨N-GL9000,其特点如下:(1)极佳的耐水性。UV固化好的玻璃产品,能经得起自来水浸泡30 d以上,再用开水浸泡24 h,固化膜硬度和附着力不受影响。(2)UV快速固化,无需后加热处理。新型UV玻璃油墨印刷后,直接UV固化,不需要后加热处理,就能赋予墨层极佳的耐水性能。"
" 美国丽色达公司最近加大了水性UV油墨在中国市场的推广力度。美国丽色达公司是北美最大的丝网印刷油墨制造商,在北美,丽色达有5家生产基地,在全球有50多家经销商。丽色达公司在中国市场主要推广其普通型的"
"酒瓶贴花用途的低温水转印花纸是近年来为适印低能耗、环保及美观的要求而开发的水转印花纸产品。通常这类花纸都是由溶剂挥发型油墨进行印刷,因此印刷环境较为恶劣,生产效率也较低。为改变这种状况,目前国内已有油墨生产厂家着手研发环保和印刷效率更高的UV固化型油墨。本文就杭州恒基油墨涂料有限公司研发和生产的酒瓶用花纸印刷的UV系列油墨作一简单的介绍。"
"近日,伊藤油墨涂料化工技研株式会社总结多年UV油墨研发经验开发出一款耐水煮UV玻璃油墨N-GL9000。这种新型UV油墨有以下几个特点:一是极佳的耐水性。经过UV油墨固化好的玻璃产品,能经得起自来水浸泡30天以上,并且固化膜硬度和附着力均不受影响。二是这种UV油墨固化快,无需加热处"
"生活中不能缺少色彩。标签印刷油墨作为一种非常重要的色彩载体,在标签材料上勾勒出美仑美奂的图文效果,赋予了标签多姿多彩的特性。可以说,标签印刷油墨的应用让标签和商品更加炫丽,让我们的生活变得更加美好。根据市场需求,当前我国标签印刷油墨市场处于UV油墨为主,其他种类油墨为辅的格局。本期专题我们将共同走进标签印刷油墨"
"深圳市海中辉油墨制品有限公司成立于1998年,专业生产UV油墨,是集研发、生产、销售为一体的国家级高新技术企业。公司座落于美丽的石岩湖边,年产值5亿元以上,是集工作、生活、学习、休闲为一体的花园式工业园。公司拥有科学的技术配方、先进的工艺设备、严谨的现场管理、绿色的工作环境。海中辉为您提供性能更优异、品质更稳定的UV油墨。海中辉为国内外客户提供颜色定制、特殊效果产品调制、附着力"
"众所周知,UV油墨在PET材料上的附着力一直较低,所以在PET材料上用油性油墨印刷的比较多,但是随着环保要求的越来越高,UV油墨因其环保等特性而使用逐渐广泛起来。所以如何提高UV油墨在PET材料上的附着力问题变得尤"
"在使用UV平板打印机打印一些材料时,因为UV油墨瞬时干燥的原因,有时会导致UV油墨对底材附着力低的问题。此篇文章就是研究如何提升UV油墨对底材的附着力可。电晕处理笔者发现,电晕处理是一种能有效提高UV油墨附着力的方法。电晕装置的正负极分别接地面和诱电空气喷嘴,利用高电压高周波使电击分子从诱电空气喷嘴喷出,带着高能量的游离电子加速冲向正极,这样便可以改变非吸收性材料的极性并增加表面粗,增强与油墨结合的"
"光固化油墨有许多优点,因此受到薄膜开关、广告、灯箱、光盘、包装印刷等领域的青睐。介绍了光固化油墨的成分、特点、工艺参数及应用范围。同时对操作中的一些关键问题进行了详细论述。"
水基ＵＶ油墨有许多优点，适合在涂料纸和纸板上进行加网印刷和四色印刷。文章介绍了水基ＵＶ油墨的种类和组份。为了使ＵＶ油墨达到最佳性能，必须配备高质量的耐水模版和平纹丝网。水基ＵＶ油墨可用于一切网印设备并适用于高速滚筒印刷机。目前，水基ＵＶ油墨还不能满足所有网印厂家的要求，随着对其更加深入的研究，定将逐渐扩大应用范围并取代普通ＵＶ油墨。
"快速、高质量、多色一次印刷是现代印刷工业追求的终极目标。而欲达到此目标需解决的一个主要问题就是加快印刷品上油墨的干燥速度,印刷在承印物上的UV固化型油墨经紫外线的照射可在极短的时间内干燥固化,该技术被称为UV固化技术。UV固化技术在近期因市场的需要而发展的较快,但仍有一些问题需要解决。"
"综述了紫外线固化油墨(UV油墨)的基本概念和成膜原理,UV油墨和传统油墨的组成比较,优势比较,介绍了影响UV油墨固化性能的因素及使用方法和注意事项,对UV油墨的市场作了预测。"
"成都市德工智动科技有限公司(以下简称德工公司)于2015年7月20在成都市高新技术开发区成立,定位于""中国玻璃酒瓶直印专家"",是中国第一家真正实现玻璃酒瓶直印工艺规模化量产的科技企业。德工公司的企业文化德工公司积极秉承""做酒瓶自动化后加工引领者""的企业愿景,真诚履行""为中国酒瓶后加工提"
"数码印刷是与传统印刷完全不一样的一种印刷方式,如今的传统印刷,无论是在印刷速度上还是印刷品质上,都达到了相当高的程度。数码印刷由于无须传统印刷繁杂的工序,只需由计算机发往印刷机即出成品,因此在急件印刷、可变印刷、按需印刷领域,数码印刷的优势是传统印刷不可达到的。因此,数码印"
"自首台测试机在奥地利Samson印刷公司问世以来,ROLAND 700 EVOLUTION的卓越表现不断给人留下深刻印象。2018年10月17日,我们再次见证卓越版印刷机的另一个里程碑——第1000台印刷机组在德国奥芬巴赫曼罗兰平张总部装配线上正式下线。这台六色并配备双上光单元的印刷机附加各种自动化功能,计划安装在位于比利时瓦雷的Impritex包装印刷公司。"
"纺织工业作为世界各国工业化先导产业,在解决就业、发展经济、促进贸易等方面具有重要的地位。当前,世界正在经历百年未有之大变局,发展动能深刻调整,世界多极化、经济全球化深入发展。不同要素之间的相对重要性、不同国家间的资源禀赋优势在发生明显变化,全球产业分工格局正在重塑。美国、日本以及以意大利、德国、法国为代表的欧洲发达经济体在世界纺织供应链中始终占有重要地位,并在品牌、零售、前沿技术等领域占据主导优势。与此同时,发展中和新兴经济体的作用和影响力日益提升。看清当下,方知未来。鉴于此,有必要对全球纺织产业的发展格局进行梳理,审时度势,帮助行业发展理清思路、把握机遇。因本刊本期的“新年特稿”栏目已对我国纺织工业的发展情况进行了权威深入的解读,故本系列专题主要以中国以外的国家和地区为研究对象,包括欧洲发达经济体、美国、日本及发展中经济体,通过对其产业布局、市场环境、机制建设、发展趋势等进行盘点,期望能为中国纺织工业未来的发展提供一些参考。"
LEDUV紫外线印刷固化是一种利用LED光源固化UV油墨的新型绿色印刷固化技术目前已经成为印刷固化领域的研究热点与传统的UV汞灯光源固化方式相比具有节能环保使用寿命长工作效率高热辐射小等优点但仍存在着的有效辐射能力低散热效果差可控程度低等问题针对以上问题本文进行了基于胶版印刷的LEDUV印刷固化系统设计主要内容如下为了提升固化系统工作可靠性进行了光源系统结构设计和串并联方式设计光源系统固化幅宽达到520mm由24块基板组成基板上的LED以分组并联再组间串联的方式连接实现了任意LED损坏系统仍可在较长时间内稳定工作任意基板损坏只需更换小面积基板减少更换成本为了使光源系统稳定工作利用单级有源APFC有源功率因数校正变换器设计了工作在断续模式下效率高可在线调整的反激式恒流驱动电源实现了固化系统长时间工作时紫外辐照度一直保持在6000mWcm2以上为了提升固化系统散热效果进行了传热路径热阻分析和散热板流道结构设计分析了从LED的PN结到散热板表面的传热路径中各部分热阻的影响因素建立了不同流道结构散热板的三维模型和有限元模型仿真了相同入口截面在不同流速下板面温度场分布状况并分析了流速流量和流阻三者之间的关系以及对水泵功耗的影响实现了入口水冷液为30时PN结最高温度不超过42为了提升固化系统可控程度设计了可采集固化系统电压电流印刷速度幅面宽度和温度的控制系统并可根据承印物幅面变化自动调节固化幅宽根据速度变化自动调节输出功率控制系统以具有抗工业干扰能力的STM32单片机为主控制器以触摸屏为上位机可实时监测和控制印刷固化系统的工作状态
"光引发剂是光固化(射线固化)材料的关键组成部分,对光固化速度起着决定性的作用。本文全面、系统地阐述了近年来光引发剂的技术进展,并在光引发剂分类的基础上,详细介绍了数种市售新型光引发剂的化学结构、性能和用途。"
"紫外光固化涂料是一种新型绿色环保节能涂料,近年来发展迅速。本文重点综述了紫外光固化涂料的国内外发展概况,介绍了光固化涂料的固化原理、组成及性能,阐述了其研究及应用现状,指出水性化和粉末化将是紫外光固化涂料未来的发展方向。"
"随着计算机技术、喷墨打印技术、高精度喷涂装置、超细染料制备等技术、装备和原料的不断发展、更新,明显地加速了数字印刷的工业化和实用化。在2008年德鲁巴国际印展会(Drupa)上,数字印刷成为最大的亮点,而喷墨数字印刷更成为亮点中的亮点。本文较全面地阐述了数字印刷和数字印刷技术,重点介绍了喷墨数字印刷技术和各种品牌的数字印刷机,并对数字印刷技术的发展前景进行了展望。"
"光固化涂料是 1种新型的绿色环保节能型涂料 ,近几年发展很快。本文介绍了光固化涂料的基础理论、各个组成部分、国内外的近期发展、研究现状及其应用 ,指出了光固化水性涂料和粉末涂料是其发展的 2大热点 ,同时介绍了光固化涂料在抗蚀剂中的应用 ,制造印刷电路板及制成UV光固化油墨等。"
丝网印刷以其众多的优点在近年来得到了迅速发展并呈现出勃勃生机丝网印刷的发展是建立在生产实践技术之上的缺少理论和数学模型的指导发展受到阻碍尤其是产品的高精度印刷受到限制丝网印刷工艺主要参数的研究分析对提高丝网印刷品的精度和质量实现丝网印刷工艺的规范化和数据化管理有着重要意义影响丝网印刷精度的因素比较多可变因素就达90个之多本文主要就如何提高丝网印刷的精度进行了分析丝网几何特性是丝印的基础在对目数及丝径等参数的分析基础上对比了最小网点的计算公式提出分辨率的计算应在张力的影响下进行才能得到较为精确的结果龟纹是影响精度的一大因素采用数字加网可有效避免龟纹提高精度印版特性影响到印品精度应用粗糙度对印版的表面状况进行了研究讨论了提高光滑度及印刷精度的方法网距的存在使印刷图文产生形变和位置的改变为此建立了模型并进行模拟实验得出了网距与印刷精度及位置变化之间的关系曲线油墨的流变性表面张力关系到油墨附着量和印迹扩大文中用实验数据分析对比对油墨的附着公式进行了修正使墨层厚度的计算结果提高最后设计实验验证了粗糙度对印迹的影响引入正交实验的方法得出在丝网印刷中目数对精度的影响起主要作用其次为粗糙度和网距对于一定的印品可以用正交实验的方法得到最佳的工艺条件为生产实践提供了参考
自然而然生态设计理念是在建设生态社会背景下在以自然为本的生态设计理念渐而取代以人为本的设计理念潮流中以生态理念在包装设计领域的发展为研究切入点结合现今社会的食品安全问题而提出的食品包装设计理念本文从食品包装设计的各要素入手对自然而然生态设计理念进行阐释在包装材料设计方面主要阐述食品包装的生态环境材料特性包括良好的保护特性易于加工操作与方便使用的特性便于外观视觉设计的特性易于回收处理的特性可再生可循环利用的特性等把包装材料分类为天然包装材料可再生或可回收包装材料可降解包装材料可食性包装材料等并引用相关设计案例进行阐述在包装造型与结构设计方面主要阐述包装造型与结构的设计原则包括造型合理成本节俭原则运输存储安全便利原则功能结构多用易拆原则引用相关设计案例具体从生态食品包装的独特性造型设计功能性结构设计两个方面进行分析在包装的视觉设计方面主要从图形设计文字设计色彩设计编排设计四个方面进行阐述并引用相关设计案例进行分析通过色彩图形文字的有意味的和谐的编排设计使其有较强的传达功能审美功能和情感渲染功能要求能达到生态性的统一在包装的清洁生产方面主要从包装的绿色印刷工艺加工工艺两个方面进行阐述说明油墨与黏合剂的环保性很大程度上决定了该包装的生态可执行性在食品包装的生态理念宣传设计方面从生态理念宣传的必要性和设计策略两方面说明包装也应承担宣传生态理念的重任自然而然生态设计理念强调设计师要对现有的食品包装进行更为环保的设计不仅要实现包装传统的三大功能保护商品免受损坏便于运输与仓储促销还要注重在流通处理的整个生命周期中对自然环境的生态环保功能以及对人类食用使用和精神的作用
紫外光固化UV固化技术应用于涂料油墨粘合剂等领域高效节能无环境污染且产品性能优异为行内竞相开发的新技术本文根据UV固化机理对自由基阳离子及自由基阳离子混杂体系油墨进行了研究并自行合成了自由基体系油墨的粘结料环氧丙烯酸酯EA和聚氨酯丙烯酸酯PUA在自由基体系中实验着重于引发剂与颜料的紫外吸收波长配伍在测定了四种基本颜色各自紫外吸收波长的基础上寻找出与不同颜色体系相匹配的引发剂配方得出用于红黄兰黑色油墨的引发剂分别为I369I819I180OITXI369自由基体系油墨粘度为21002200cP固化温度80固化时间为086S附着力7086丙酮擦拭20O次铅笔硬度为H2H在阳离子体系中出于降低成本的考虑实验选用了较便宜的双酚A环氧树脂为粘结料探索了与其它原料的配比筛选出E5lUVR6128polyol0301UVI6974的最佳阳离子油墨配方阳离子油墨粘度为1280180OcP固化温度80固化时间为1336S附着力100丙酮擦拭200次铅笔硬度为HB2H自由基和阳离子体系油墨的性能均达到或超过了相关技术指标在自由基和阳离子油墨优化配方的基础上本文通过改变两体系的配比进行了自由基阳离子混杂体系油墨配方的探索混杂体系油墨粘度为15802100cP固化温度80固化时间0823S附着力85100丙酮擦拭108200次铅笔硬度为H2H固化后的混杂体系涂层固化速度界于自由基与阳离子体系固化速度之间价格适中但附着力和耐溶剂性欠佳有待进一步研究建议改变混杂体系中的树脂连接料采用同一分子上既有丙烯酸酯官能团又有环氧官能团的单体
在整个涂料工业中紫外线UV固化技术是发展最为迅猛的领域UV固化技术具有低毒性原料价格便宜固化速度快配方简单和操作方便等诸多优点本文对光化学光聚合光引发剂光敏树脂UV固化等的研究进展进行了综述采用UV固化技术可以使含有不饱和官能团的活性单体预聚物在光引发剂的作用下进行光聚合反应发生交联光引发剂主要起到吸收光能并经过化学变化产生活性中间体的作用常见的光引发剂可以分为阳离子型和自由基型两大类积层印制电路板简称积层板是由独立的印制电路板或内层间被绝缘材料分隔的电路板组成内层的电路依靠普通孔和电镀通孔进行连接积层板的电路是三维排列的与传统印制电路板相比极大地节省了空间因为后者最多只能排布两层电路即双面板积层板微孔的制作方法包括激光钻孔光致蚀孔和等离子体蚀孔法在本研究中采用一种不仅能光致成像而且能硬化成为永久绝缘材料的UV油墨来形成积层板的内层UV油墨可用多种方法涂布如丝网印刷静电喷涂帘涂等涂布UV油墨后将板进行曝光再用适当的显影剂显影将已曝光或未曝光的部分洗掉显影后进行蚀刻蚀刻液可以是碱性蚀刻液或是酸性的氯化铜或氯化亚铜溶液可将脱去抗蚀层的金属层蚀刻掉UV油墨不是在曝光显影和蚀刻后被剥离而是作为一种预浸物的补充物或取代物留在内层上形成内层间的绝缘层采用光差扫描量热法DPC来监测环氧丙烯酸酯体系的光固化动力学讨论了反应的影响因素利用DPC数据计算出反应速率与各种影响因素的关系光引发剂的浓度指数小于05单体浓度指数介于1和2之间环氧丙烯酸EA树脂在辐射固化领域中是一种重要的感光树脂其中双酚A型环氧丙烯酸树脂的应用最为广泛本文着重研究了该种树脂的合成工艺讨论了原料投料比反应温度催化剂及操作方法等因素对树脂性能的影响并通过正交试验确定了最佳反应条件用NN二甲基苯胺作催化剂合成了酚醛环氧丙烯酸酯通过酸值和环氧值的测定研究了反应时间反应温度反应物配比及催化剂用量对丙烯酸转化
传统设计主要是根据该产品的性能质量和成本等指标进行设计设计过程中很少考虑产品的维护性拆卸性回收性报废产品的处理以及对生态环境的影响按传统设计生产制造出来的产品在其使用寿命结束后不能有效地回收而且其生命周期的全过程都可能造成生态环境的污染并造成资源的大量浪费影响了经济发展的可持续性绿色设计是80年代末开始出现的一股国际设计潮流绿色设计要求在设计产品时必须按环境保护的指标选用合理的原材料结构和工艺在制造和使用过程中降低能耗不产生毒副作用其产品易于拆卸和回收回收的材料可用于再生产绿色设计要求设计师具有更广博的知识和对人类持续发展的责任感以及更明晰的设计理论和系统化的设计体系因此产品设计中可行的绿色设计方法和设计流程的研究是非常必要的本论文首先分析了产品对环境的不利影响接着介绍了绿色设计的概念历史现状和发展趋势分析了绿色设计与传统设计的关系在此基础上总结了绿色设计的主要方法和具体流程然后对当前绿色设计中容易被忽视的绿色包装设计进行了详细的分析和探讨接着对绿色设计的生命周期评价方法及其运用过程中的缺陷和问题进行了讨论最后本论文以手机为实例进行了绿色设计实践
UV胶印油墨由于优质高效环保等优点在印刷行业中的应用已经日益广泛本论文通过大量实验对UV胶印油墨的各种组分进行筛选优化最终确定了UV胶印油墨的基本配方采用研磨分散的方法自主研发制备了各项性能良好的UV胶印油墨样品对研制的UV胶印油墨样品进行了流变学性能及印刷适性的测试探讨了UV胶印油墨各组分对流变学性能印刷适性的影响并研究了乳化对油墨固化转移率及触变性的影响研究结果表明UV胶印油墨表现出非牛顿流体的特征具有触变性不同的单体预聚物结构的差异对颜料粒子的分散状态有较大影响最终影响油墨样品的流动特性和触变性引发剂的光谱吸收特性和含量单体和预聚物的官能度影响UV胶印油墨样品的固化使用对颜料粒子的润湿分散能力较强的单体和预聚物制备的油墨样品具有较高的光泽度UV胶印油墨的乳化率与预聚物的乳化率有关混合预聚物中环氧预聚物含量增大时油墨乳化率升高UV胶印油墨的固化速度随乳化率升高而降低转移率随乳化率的增加呈先上升后下降趋势乳化后的油墨触变性降低研制的UV胶印油墨的色域范围较宽具有良好的色彩再现性能本文研究结果为制备高质量具有良好印刷适性的UV胶印油墨具有一定的参考意义
UV油墨由于干燥速度快无污染印刷质量高等优点在印刷行业正在被越来越广泛的应用在UV油墨中固化速度是一个比较重要的问题UV油墨的固化是依靠光引发剂吸收辐射能后形成自由基或阳离子引发单体和预聚物发生聚合交联和接枝反应形成交联的立体网状结构的高分子聚合物从而使油墨固化另外由于油墨含有颜料而不同的颜料对紫外光也有不同程度的吸收反射和散射从而影响油墨的固化速度所以无论是光引发剂还是颜料它们对UV油墨的固化速度都有着很重要的影响本论文利用了9种光引发剂11种颜料在相同的条件下改变光引发剂颜料的种类及用量配制四色丝印UV油墨测试了所用颜料的光谱吸收曲线配制油墨的固化速度以及在改变颜料时的印刷密度研究了光引发剂颜料对于UV油墨的固化速度的影响研究结果表明光引发剂颜料对UV油墨的固化速度的影响很大要提高UV油墨的固化速度首先必须选择好光引发剂和颜料的种类这是非常重要的光引发剂吸收光谱要与光源的辐射光谱相匹配同时应与油墨的颜料相匹配即光引发剂的吸收峰尽可能在颜料光谱窗弱吸收范围内颜料对UV油墨固化速度的影响主要由于它对紫外光的吸收不同种类的颜料对UV油墨固化速度的影响是不同的颜色的影响尤为严重UV油墨固化速度的顺序依次为品红墨黄墨青墨黑墨油墨中光引发剂颜料的含量要适量颜料的含量应在保证印刷密度的前提条件下越低越好通过本论文的实验可以得到光引发剂819与BK2碳黑颜料匹配最佳最佳颜料的含量约为7光引发剂ITX与C3酞菁蓝颜料匹配最佳最佳颜料的含量约为6光引发剂ITX与Y2联苯胺黄颜料匹配最佳最佳颜料的含量约为6光引发剂ITX与M四色版宝红颜料匹配最佳最佳颜料的含量约为6运用本论文的研究结果配制UV丝印光盘油墨由油墨生产厂进行中试并在光盘印刷厂进行印刷通过对研制的油墨的性能印刷质量与同类进口墨相比较结果表明研制的油墨的固化速度以及印刷性能印刷质量都很好北京化工大学硕士学位论文完全可替代进口油墨关键词UV油墨UV固化光引发剂颜料固化速度光谱吸收曲线印刷密度
在涂布纸上能否实现理想的油墨光学密度取决于油墨在纸张上的渗透性然而油墨渗透性又受到纸张本身的表面结构和光学性能的影响油墨的渗透性是纸张本身非常重要特性之一油墨转移到纸张上并在涂层表面固着渗透其固着渗透情况最终影响印刷品的质量和油墨的使用目前有关油墨渗透的研究报道中较为精确的是切割法但切割的过程对于纸张有一定的损伤性使测量结果的可靠性大大降低本论文用激光共聚焦显微镜法表征涂布纸的颜料胶黏剂涂布及印刷过程对涂层结构和油墨渗透的影响进行了分析并对其渗透深度和渗透轨迹进行定量化研究胶粘剂的迁移是影响油墨渗透均匀性的重要因素目前有关胶黏剂迁移的表征停留在定性和半定量上且测量的误差较大本论文通过荧光染色法对胶粘剂在纸张中的三维分布实现了定量化表征分析了影响胶黏剂迁移的因素并对胶黏剂的迁移程度对油墨渗透均匀性的影响进行了研究利用AFM和SEM分析发现颜料的形状会影响粒子在涂层中的堆砌状态片状高岭土颜料比纺锤形碳酸钙状颜料填充得更紧密有序可以较好的覆盖在纸张的表面高岭土涂层表面更加平滑细腻涂层的孔隙度小纺锤体形状的碳酸钙则使涂层孔隙度增大利用激光共聚焦显微镜对印刷油墨进行光学切片对其在纸张中三维分布进行了研究高岭土颜料涂布的纸样油墨渗透的深度小渗透的均匀性好碳酸钙涂布的纸样其油墨吸收性增强油墨的渗透深度较大渗透均匀性较差通过SEMEDS和AFM分析发现随着干燥温度的升高涂层表面的C元素含量不断增加丁苯乳胶在AFM相位图中所占的面积也不断增加丁苯乳胶在涂层表面的含量不断增加用罗丹明B对丁苯乳胶进行染色标定涂布纸Z向任何一个XY平面的胶黏剂含量都能精确的计算出对胶黏剂在纸张中三维分布的定量化进行了研究过低的干燥温度加剧了丁苯乳胶向原纸内部的迁移太高的干燥温度使丁苯乳胶向涂层表面的迁移程度增大130的干燥温度有利于丁苯乳胶在涂布纸上的均匀分布随涂布固含量的增加的增加可供蒸发的有效水分的量减小水分携带胶粘剂迁移程度也就减弱真空干燥使水分有更多的时间携带胶黏剂在纸张内部移动使胶黏剂的迁移程度增大红外干燥使涂层内部的温度的升高很快在一定程度上破坏了涂层内水分与羧基丁苯胶乳之间的氢键结合导致乳胶的迁移程度降低增加丁苯乳胶的用量颜料粒子排列的有序性和紧密性增强涂层表面的开放性减弱涂层的空隙体积减小涂层表面的粗糙度变小油墨吸收性下降胶黏剂的迁移使胶黏剂在涂层内部分布不均匀纸张的空隙体积变大大孔和中孔的数量增多油墨渗透的均匀性变差纸张的网点再现性变差出现网点变形网点边界模糊引起印刷色斑的发生增加涂布厚度可以提高纸张的印刷适应性减少油墨的消耗压光作用使纸张表面的封闭性增强纸张的空隙体积降低油墨吸收性减弱油墨渗透更加均匀涂布速度在5mmin到40mmin之间变化时不会引起纸张印刷性能和油墨渗透情况的显著的变化涂料的固含量的增加降低了纸张的油墨吸收性同时油墨渗透的均匀性增强印刷光泽度提高红外干燥使涂层表面更加光滑光泽度增大油墨渗透的均匀性增强减少了印刷色斑的形成可能热风干燥降低了油墨的渗透深度但油墨渗透的均匀性较差真空干燥方式使油墨的渗透深度增加增加了油墨的消耗的同时印刷密度下降增大印刷压力油墨的渗透深度和印刷光泽度不断增加印刷密度随着印刷压力的增加不断增大当印刷压力增大到700N印刷密度增加变缓并逐渐稳定当印刷压力增大到750N时印刷光泽度开始减小随着印刷速度的增加纸张和橡皮布接触的时间变短减少了转移到纸张上的油墨的量油墨的渗透深度不断的下降印刷实地密度和光泽度不断下降普通胶印油墨的渗透深度比UV油墨的渗透深度大而且渗透的均匀性比UV油墨差高岭土碳酸钙的紫外吸收范围对UV油墨干燥没有影响UV油墨的紫外干燥波长在丁苯乳胶的紫外吸收范围内随着丁苯乳胶含量增加丁苯乳胶吸收紫外光的能力增加UV油墨的固化程度减小紫外干燥时间对UV油墨的渗透没有影响
喷墨打印及印刷所使用的油墨主要包括水性墨溶剂型油墨和UV油墨其中UV喷墨油墨以其节能环保高效等优势成为目前受到最多关注的新型油墨并拥有巨大的发展前景技术发达国家在此领域的研究已经走在前列并有部分产品问世我国相关领域的技术研究与开发还处于起步阶段所以对UV喷墨油墨的研究具有现实意义本论文通过改变分散技术分散剂的种类和含量预聚物以及颜基比研究了UV喷墨色浆的分散性通过考察不同的单体对UV喷墨油墨性能的影响选出三种单体组成混合单体并利用配方试验方法优化了各混合单体的比例通过考察不同的光引发剂对UV喷墨油墨固化性能的影响分别选用三种光引发剂进行配方试验可以得出光引发剂的最优比例研究结果表明采用电机驱动产生高压并可循环样品实现多次剪切的意大利NiroSoavi实验型高压均质机能够均匀地分散颜料并且颜料粒径较小分散剂的种类和含量对UV喷墨色浆的分散性有很大的影响当分散剂含量达到一个最佳值时颜料颗粒分散均匀粒径较小不同的预聚物和颜基比对UV喷墨色浆的分散性也有很大的影响当颜基比达到一个最佳值时颜料颗粒分散均匀粒径较小单一单体的使用不能使体系具有良好的综合性能混合单体却可以满足体系的性能要求不同的光引发剂对UV喷墨油墨的固化性能影响不同复配光引发剂可以得到更好的固化性能
紫外光固化涂料因其迅速成型绿色环保及其优良的性能近年来获得了高速的发展并很快应用到各个工业领域聚氨酯丙烯酸酯光固化涂料是由聚氨酯丙烯酸酯PolyurethaneacrylatePUA树脂为主体树脂与稀释单体外加其它填料助剂共同配制成的涂料体系本论文通过对PUA合成工艺成膜性能各种影响因素的试验研究制得性能较优异的清漆漆膜总结了配制性能优异的PUA树脂涂料一般性原则为今后的进一步研究提供了一些参考在PUA树脂的合成部分主要从原料的选择预处理合成方法的选择以及合成条件的控制几个方面进行了详细的论述实验采用IPDITDIPPG2000HPMA通过本体法两步反应分别在70左右和50以下反应制得柔韧性耐黄变性良好的PUA预聚体并对各个过程的工艺条件对合成过程及产品性能的影响进行了研究总结给出了合理的解释得到了优化的工艺条件通过对自制涂料体系固化膜的多种主要性能参数如硬度附着力收缩性柔韧性耐黄变性等分析可以看出合成的涂料与市售同类产品相比具有更加优良的综合性能文中分析了体系性能优异的原因并针对每种性能的影响因素和性能控制进行了多方面研究找出了一般性的规律为今后的研究提供了一些原则性的依据本文最后在一系列试验和分析的基础之上结合当前国际趋势对PUA涂料目前的不足给予今后的一点设想
导电油墨广泛应用于PCBRFID天线传感器太阳能电池电子纸等多方面导电油墨的研究有助于印制电子技术的发展和成熟促进电子制造工业的高效化低成本化和环境友好化大大提高国民经济效益目前市场上的导电油墨多是高温烧结干燥模式而且导电银浆多是微米级的银粉在导电性能和干燥方式上阻碍了电子印刷产业的发展本文旨在研制一种UV光固化型纳米银导电油墨其中导电填料为自制球形纳米银和自制片形纳米银的混合体预聚物自制超支化聚氨酯丙烯酸酯和环氧丙烯酸酯以硝酸银为前驱体水合肼为还原剂PVP为分散保护剂采用水合肼滴入硝酸银PVP混合液的液相还原法制备纳米银颗粒分析了PVP用量还原剂浓度整体反应浓度等对纳米银平均粒径的影响确定了球形纳米银颗粒的最佳实验条件并确定了球形纳米银制备的实验方案SEM和NanoZetasizer的表征表明所制备的球形纳米银为平均粒径在30nm左右的类球形颗粒且粒径分布曲线基本呈正态分布其PDI值仅为029大于60nm的粒子几乎没有XRD分析表明纳米银为面心立方晶系UVvis分析表明纳米银粉的紫外可见光吸收峰在420nm设计了四因素三水平的正交实验用于研究和分析分散剂用量反应时间反应温度和搅拌速度等对纳米银的形貌和粒径的影响利用正交试验的结果优化片形纳米银的制备条件制备了平均粒径在180nm径厚比为91的片状纳米银颗粒以甲基丙烯酸羟乙酯HEPA与异佛尔酮二异氰酸酯IPDI为原料DBTDL为催化剂合成氨基甲酸酯丙烯酸酯UA以季戊四醇PER与22二羟甲基丙酸DMPA为原料在丙酮和乙醇为溶剂下制备超支化聚酯多元醇HBPE用UA对HBPE3进行封端接枝反应制备一种新型的超支化聚氨酯丙烯酸酯HPUAFTIR分析表明产物存在氨基甲酸酯基团和丙烯酸酯基团的吸收峰且NCO基的吸收峰基本消失证明试验成功制备了了超支化聚氨酯丙烯酸酯DSC分析表明其玻璃化转变温度为3556冷结晶温度Tc为11092融化温度Tm为13474可以实现低温熔融TGA分析表明其热稳定性好分解温度为214分解50时温度是312分解速率达到最大时的温度为30977终止分解温度为450通过核磁共振分析并估算出超支化聚氨多元醇的支化度为058选择球形纳米银粉和片形纳米银的混合体为油墨的导电填料自制超支化聚氨酯丙烯酸酯和环氧丙烯酸酯为预聚物TMPTA和NPGDA为稀释单体ITX173为光引发剂配制UV光固化型纳米银导电油墨实验研究了预聚物单体光引发剂对油墨光固化速度和粘度的影响实验结果表明单体与预聚物的配比量为115时环氧丙烯酸酯与自制超支化聚氨酯丙烯酸酯配比为23时当光引发剂为油墨除去导电银粉量的10时油墨的光固化速度和粘度达到最佳状态光固化时间只要6s油墨附着力测试高达2重点分析了纳米银的填充量和形貌对油墨导电性的影响实验结果表明当银粉填充量在60时球形纳米银和片形纳米银配比在37时油墨的电阻率达到106Ωm数量级低于目前市场导电油墨一个数量级别以400目的涤纶丝网印版为印刷版采用丝网印刷方式实验分析了油墨导电性能与光固化时间的关系得出光固化时间为7s时油墨的电阻率达到最小值为221106Ωm从外观和扫描电镜图上分析油墨的粘附力得出油墨的粘附力高抗撕拉能力强且撕拉前后的电阻值相差不大实验分析了油墨印刷厚度与导电性的关系油墨导电性随着厚度的增加而迅速增加而当厚度增加到25um以后油墨的导电性几乎没有什么变化本论文以自制的片形球形纳米银粉为导电填料自制的超支化聚氨酯丙烯酸酯为主体预聚物研制了一种附着力高光固化时间短的高导电率油墨印刷实验结果表明所研制油墨的附着力测试高达2UV光固化时间为7s印刷厚度为25um时印刷样品的电阻率达到221106Ωm所研制导电油墨的电阻率相比目前市场上的导电油墨降低了一个数量级论文的研究成果对于改变了传统导电油墨的高温烧结的干燥方式绿色和环保意义明显且在油墨的导电性能和印刷性能上得到显著提高对于印刷电子技术的发展具有重要的现实意义
"高效、优质、环保是推动光固化技术广泛应用的主要因素 ,我国光固化产业在 2 1世纪快速持续发展。2 0 0 3年我国光固化原材料总产量达到 4 75 6 6  5t,比 2 0 0 2年增长 5 6  4 % ;光固化产品总产量为 2 5 5 97t,比 2 0 0 2年增长2 3 5 %。 2 0 0 3年生产功能性丙烯酸酯 2 4 739t,比 2 0 0 2年增长 78 5 % ,出口 6 5 0 0t,从原来的进口国变成了重要的出口国 ;低聚物产量为 8930t,但一些特殊用途和高档涂料、油墨用的产品还不能生产 ;光引发剂产量 13897 5t,比 2 0 0 2年增长 4 6  0 % ;光固化配方产品产量 190 0 7t;UV光源 38 4万支 ;光固化和涂装设备 14 89台 /套。"
"简述了聚氨酯油墨的分类和特点,重点介绍了单组分聚氨酯油墨、双组分聚氨酯油墨、光固化聚氨酯油墨和水性聚氨酯油墨的特点以及国内外最新研究成果,并对聚氨酯油墨的应用前景进行了展望。"
"综述了紫外光固化材料在国内外市场的最新发展与应用,讨论了紫外光固化技术的几种新趋势。"
"概述了国内外紫外光固化油墨的发展进程,分析了紫外光固化油墨的成膜原理及其组成,并对紫外光固化油墨的特点和应用进行了阐述。综述了影响紫外光固化油墨性能的因素,并指出了紫外光固化油墨目前存在的问题和今后的发展方向。"
介绍了近年来辐射固化材料应用和市场现状。论述了辐射固化技术及产品今后的发展趋势。
"印刷行业是一个存在较多职业病危害因素的传统行业。笔者综合介绍了目前印刷工艺的流程、分类、产生的职业病危害因素和对劳动者健康的影响,以及预防控制印刷行业职业病危害的进展,以引起管理者和从业人员的重视。"
"介绍了紫外光固化聚氨酯丙烯酸酯的合成原理及方法,综述了紫外光固化水性、超支化聚氨酯丙烯酸酯及有机硅改性聚氨酯丙烯酸酯的研究进展,概述了紫外光固化聚氨酯丙烯酸酯涂料、胶黏剂、油墨等应用现状。"
水性紫外光固化涂料技术因其符合环保、节能、清洁生产理念而成为当前国内外研究热点。本文考察了水性UV涂料的技术特点及预聚体、光引发剂、表面活性助剂等的研究现状;介绍了该涂料的研究进展、应用情况以及存在的问题。
"水性紫外光(UV)固化低聚物以其多种优点而成为紫外光固化体系发展的主流;对水性UV固化体系的研究,不仅具有环保效应,而且还具有很大的经济效益。介绍了水性紫外光固化低聚物的种类及特点,综述了近年来水性UV固化聚氨酯丙烯酸酯(PUA)低聚物的研究进展及其应用情况。并对水性UV固化PUA低聚物的四大发展趋势进行了展望,其中包括添加线性功能聚合物改性、超支化体系、添加微粒/纳米改性、混杂固化体系。"
"不同官能团的单体对油墨的黏度和固化速度影响不同。设计了由单、双、三官能团单体EOEOEA、TPGDA和TMPTA组成的混合单体体系,采用正交试验方法设计改变混合单体比例的配方,测试了由混合单体体系组成的UV喷墨油墨的黏度和固化率。实验结果表明混合单体的最优比例为5.5∶2∶1.5。"
本文以粘性流体力学多相流体力学和快速成型技术为理论基础研究了可用于化学芯片制造微尺寸快速装药的喷墨快速成型技术该技术工艺结合了光固化成型工艺和喷墨三维打印成型技术利用光固化树脂固化和喷墨喷涂原理把含能材料配制成紫外光UV固化油墨按照原型层片数据经喷头的喷洒在紫外光照射下快速固化成型该系统主要由UV光源三维成型平台成型控制系统喷头和喷洒作用机构五部分构成主要研究内容包括喷墨快速成型系统的建立成型喷头的优化设计成型工艺参数的选择和成型结果分析通过ANSYS软件FLOTRANCFD流体模拟分析喷头设计UV光源选择流体理论计算UV光固化树脂的配制固体颗粒的选取喷射实验和喷墨成型实验开展理论和实验研究研究内容及结果如下1建立了UV喷墨快速成型实验装置2配制出3种性能良好的光固化树脂具有低粘度低气味固化附着好的优点3在陶瓷基片和玻璃基片上进行了线条喷墨快速成型实验表明陶瓷基片上的附着力较好4获得了一系列适合于化学芯片喷墨快速成型的工艺参数喷口喷洒速度涂层厚度光照时间颗粒度固含量等5分析影响油墨固化的因素总结得出了适合大颗粒UV油墨的固化经验公式6分析了加入固体颗粒对光固化反应速度的影响实验表明颗粒度为75μm和02μm的两种颗粒成型效果不好7结合实验表明文中建立的ANSYS微流体模型在低载荷下与实验基本吻合在高载荷下产生失真
紫外光Ultraviolet简称UV固化墨以其本身的优异特性被广泛用于食品包装印刷虽然它不存在溶剂挥发问题但是所用的低分子量光引发剂具有一定毒性对皮肤有一定的刺激性而且容易挥发和迁移给被包装食品带来难闻气味甚至毒性对人体健康是一种威胁论文就纸塑复合包装材料纸中助剂及光引发剂的检测技术光引发剂迁移试验及理论迁移预测模型的建立进行了系统性的研究主要内容包括以下几个方面1GCFIDgaschromatographyflameionizationdetection气相色谱氢火焰离子化检测器检测方法的确立研究确定UV墨中光引发剂α羟基环己基苯基甲酮184和22二甲氧基苯基甲酮651标准品GCFID检测条件研究确定纸塑复合包装材料纸中助剂光引发剂184和651的GCFID检测条件HP5毛细管柱检测器温度250进样口温度250不分流进样进样量1μL载气为氮气升温程序初始温度100以5min升至200保持2min再以35min升至300保持5min2UV墨光引发剂稳定性试验研究试验研究了2040和60温度条件下184和651在1095乙醇水溶液和异辛烷中的避光稳定性同时考察了光稳定剂对羟基苯甲醚HQMME的加入在避光条件下对稳定性的影响结果表明避光条件下光稳定剂对184和651的稳定性影响不显著除60温度条件下651在10乙醇水溶液中存在不稳定外其它条件下184和651都是稳定的利用GCMS对651的分解产物进行了定性分析3纸塑复合包装材料纸中光引发剂的迁移试验研究试验研究了2040和60温度条件下纸塑复合材料40156515中184和651向1095乙醇和异辛烷的迁移材料4025中184和651向10乙醇和异辛烷的迁移材料3312中184和651向95乙醇和异辛烷的迁移结果表明同一污染物向同一食品模拟物的迁移受温度影响显著在同样的试验条件下分子量大的651的迁移速率低于分子量小的184的迁移速率同一污染物在同一试验温度下向异辛烷中的迁移速度最快向10乙醇水溶液中的迁移速度最慢随着低密度聚乙烯lowdensitypolyethyleneLDPE淋膜量的加大迁移量明显减少聚丙烯polypropylenePP的阻隔特性优于LDPE的阻隔特性同种试验条件下松厚度大的纸中污染物的迁移速度相对较快迁移量随污染物初始浓度的增大明显增大文中还从微观角度分析了温度污染物分子结构食品模拟物的溶胀淋膜层厚度淋膜层种类和纸张性质对迁移的影响4迁移预测模型的建立建立了无限厚纸层迁移预测模型和有限厚纸层迁移预测模型模型分别将纸的厚度作为无限厚相对于塑料涂层厚度和有限厚进行考虑包装食品体系作为有限包装无限食品进行研究模型引入新的参量纸和塑料界面处的分配系数kCP考虑了污染物在纸和塑料涂层中不同的扩散系数DPDC最终给出扩散方程初始条件和边界条件用拉普拉斯和反拉普拉斯变换对方程求一系列解析解并分析了各参量kCPDPDC和纸中污染物初始浓度CP0等对迁移行为的影响5有限厚纸层迁移预测模型通用性及与实验值的对比分析讨论了有限厚纸层迁移预测模型简化后作为双层复合塑料和单层塑料中污染物向食品中迁移的预测模型通用性简化的双层塑料预测模型表达式最终与著名的LaoubiVergnaud模型一致简化的单层塑料预测模型最终为著名的Crank迁移扩散表达式根据试验测定的纸塑界面处分配系数及结合其它参数将不同纸塑复合包装材料中污染物184和651向不同食品模拟物的迁移实验值与有限厚纸层迁移模型预测值进行了对比得出结论当预测模型中采用的污染物在塑料涂层中的扩散系数为高估扩散系数时预测模型能最大限度的保证包装的使用安全性另外得出结论无限厚纸层迁移预测模型不适合纸厚度较薄的纸塑复合包装材料中污染物向食品或食品模拟物中迁移量的预测
"介绍了UV金属油墨的种类、特性与使用范围,并就UV金属油墨的印刷色序、固化工艺以及正确选用进行了详细论述。"
"目的制备环保、适用范围广的温变转色防伪油墨。方法利用隐色染料(热敏黑)、显色剂(双酚A)及溶剂(十四醇)组成可逆温变转色复配物,然后用原位聚合法对复配物进行微胶囊包覆,最后将微胶囊加入UV连接料体系中制成可逆温变转色UV油墨,分析油墨的色度学特性。结果当乳化转速为16 000 r/min、p H值为2~3、乳化温度为45℃、乳化时间为30~40 min时,微胶囊粒径较小,显色效果较好。对该可逆温变转色UV油墨样品进行CIE-Lab色度学特性分析,在整个加热/冷却循环后,温变转色油墨又回到初始明度值,油墨样品明度发生滞后现象,整个过程中样品的明度值形成一个闭环的回路。结论该法制备的可逆温变转色油墨具有检测方便、变色效果明显等优点,在包装防伪印刷中具有广阔的应用前景。"
"目的为了确定水性UV油墨的制备、表征及其配方。方法采用高速分散法将连接料、颜料、去离子水和助剂分散均匀即可制得水性UV油墨,探讨了连接料的含量、光固化时间对水性UV油墨附着牢度的影响,以及光引发剂用量、墨膜厚度对墨膜光固化时间的影响。结果连接料的较佳质量分数为60%,墨膜的适宜固化时间为6 s,光引发剂的较佳用量为2%,墨膜的适合厚度为10μm。当m(连接料)∶m(颜料)∶m(乙醇和水)∶m(光引发剂)=6∶1∶2.8∶0.2时,水性UV油墨的综合性能较佳。结论该水性UV油墨具有干燥速度快、无污染、印刷质量高等优点,可广泛应用于包装印刷行业。"
"UV油墨固化速率不仅受到油墨中各组分的影响,而且与墨膜厚度有密切关系。本研究分别使用不同种类的预聚物、单体、光引发剂配制油墨,研究油墨各组分对UV油墨固化速率的影响;进而固定油墨其他组分,改变光引发剂种类及其含量配制油墨,并制备不同墨层厚度的样品,测试不同墨层厚度下的油墨预聚物双键转化率,分析光引发剂种类及其含量与不同厚度墨膜固化速率的关系。测试不同UV光源功率下的双键转化率,研究含不同光引发剂的油墨在不同功率下的固化速率。研究结果表明,油墨各组分对UV油墨固化速率有一定影响,此外,随着墨层厚度的增大,油墨双键转化率降低;当光引发剂含量小于10%时,UV油墨的固化速率随着光引发剂含量的增加而增大;UV油墨的双键转化率随着UV光源功率的增大而增大。"
"利用纳米二氧化钛和纳米氧化锌作为改性剂改性红色紫外光固化(UV)油墨和黄色UV油墨,并使用改性后的UV油墨印刷杨木薄木,采用激光粒度仪、紫外可见分光光度计和色彩分析仪表征了改性UV油墨的物理性能和老化前后印刷薄木的颜色变化。结果表明:改性后的UV油墨粒径变化较小;纳米二氧化钛和纳米氧化锌均能提高UV油墨在紫外区的吸光度,随着添加量的增加而增强;采用适量的纳米二氧化钛或纳米氧化锌改性UV油墨能够改善印刷薄木的耐光变色性能,但纳米氧化锌改性UV油墨印刷薄木的耐光变色性能优于纳米二氧化钛。纳米氧化锌在红色UV油墨中添加的较优质量分数为1.5%,印刷薄木的色差(ΔE*)为0.41,比未改性红色UV油墨印刷薄木降低了78.1%;纳米氧化锌在黄色UV油墨中添加的较优质量分数为0.5%,印刷薄木的ΔE*为3.12,比未改性黄色UV油墨印刷薄木降低了66.9%。"
"目的研究UV油墨光引发剂在食品包装材料中的残留行为。方法以2种常用的UV油墨光引发剂EDB和907为研究对象,分别以PET薄膜和铜版纸为承印材料,通过IGT印刷适性仪控制印刷膜层厚度,IGT UV干燥器控制紫外光固化时间,研究光照能量、墨层厚度和油墨浓度对光引发剂在食品包装材料中残留的影响。结果光引发剂残留量会随着光照能量的增加而减少,随着墨层厚度增加而增加。对于PET薄膜,油墨含量高时光引发剂的残留量比油墨含量低时大,而铜版纸结果相反,油墨含量高时光引发剂的残留量较小。结论在实际UV油墨印刷中,应提高光照能量,对于不同的承印材料应采用含量不同的油墨,以减少光引发剂的残留,降低其迁移风险,增加食品包装的安全性。"
"UV技术在诸多领域有着广泛应用,UV油墨具有固化速度快、印刷质量高、无VOC排放等优点,作为一种环保型油墨,在各种印刷方式中的应用越来越受到重视。本文阐述了UV油墨体系的主要成分——预聚物、单体等的结构特点及UV固化机理;结合UV油墨技术发展趋势,探讨了UV喷墨油墨分散性及其评价方法、流变学特征;根据实验研究结果,从反应动力学的角度论述了UV油墨的固化速度及氧对聚合反应的影响规律;考察了UV胶印油墨的转移率及其在低能表面承印材料的附着力。"
"为提高UV油墨的固化速度,研究了羟烷基苯酮类1173、胺烷基苯酮类907、酰基磷氧化物类819、二苯甲酮类BP、硫杂蒽酮类ITX 5种引发剂及复配对UV油墨固化速度的影响。结果表明,引发剂浓度为2%,颜料浓度为4%,单体浓度为30%时,引发剂1173、BP的固化时间分别为20.88 s和70.56 s,引发剂907的光固化时间为7.14 s,引发剂819和ITX的光固化时间均可达到1.5 s。引发剂1173与BP进行1∶3复配时,固化速度是BP的4.9倍;引发剂907与BP进行1∶3复配时,固化速度是BP的4.3倍;引发剂ITX与907进行1∶1复配时,固化速度是907的2.3倍。"
"探讨了预聚物、单体、光引发剂、颜料等组分对UV油墨固化速度、附着力、耐抗性等性能的影响,应用正交实验设计方法对UV油墨各组分种类进行选择,对正交试验结果做极差分析及方差分析,结果表明:根据预先设计的组分比例,采用预聚物PQ611,单体A,光引发剂B,活性氨为加速剂,获得性能较好的UV油墨。"
"UV油墨固化体系的关键组分是光引发剂,确定颜料的透光窗口是选择光引发剂的主要依据。阐述了影响油墨固化的相关因素,提出了确定UV油墨透光窗口的方法,并以此为基础讨论了UV油墨光引发剂与颜料匹配和印刷工艺色序的问题。"
"以环氧丙烯酸酯树脂(牌号6233)、聚氨酯丙烯酸酯树脂(牌号6112-100)和脂环族环氧树脂(牌号TTA26)为预聚体,并引入活性稀释剂、光引发剂和填料等助剂,采用自由基和阳离子UV(紫外光)固化工艺制备了LED(发光二极管)铝基板用UV油墨。研究结果表明:制备混杂型UV油墨的最佳工艺条件是m(6112-100)∶m(TTA26)=35∶65、w(活性稀释剂)=11%、w(光引发剂)=5%和w(钛白粉)=27%(均相对于预聚体总质量而言),此时该油墨的固化速率适中、附着力(为96%)相对较大、折射率(为1.60)相对较高且不发生黄变现象,并且膜性能优异。"
"根据地形图的特点及UV油墨快速干燥的特性,提出一种运用3D建模和分层设色的方法,并通过实验,完成了中国台湾省主岛部分3D地形图的打印。选择台湾省主岛部分等高线图,在图形处理软件中,根据其高程,提取多幅等高线矢量图;根据墨层厚度与打印层数的定量关系,得到实际海拔高度与打印层数的对应关系,再根据等高线分层设色原理,设计分层设色对应表,并设定适当的比例尺,确定打印方案;使用喷墨打印机,打印得到具有一定立体感的3D彩色地形图。实验结果表明:根据UV油墨快速干燥的特点,使用UV喷墨打印机,可以打印得到具有立体效果的3D彩色地形图。"
"UV油墨、UV技术与UV艺术装饰三者是相互关联的。要进行艺术装饰,不管是家电玻璃面板、还是家庭装饰中的艺术吊顶、橱柜面板、玻璃背景、隔断、移门等产品,首先都离不开新材料、新油墨。使用UV油墨,采用UV"
" 紫外线固化技术在目前的标签行业应用得越为广泛,人们对它的兴趣越来越浓,正像对多项技术的组合感兴趣一样。最近,把紫外线油墨和水基油墨组合起来用在柔性印刷中引起人们的极大关注。在此,其中的一个主要想法是,利用它们各自的优势,减少其劣势,达到最佳组合。 比如,此项技术的使用者可能想先用白色印底色,然后再印图像。这样做的方法很多,但只能用"
"随着我国印刷工业的进步,我国油墨制造业发展势头十分迅猛。国内大型油墨制造企业主要产品的技术指标已达到或接近国外同类产品的先进水平,除基本满足国内印刷业及包装装潢业的需要外,还远销世界许多国家和地区,实现了出口创汇。但我们必须认识到,与国际先进水平相比,我国"
" 当今世界环境意识日益增强。紫外线(UV)柔性版印刷油墨和上光系统适应了环境保护的要求。紫外线油墨和上光油几乎不含挥发性溶剂,因而能有效地控制印刷厂和纸盒加工厂内的挥发物的散发。油墨或上光油在印刷机运转时也就不"
"环戊二烯桐油改性树脂油墨是用桐油生产的油墨品种之一。开发这种树脂在油墨工业中的应用,不仅能促进桐油升值,更重要的是对目前国内开发利用不充分,相当大部分仅用作燃料的石油化工副产物C_5馏份的利用有重要意义。光固化油墨、水基油墨、热熔油墨等各具特点,在印刷普及型和高档印刷品时有很大意义。这些油墨都是桐油加工利用的一些途径。桐油——松香水基油墨是山区林副产品的利用课题,对山区经济发展将起到一定作用。"
"食品安全包装对油墨的环保性能和抗老化性能提出了更高的要求,研究了一种具备抗紫外线的纳米SiO2油墨,其中纳米SiO2微粒利用化学沉淀法制得,并用XRD和马尔文Zteaszier Nano-ZS表征,其结果表明,纳米SiO2为粒径分布在100 nm以下的无定形粉末。在自制的水性油墨中加入纳米SiO2及分散剂,超声波分散后测试该油墨对紫外光的吸收率,结果表明:研制的纳米SiO2水性油墨对紫外光具有90%以上的屏蔽率,在食品安全和油墨抗老化性方面具有很好的应用价值。"
" 随着印刷业的发展,具有高光泽、干燥快、遮盖力强、化学稳定性高的紫外线油墨正在逐渐取代溶剂挥发型网印油墨。由于紫外线油墨刚进入印刷界,不免有些问题存在,现为使用者提供有关应用知识如下:"
本部份着重介绍了适用于各种承印材料，如纸张、塑料、玻璃陶瓷、金属木材、纺织品和电子工业所用的同印油墨，并对各种油墨的组份特点、使用方法及注意事项作了简要说明。
" 保定市特种光源电器厂针对一些印刷企业在圆瓶子等工件上印制条形码等不易被识别的难题,逐步采用紫外线油墨印刷。但是紫外线对人体有伤害,尤其是紫外线干燥时,长期工作在机器旁,对操作人员的皮肤、眼睛等危害更大。"
" 紫外固化油墨中的单体和光引发剂会损害光聚合物印版。本文详细叙述如何测定油墨与印版两者的相容性。 任何柔版印刷用的光聚合物印版,至少在开始印刷时,都能令人满意。但是,为了充分利用紫外线油墨高印刷质量的特性,我们在柔性版印刷中使用紫外线固化油墨印刷时,选择光聚合物印版时,应考虑下面几个因素:"
"由于颜料对紫外光的吸收作用 ,影响了光引发剂的光引发效率 ,因此它对UV油墨的固化速度有着很大的影响。本文采用不同的碳黑颜料在不同用量的情况下与不同的光引发剂配制丝印UV油墨 ,通过对油墨的印刷密度和固化速度的测试 ,研究了不同种类的碳黑颜料对UV油墨固化速度的影响。"
"规模化软包彩印企业,应具备共挤吹膜、(共挤流延膜)、涂布、(蒸镀)、印刷、复合、分切、制袋等软包装制品加工工艺,从事食品、医药、日化、日用品、工业品、农产品、军用品等包装制品及包装材料综合研发、生产和服务。为控制大气污染物VOCs排放,改善环境空气质量,保护人类健康和生态环境,提升企业社会责任感,做好规模化软包彩印企业转型升级、绿色原料、绿色制造、绿色工艺、绿色产品、清洁生产、减排增效、绿色发展。"
"农化固体的包装普遍采用PP、PE、镀铝复合膜,特别是市场上普遍的化工助剂都存在对外包装腐蚀及用后丢弃对环境污染,众多的化合物用于水、乙醇等含水的物质,聚乙烯醇薄膜作为一种内包装袋出现,采用了一种隔离概念,避免外包装对环境的二次污染,但是目前市场上对聚乙烯醇薄膜溶化、储存没有完整的统一,特别是夏冬两季,希望本文的内容,有助于推广聚乙烯醇薄膜(PVA水溶膜、袋)的市场应用。"
"我国印刷业呈现快速发展趋势。文章对印刷业的污染状况进行了总结,对印刷过程中绿色设计理念进行了阐述,提出了实行绿色印刷的对策:树立印刷企业重视环保的观念;大力研制和开发新型油墨;控制空气、水体和噪音等污染;加强绿色包装材料的开发与研制。"
"纸张作为印刷过程中的重要材料,其性能直接影响印刷品质量。为了提高印刷质量,选择了5种不同类型的纸张,测定了每种纸张的定量、平滑度、白度、耐折度及抗张强度等重要的性能参数,通过印刷适性仪印刷样张,分析了不同纸张的性能与印刷色彩再现、密度的变化、油墨的转移等方面的关系,通过色彩管理技术保证输出色彩质量。最后,得出了纸张的特性与印品呈色效果之间的关系,研究表明,铜版纸、白卡纸、亚光铜版纸、胶版涂布纸、胶版印刷纸印刷适性依次降低。"
"SEFAR Humicheck-感光胶湿度计SEFAR Humicheck是一款用来测量网版感光胶中残留水分的检验装置。当网版足够干燥可以正确曝光时,它会以绿灯显示。特点如下:1.LED指示灯,分成三种颜色选择(灯条读数);2.后面板上配备电容式传感器;3.2min后自动关闭;4.设有电池警报装置。SEFAR Humicheck可提高工艺可靠性,并缩短由于网版过早曝光引起的停工时"
"耗资5.5亿美元、历时16年打造、世界上第一颗全面监测全球风况的气象卫星——风神(Aeolus),于北京时间8月23日发射成功,主要用来监测、绘制全球风速风向等风况。风神卫星质量为1260kg,携带一部大型望远镜、一部超灵敏接收器和一款昵称""阿拉丁""(ALADIN)的多普勒测风激光雷达。风神手提""阿拉丁神灯"",一天24小时全年无休监视地球风,利用1.5m口径的激光雷达系统,发射紫外线波段激光脉冲,收集散射到大气层(20～30km以下)光粒子,测量光波多普勒效应,由此确定风速、风向、风力等。风神卫星运行在320km"
"在金属薄板上印刷图文并制作成包装容器称为印铁制罐,它是金属包装行业最重要的组成部分。金属包装是中国包装工业的重要组成部分,其产值约占中国包装工业总产值的10%,主要为食品、饮料、油脂、化工、药品、文化用品及化妆品等行业提供包装服务。一、印铁主要生产流程印铁生产流程主要为:马口铁表面涂布→制版→印铁→上光→烘干。"
"分析了当下软包装印刷行业VOCs治理现状;介绍了传统与新型活性炭吸附、RTO蓄热式反应燃烧等主流VOCs末端治理技术的装置结构原理、工艺路线;在比较分析传统与新型及传统装置之间的优缺点基础上,从浓度、成本控制、源头控制等多个方面对目前软包装印刷VOCs治理解决方案进行探讨。"
印刷行业兼具文化产业和加工工业的双重属性是我国国民经济重要组成部分1自2010年我国政府提出绿色印刷战略以来已发布实施了多项相关的绿色印刷政策截至2017年底我国约有1300家印刷企业通过了绿色印刷认证为减少环境污染做出了贡献论文从绿色印刷的概念入手对国内外绿色印刷及其相关政策进行了系统梳理并以绿色印刷十环认证政策作为政策样本通过问卷调查的方式对223家印刷企业经营状况及其落实绿色印刷十环认证的情况进行了调查采用描述统计法对调查结果进行了分析并用实证分析法验证了绿色印刷政策对印刷企业绩效有正向影响结果表明存在绿色印刷政策本身和政策的执行方面的问题政策扶持的力度小政策标准要求过高缺少对印刷供应链的认证监管认证过程花销大环保部门人员专业知识缺乏究其成因有1政策制定忽视企业类型和规模差异2相关绿色印刷技术不成熟3重视程度不够地域性差异4绿色认证机构资源缺乏5政策落实反馈渠道不畅通论文针对问题提出了1降低认证费用门槛优化认证环节2将绿色供应链纳入可认证范畴3突破绿色印刷关键技术4建立约束机制规范自由裁量权5建立政策的评价反馈机制6增加认证机构引入行业竞争共6点对策这为政府制修订绿色印刷政策和实施环境管理提供参考同时也为企业的绿色转型扫清障碍为行业的绿色发展奠定基础
"食品包装材料中有毒有害化学物质的迁移是引起食品污染的重要途径之一。本文主要根据近年来发表的有关食品包装材料领域的相关文献为基础,针对塑料食品包装材料中的加工助剂、油墨和树脂自身中的有毒有害物质等迁移物产生的危害进行了分析,为塑料食品包装材料的质量控制提供参考。"
石墨烯是由碳原子以sp2杂化轨道组成六角型呈蜂巢状的单原子层的二维晶体石墨烯独特的结构赋予了其超凡的物理性质石墨烯中电子载荷子的性质与相对论性的中微子非常相似其运动速度达到了光速的1300远远超过了电子在一般导体中的运动速度理论上石墨烯的电子迁移率可达到2105cm2Vs使其表现出非凡的导电性石墨烯具有优良的透明度单层石墨烯的透过率在可见红外区可以达到977因此石墨烯是一种良好的透明导电材料可以作为电极应用在透明触控屏幕液晶显示器甚至是太阳能电池等电子器件上除了独特的电子学特性石墨烯还表现出典型的可饱和吸收特性与传统的半导体材料不同石墨烯独特的零带隙结构使其对光的吸收没有选择性适用于工作在各种波长的激光器近几年石墨烯超凡的性能吸引了人们广泛的研究本论文在这些研究的基础上围绕提高石墨烯的透明导电性实现石墨烯的应用展开了一系列工作本文用化学气相沉积CVD方法在铜箔上制备了大面积的石墨烯薄膜设计了双温区结构的CVD系统实现了高品质石墨烯在绝缘石英基片上直接生长并以石墨烯为基础制备了石墨烯扬声器石墨烯生物传感器石墨烯饱和吸收体等器件主要工作如下1设计了一个双温区CVD系统在绝缘的SiO2基片上制备了高品质的石墨烯薄膜石墨烯薄膜的厚度可通过前驱气体的比例流量以及生长时间进行控制拉曼光谱和高分辨透射电子显微镜HRTEM分析表明石墨烯的晶粒尺寸可达到100nm霍尔测量表明室温下石墨烯的载流子浓度为1500cm2Vs石墨烯薄膜的电导性和光透射率可以媲美转移后金属催化的石墨烯本工作避免了石墨烯繁杂的转移过程为石墨烯的制备开辟了一条新的途径2基于石英基片上直接生长的石墨烯我们设计了场效应管FET结构的石墨烯生物传感器用于检测生命体内的能量分子三磷酸腺苷ATP该传感器显示了毫秒级时间分辨率为实时监测生命体动态的生命活动提供了可能此外此传感器测量的范围非常宽在00025mM的浓度范围内其电流的响应与ATP浓度对数呈现了良好的线性关系灵敏度达到50由于00025mM的浓度覆盖了真实生命体内的ATP浓度范围此项工作对研究生命体中动态的生命过程具有现实的意义3将石墨烯作为电极转移在聚偏氟乙烯PVDF压电薄膜的两侧利用PVDF的逆压电效应制备了一种透明可弯曲的薄膜扬声器测试表明该扬声器在几赫兹到几万赫兹极宽频率范围内都可获得较好的音频响应具有高声压级SPL低谐波失真THD和低功耗的特点与传统的商用扬声器相比石墨烯薄膜扬声器无磁透明可弯曲极有希望成为未来超薄超轻的可穿戴的电子器件4将二维石墨烯与一维纳米线复合制备了一种复合透明柔性电极这种复合薄膜的电阻仅为16而透过率却高达911展示了优异的化学稳定性和机械柔韧性这些性质要远远优于商用的ITO和最好的石墨烯电极本工作展示了一种制备低成本高性能柔性透明电极的方法5将石墨烯转移到单晶C面的石英基片上制备了石墨烯饱和吸收体由于生长的为单层石墨烯可通过转移次数精确控制石墨烯的层数使用这些饱和吸收体我们在NdYVO4激光器上实现了稳定的Q锁模在60W的泵浦功率下得到了16W的平均输出功率本工作证实了低成本宽频带的石墨烯饱和吸收体适合于超快高能的脉冲激光
现代设计奠定了现代物质文明的形式和内容基础是20世纪文明发展史上的组成部分而文字设计在促进人类的交流与沟通方面扮演着一个重要角色20世纪以来的中国现代设计随着社会经济的开放与改革呈现着日新月异的趋势尤其是电脑技术的出现和发展给现代设计注入了新的活力反过来设计也从各方面促进了经济的发展国内设计的社会软性环境与设计的介质和载体等硬性环境不断的变化更新使得设计充满了种种变化的可能自然作为视觉传达的三个重要因素图形图像和文字也应当顺应其变以主动积极的姿态满足现代媒体和社会心理的功能需要但无可否认的现实是较之图形和图像的发展基本与国外同步的事实国内在计算机时代的印刷字体设计及应用水平与国外有差距滞后于前两个方面汉字印刷字体的应用现实也反映出整个社会以及设计师对字体的文化发景设计脉络及字体的应用尚缺乏足够的重视重实践而轻理论重内容而轻文脉也导致了汉字视觉环境的混乱无序有鉴于此中国应该建立良好的汉字印刷字体开发环境以及应用体系设计并推广大量的优秀的中文字体以满足现代设计的需要这涉及到文化传承的问题可以说它既是一种社会需要更是一种社会责任鉴此本论文将通过对汉字印刷字体设计及应用现状的研究与反思从文字字体字体设计字体在版面设计中的应用等四个主要方面进行系统性梳理与分析再加具体的设计实践尝试逐步建构起较为完备的印刷字体设计的研究框架从中总结出汉字字体设计的方法论本论文的第一部分首先阐述汉字的起源作为字体设计的本源汉字的发展流变也就成为印刷字体设计最为重要的基础字体设计的过程是一个体验汉文化的过程设计者对于汉字字源的明鉴显得异常重要它将避免设计过程中文字笔画不正确导致使用者将错误传播出去对社会造成不良影响另外对汉字的深入认识会使得设计者读字审视字和设计字体都会怀有一种特别的情感体会字的形声义和字体设计的联系这亦是对汉字文化应持有的一种尊重可以说字体设计承载着文化的博大与精髓论文的第二部分着重于印刷字体力图从字体的广义和挟义不同学科对字体的界定来重新审视印刷字体这个概念以及它和古文字今文字的关系论文分两个章节从设计的角度出发详细地分析印刷字体的发展历程和风格演变由此理清字体发展的历史脉络第三部分则是研究现代印刷字体设计手段及字库制作通过分析铅字铜模和照相制版的制作工艺原理结合英文字体设计的相关理论以及对字体字库的研究结果试图建立起一套基于电脑的科学的汉字印刷字体设计方法和营造实用的字体开发环境的方法第四部分通过对现有电脑字库的分析结合各种设计实践的范例将印刷字体与版面设计相联系阐述字体在版面上的作用好的版式应用需要依托于好的字体好的字体可以大大优化版面效果同时字体需要在长期的使用过程中不断调整和完善因此字体和字体应用始终密不可分本论文也强调我们正处于一个从单一纸媒介质向以屏幕媒体为主的多媒体发展过渡的时代作为信息传播的主要载体汉字其字体的应用也不可避免地要受到载体的影响我们在关注汉字字体设计本身的同时也应关注媒体技术的发展需求并对汉字的视觉需求和新的设计理念的研发予以更多的切实研究论文在以上总结出的方法论的基础上借鉴传统的印刷字体设计并注重其科学性人文性审美性为提高中文字体设计的整体水平根本上解决中文字体设计开发落后的局面做出自己力所能及的贡献以此推动国内汉字字体设计及应用的研究历程
建筑遮阳设计是建筑设计的重要组成部分对节约建筑能耗与改善室内光环境和夏季室内热舒适有着重要的意义论文以建筑遮阳为主要研究对象在简要回顾建筑遮阳的发展历程之后针对当前国内对建筑遮阳的基础落后与观念障碍的现况说明了研究建筑遮阳的缘起目的和意义指出研究建筑遮阳的重要意义基于此本论文试图通过对建筑遮阳进行系统而全面的分析归类与总结了解并掌握建筑遮阳的初步设计方法同时对遮阳产品以及各种其它相关技术性措施等作尽可能详细和深入的介绍最后以部分成功遮阳实例作为参考指出遮阳方式的发展新趋势力求为我国建筑节能设计贡献微薄之力本论文主要侧重于以下几个方面遮阳构件的分类各种形式遮阳的特点与适用性建筑遮阳与自然采光通风太阳能利用的关系由于能力和专业的局限论文中缺少各种遮阳产品的详细性能测试数据实践检验不足这是本论文的遗憾之处
TiO2又称钛白粉在无机化工产品中销售量位居第三仅次于合成氨和磷酸盐晶型有锐钛矿型板钛矿型和金红石型锐钛矿型和金红石型被广泛使用在涂料塑料造纸印刷油墨化妆品和光催化剂医药等化工和环保领域与普通钛白粉相比纳米TiO2是新型的无机化工原料其化学稳定性和化学活性更高比表面积大对可见光有很高的透射率对紫外线有非常强的吸收和屏蔽能力是一种附加值很高的功能精细无机材料纳米TiO2具有极大的市场价值和光明的发展前景目前具有代表性的TiO2工业生产技术主要有硫酸法和氯化法硫酸法是以钛铁矿为原料用硫酸分解对环境污染较严重氯化法以金红石或高含量钛渣为原料氯化得到四氯化钛再通过高温氧化制得国内的钛白粉生产仍在延续硫酸法同时氯化法在技术上有一定的难度仅由国外少数几家大公司垄断并且以传统的硫酸法和氯化法工艺都难以生产出纳米尺寸的二氧化钛国内对纳米级二氧化钛的制备尚处在实验室研究阶段大都采用价格较高的钛醇盐或具有发烟特性的四氯化钛作为原料使生产成本提高生产效益降低更重要的是没有很好地利用我国丰富的钛资源和已有的工业生产基础纳米二氧化钛的合成工艺的研究主要集中在以下几个方面1以采用廉价的原料和简单的工艺步骤为目的寻找适宜的新合成工艺2探讨新的合成工艺中各反应条件的影响机理主要研究了合成条件对前驱体的控制本课题任务主要是对纳米级二氧化钛的合成工艺进行选择和探讨以达到采用价廉易得的硫酸钛为原料简单操作生产出纳米二氧化钛的目的结合已有的实验条件和有关文献先对合成路线的选择进行了实验对比探讨的三条合成路线分别是超重力场制备纳米二氧化钛微波诱导均匀沉淀法制备二氧化钛低温控制中和水解法制备纳米二氧化钛并分别研究了各反应路线的影响机理WP4和最佳反应条件在实验的基础上确定了低温控制中和水解法制备纳米二氧化钛的合成新工艺考察了温度pH值等主要影响因素对反应和产品的综合影响得出的该工艺最佳反应条件为反应温度为15oC左右反应pH值为72硫酸钛反应液浓度为05molL为了使产品具有良好的锐钛矿晶型和在焙烧中晶粒生长缓慢我们首次提出在沉淀过程中控制前驱体的组成即得到的前驱体为具有锐钛矿晶型的H2TiO3并对其反应影响机理进行了探讨性的研究通过实验可得出以下结论低温控制中和水解法可以通过简单的控制温度pH值采用低廉的无机钛盐硫酸钛为原料制备纳米二氧化钛制备出的二氧化钛粒子粒径在515nm颗粒均匀粒度分布窄收率达到99以上
本文以档案文献遗产作为研究对象以档案文献遗产的利用和普遍性价值体现为研究目标以我国特定遗产名录为资源整合的范围以普遍意义的遗产运行为保护利用的指向从其形成的不同历史时期选用的多元化载体材料使用的丰富社会领域以及变化的多样性方式与途径等方面对档案文献遗产进行了广泛的深入的和系统性的研究和分析既关注于档案的遗产属性的内涵挖掘也论证了档案工作的规范化操作规程同时还结合档案的管理体制和学科的研究动态提出了档案利用的集成方式遗产保护的系统性模式并试图构建起方法论指导下的档案文献遗产利用与保护科学体系与方式以充实和完善在新价值观指导下的档案保护学科新体系和文化遗产保护的新知识领域档案文献遗产作为在国际化背景下产生档案新的概念是信息时代档案学科的新发展是档案理论由过去对档案利用的简单方式重管轻用的传统思维模式转变为多元化的利用途径和资源价值扩大的社会新需求增强了对档案价值和作用发挥的新认识促进了学科理论体系的发展和知识范畴的拓宽并随人类社会的发展和文明进程而产生丰富和充实这些新发展表现在载体保管资源开发利用和社会作用发挥等方面有了新的内涵在管理模式利用途径以及社会各领域广泛的信息交流与价值共享的过程的更新内容以及对其保护与利用合理性的新课题本文首先阐述了档案文献遗产的产生与社会需求的价值新取向从档案文献遗产的种类与形式保护与利用的新途径与方式以及资源整合新方略等方面进行了档案文献遗产的价值新取向研究充分阐述了档案文献遗产资源建设的必要性与社会需求剖析了缺乏规范性保障和技术支撑的现行遗产资源利用的问题从档案文献遗产的历史形成阶段对遗产资源及其价值进行认真的分析结合材料学地域学环境学的分析疏理了档案文献遗产整合模式的构建方案与模式资源的的协调和统筹兼顾的共享利用模式实现档案文献遗产资源整合的基本途径和程序其次研究了档案文献遗产资源整合与实现方式从我国遗产管理保护与利用现状出发阐述了遗产资源的基本情况和主要利用方式分析了保管与保护工作中的主要问题特别是按照载体形式分门别类地剖析了纸质类和非纸类档案文献遗产的资源状况提出了遗产资源信息的整合策略和资源的的协调和统筹兼顾的共享利用模式制订出整合遗产内容和遗产利用区域的低成本便捷式专题式整合方案第三系统地分析档案文献遗产利用方式的新需求利用的倾向性问题以及档案现有状况与档案利用需求的矛盾探讨了档案文献遗产资源开发利用模式特征与信息运行特点以困境分析的角度揭示档案利用集成服务研究的必要性和紧迫性从而按照内涵体系与目标等要求提出了档案文献遗产信息集成服务的实现方式第四根据档案文献遗产损害的多种表现分析了载体材料与记录内容变化途径与老化变质方式结合社会政治因素保管操作规程环境条件制约材料自身运动等档案材料的保护条件与因素分析进行了社会作用效能的动因分析并按照不同档案遗产材料的变化特征对纸质类照片类磁带类其它材料类以及数字遗产的变化进行了深入的系统的技术分析与机理理讨论得出了遗产变化的制约因素和规律性特征第六章的技术分析最后从方法论的角度制订出保护与利用档案文献遗产的基本方案其内容包括遗产保护与利用的顶层设计思想宏观指导的遗产管理模式研究遗产的技术保障与环境控制遗产保护与利用过程中实践操作的模式方法论在保护与利用档案文献遗产中的目标与解决方案并结国际宪章和国家相关法律法规提出了国家管理需求的总体实现模式国家政策公众化对策的实现模式本文从世界遗产的角度透视我国档案文献具有的遗产内涵与外延从其来源原则进行结构的总体层次分布深入研究其社会价值与功能以其形成的年代进行纵向的文化价值的分析分门别类地疏理我国档案文献遗产的来源形式和种类创新性地对档案文献遗产内容与范围进行合理的界定与论述按照社会需求进行资源整合构建基于新价值观的档案文献遗产整体性系统性资源模式在全面认识与把握档案文献遗产的现状与流通模式基础上解析方法论指导的目标模式从体系架构的复杂性技术支撑的条件与因素以及保护与利用的可持续发展战略架构具有我国特点的遗产保护与利用体系改进现有的服务途径与保护方式使档案文献遗产的保护与利用更加科学合理有效讨论档案文献遗产的标准评选与支持理论分步骤开展保护与利用的方式论形成具有示范性作用的模式与机制抢救受损和濒临毁灭的档案文献遗产建立与健全应对机制指导和规范全国的文献遗产管理与保护创新性研究文献遗产的发展及其出现的新形式数字遗产的基本形式与利用方式和信息时代和数字技术条件下的数字遗产的保护与利用方式拓展数字遗产形成利用与保护的探索确保数字遗产的的有效利用的安全稳定与长期存取根据国家层面的管理需求实现信息化条件下层次化管理与科学的保护与利用制订全民性投入的对策和国家宏观策略为科学地保护与利用我国档案文献遗产提供有价值的方法与途径
紫外光固化技术由于其成型迅速工艺简单节约能源环境友好适用于规模化工业生产等特点可以用来制备性能优异的清漆涂膜在紫外光固化涂料领域中脂环族聚氨酯丙烯酸酉CycloaliphaticpolyurethaneacrylateCPUA低聚物是一种重要的紫外光固化用树脂它结合了聚氨酯和聚丙烯酸酯的性能优点具有良好的附着力柔韧性耐磨性和耐低温性另外CPUA分子中环己基代替了传统涂料中的苯环提高了紫外光固化涂膜的耐黄变性和耐候性本论文探讨了四种常见的聚醚型二元醇软段聚乙二醇1000PEG1000聚四氢呋喃醚1000PTMG1000聚丙二醇1000PPG1000和聚丙二醇2000PPG2000对CPUA紫外光固化涂膜性能的影响并以性能最佳的CPUA紫外光固化涂膜为基础进行共混改性制备了脂环族聚氨酯丙烯酸酯脂环族环氧丙烯酸酯脂环族聚氨酯丙烯酸酯脂环族环氧树脂和脂环族聚氨酯丙烯酸酯脂环族环氧树脂低分子量的含硅丙烯酸酯KH570紫外光固化共混涂膜并考察了它们的微观形貌相结构与涂膜的热稳定性机械性能及涂膜表面性能之间的关系另外对采用自由基阳离子混杂紫外光固化技术制备的互穿聚合物网络InterpenetratingPolymerNetworkIPN体系UTC3的动力学成因和相分离行为进行了深入研究具体研究内容及主要结论如下1以异佛尔酮二异氰酸酯IPDI和甲基丙烯酸羟乙酯HEMA为硬段聚醚二元醇PEG1000PTMG1000PPG1000PPG2000为软段分别制备了四种不同的CPUA紫外光固化涂膜CPUA1CPUA2CPUA3和CPUA4这四种光固化涂膜的主要性能相差不大其中低聚物CPUA1由于PEG1000分子的链结构规则结晶性好涂膜硬度高但是其较高含量的醚键导致低聚物黏度较大涂装困难且涂膜耐清洗性差而低聚物CPUA3由于PPG1000分子侧基的存在降低了体系的结晶性低聚物黏度较小得到的紫外光固化涂膜各项性能指标良好比较适合规模化工业生产通过对聚醚型二元醇的分子结构与相应的紫外光固化CPUA涂膜性能之间关系的分析可知软段的结构和含量是决定CPUA涂膜性能的重要影响因素软段越柔软低聚物越容易结晶涂膜的硬度和耐热性就越好软段分子量越大硬段含量越少涂膜的硬度越低2紫外光固化脂环族聚醚型聚氨酯丙烯酸酯CPUA3和脂环族环氧丙烯酸酯CycloaliphaticepoxyacrylateCEA共混改性涂膜中CPUA3CEA和活性稀释剂三羟甲基丙烷三甲基丙烯酸酉TrimethylolpropanetriacrylateTMPTMA三者相容性良好在紫外光固化过程中发生自由基共聚无明显的相分离现象由涂膜液氮淬断面的扫描电子显微镜SEM图可知共混涂膜UEAT2CPUA3CEA和TMPTMA的组成质量比为302050的断裂面出现较长的断裂带且断面比较光滑表明该组成比时的涂膜具有良好的韧性此时涂膜的铅笔硬度摆杆硬度拉伸性能和耐热性各项性能指标最佳表面光滑无缺陷3紫外光固化CPUA3和脂环族环氧树脂CycloaliphaticepoxyresinCER共混改性涂膜中CPUA3CER和TMPTMA三者相容性良好在紫外光固化过程中CPUA3和TMPTMA发生自由基共聚反应聚合速率相对较高CER发生阳离子光聚合反应聚合速率相对较低两种不同的光聚合类型引发微观相分离现象体系呈现明显的两相结构当紫外光固化共混涂膜中CER的质量分数在5070范围内时两相形成IPN结构在各种组成配比的涂膜中具有IPN结构的紫外光固化涂膜UTC3CPUA3TMPTMA和CER的组成质量比为151570的综合性能最佳其力学性能热稳定性和表面性能均较好这主要是由于IPN体系中两相聚合物之间具有协同效应分子链之间存在大量的氢键能促进了两相之间的相容性表现为动态热机械分析DMA曲线呈单峰态势4紫外光诱导相分离的自由基阳离子紫外光固化共混改性体系中考察了体系固化前共混体系的差示扫描量热DSC曲线和相关玻璃化转变温度Tg黏流温度Tf及热聚合初始温度Ti建立了共混体系的温变相图随着CER含量的增加紫外光固化共混改性体系的相结构经历了海岛结构Ⅰ双连续结构和海岛结构Ⅱ三个阶段由于CPUA与CER之间存在黏度差异体系主体相发生的相反转的过程是不对称的以其中性能最佳的紫外光固化IPN涂膜UTC3为研究对象采用SEM测试跟踪了UTC3共混体系随时间变化的相分离演变过程发现CPUA3TMPTMACER共混体系的相分离行为受各组分的模量黏度光聚合速率等多种因素的影响相分离过程比较复杂基于以上对自由基阳离子紫外光固化诱导相分离过程的分析建立了三角亚稳相图并提出自由基阳离子紫外光固化体系的相分离分为以下几个阶段开始相分离自由基紫外光固化聚合主导期模量控制相分离的自由基阳离子紫外光固化共同聚合期阳离子紫外光固化聚合主导期和相分离终止5紫外光固化UTC3和低分子量含硅丙烯酸酯KH570共混改性涂膜中KH570与共混体系UTC3存在一定的相容性当KH570的质量分数低于10wto时四者能够混溶含单双键的低分子量丙烯酸酯KH570以侧链的形式进入交联网络降低了交联密度为光引发剂未反应的低聚物和活性稀释剂提供了流动空间提高了自由基阳离子紫外光固化共混体系的聚合速率和最终转化率由SEM图可以观察到KH570的空间位阻效应使得紫外光固化涂膜UTC3的微观形貌由IPN结构变为含有大量空穴和缝隙的复杂结构但是随着KH570含量的增加分子间氢键作用占主导涂膜液氮淬断面逐渐变得平滑而致密与UTC3紫外光固化涂膜相比UTC3KH570紫外光固化共混涂膜的机械性能有所下降但断裂伸长率增大阻尼性能和热稳定性有明显提高润湿性也有所改善另外由原子力显微镜AFM图和X射线光电子能谱XPS图可知UTC3紫外光固化涂膜表面的KH570的含量远高于KH570添加到体系中的含量表明KH570在光固化过程中会发生分子迁移现象其体相密度低于涂膜表面密度
聚丙烯酸酯乳液具有无污染成本低成膜性能好等优点其乳胶膜的耐候性柔韧性附着力等性能优良在建筑汽车包装印刷等领域得到了较为广泛的应用但乳胶膜的耐热性硬度等较差在一定程度上限制其应用采用无机纳米二氧化钛改性聚丙烯酸酯乳液制备有机无机纳米复合乳液可以显著提高乳胶膜的硬度耐热性冲击强度等性能从而进一步扩大其使用范围然而由于纳米二氧化钛的比表面积大表面能高处于非热力学稳定态所制备的复合乳液易存在纳米粒子团聚复合乳液储存稳定性差制备工艺复杂等缺点本工作采取两条技术路线原位制备了聚丙烯酸酯纳米二氧化钛复合乳液探讨了制备过程中的影响因素通过红外光谱FTIR激光纳米粒度仪DLSX射线衍射XRD透射电镜TEM等手段对纳米二氧化钛和复合乳液的结构进行表征对乳胶膜的热性能力学性能紫外吸收性能等进行研究并分析了复合乳胶粒子的形成机理论文的研究内容和主要成果包括如下四点1采用溶胶凝胶法以钛酸丁酯TBOT为前驱体盐酸HCl为催化剂γ甲基丙烯酰氧基丙基三甲氧基硅烷KH570为改性剂制备了KH570改性纳米二氧化钛溶胶然后加入MMABAAA等丙烯酸酯单体并进行预乳化通过原位乳液聚合制备了具有良好稳定性的聚丙烯酸酯纳米二氧化钛复合乳液利用FTIRXRDDLSTEM等手段对改性纳米二氧化钛和复合乳液及乳胶膜进行了表征改性纳米二氧化钛的晶型为锐钛型随着盐酸用量的增加其晶型不变但晶化度提高与未改性纳米二氧化钛相比改性纳米二氧化钛的平均粒径减小且分布变窄当HCl与TBOT的摩尔比nHClnTBOT为048时KH570改性纳米二氧化钛的平均粒径最小且粒径分布最窄改性纳米二氧化钛与聚丙烯酸酯有良好的相容性适量改性纳米二氧化钛的加入可以改善复合乳胶膜的冲击性能硬度和耐热性但对附着力和弯曲性能影响不大2以甲基丙烯酸甲酯MMA为油相十六烷基三甲基溴化铵CTAB和丙烯酸AA分别为乳化剂和助乳化剂加入适量的水制备了CTABAAMMAH2O反相微乳液体系以该体系中的反相胶束为纳米反应器以TBOT为前驱体KH570为改性剂制备了KH570改性纳米二氧化钛溶胶绘制了体系的拟三元相图研究了影响纳米二氧化钛生成率的主要因素利用FTIRTEM等对KH570改性二氧化钛进行了表征当CTAB与AA的质量比为23时所形成的反相微乳液区域最大随着CTAB与AA的质量比mCTABmAA以及CTAB和AA占油相质量比mCTABAAmMMA的增大增容水量相应增大适宜的mCTABmAA和mCTABAAmMMA分别为23和55而温度对增容水量的影响较小当增容水量和KH570与钛酸丁酯质量比分别为445和06反应时间和反应温度分别为20h和25时二氧化钛的生成率为749KH570改性纳米二氧化钛的平均粒径在10nm左右与未改性纳米二氧化钛相比其亲油性得到了明显改善此外在纳米二氧化钛的制备过程中不需使用乙醇作为分散介质因此便于后续乳液聚合的稳定进行3在由反相微乳液法制备KH570改性纳米二氧化钛溶胶中加入适量的水使体系从WO型转变为OW型然后通过原位乳液聚合法合成出聚丙烯酸酯纳米二氧化钛复合乳液研究了聚合方法和反应温度以及过硫酸钾KPSTBOTKH570微乳液增容水等用量等对单体转化率凝胶率粒径Zeta电位等的影响结果发现适宜的乳液聚合工艺为间歇法当反应温度为75KPS用量为05KH570与TBOT质量比为06TBOT用量为5微乳液增容水量为445时聚丙烯酸酯纳米二氧化钛复合乳液具有低凝胶率以及良好的反应稳定性和储存稳定性4采用FTIR热重TGTEM等对反相微乳液法原位聚合法制备的复合乳液和乳胶膜的结构进行了表征对乳胶膜的热性能力学性能紫外吸收性能等进行了研究并探讨了聚丙烯酸酯纳米二氧化钛复合乳胶粒子的形成机理结果表明聚丙烯酸酯纳米二氧化钛复合乳胶粒呈明显的核壳结构其中纳米TiO2为核聚丙烯酸酯为壳粒径在100150nm之间KH570改性纳米二氧化钛在聚丙烯酸酯中具有良好的相容性和分散性通过引入纳米二氧化钛可在一定程度上提高聚丙烯酸酯乳胶膜的耐热性硬度和冲击强度当TBOT用量为9时复合乳胶膜的最大热失重速率温度铅笔硬度和冲击强度分别为40632H和43kgcm高于纯聚丙烯酸酯乳胶膜的39741H和39kgcm与纯聚丙烯酸酯乳胶膜相比聚丙烯酸酯纳米二氧化钛复合乳胶膜对紫外光的吸收强度明显增大并且随着TBOT用量的增加复合乳胶膜的吸收强度随之增加当TBOT用量为9时复合乳胶膜的最大吸收波长和吸光度从纯聚丙烯酸酯的298nm和040分别增大至314nm和175
有机颜料具有着色力强色泽鲜艳色谱齐全等优点已经广泛地应用于油墨涂料塑料和橡胶等的着色而且是近期聚合物着色剂研究开发的热点但多数有机颜料品种存在着水相分散性差和耐光牢度耐候性不好等缺点文献中曾采用聚合物包膜有机颜料包核表面活性剂处理等方法来改善有机颜料的性能但到目前为止仍不尽理想本论文则采用层层自组装技术和溶胶凝胶法对有机颜料颗粒表面进行了二氧化硅二氧化钛等纳米无机氧化物的包覆改性试图将无机纳米氧化物的紫外屏蔽特性高耐候性亲水性化学惰性等优点赋予有机颜料从而提高有机颜料在水相中的分散性耐候性以及耐酸碱性等性能同时又不牺牲有机颜料的高装饰特性因为纳米无机氧化物具有可见光透过特性本论文选用有机颜料黄109和联苯胺黄G作为有机颜料体系研究内容包括纳米二氧化硅胶体粒子在有机颜料颗粒表面的层层自组装包覆二氧化硅纳米薄膜在有机颜料颗粒表面的溶胶凝胶包覆二氧化钛纳米薄膜在有机颜料颗粒表面的溶胶凝胶包覆以及包覆改性后有机颜料的性能研究等关于纳米二氧化硅胶体粒子在有机颜料颗粒表面的层层自组装包覆研究方面首先采用聚电解质聚二烯丙基二甲基氯化铵PDADMAC和聚4苯乙烯磺酸钠PSS交替吸附处理有机颜料颗粒表面使其带上正电荷再通过静电作用将纳米胶体二氧化硅粒子吸附到有机颜料颗粒表面上研究结果表明纳米二氧化硅粒子通过层层自组装方法可以成功地包覆到有机颜料颗粒的表面而且吸附到有机颜料颗粒表面上纳米二氧化硅的量随着预吸附聚电解质层数的增加而增加但当吸附六层聚电解质以后进一步增加聚电解质吸附层数对增加纳米二氧化硅吸附量没有太大意义包覆到有机颜料黄109颗粒表面二氧化硅层的厚度可以通过吸附多层纳米二氧化硅来控制表面元素分析结果表明有机颜料颗粒表面的纳米二氧化硅粒子包覆率随着纳米二氧化硅包覆层厚度增加而增大接触角的实验结果表明包覆了纳米二氧化硅的有机颜料的润湿性发生了明显的改善可以完全被水浸润能够很方便地应用于水性体系中紫外可见光谱分析结果证明了包覆纳米二氧化硅的有机颜料紫外屏蔽性能大大加强在二氧化硅纳米薄膜在有机颜料表面的溶胶凝胶包覆方法方面首先也是利用上述的两种聚电解质对有机颜料颗粒表面进行改性使其表面带上一定量的正电荷之后将带一定正电荷的有机颜料颗粒转移到乙醇溶液中然后将前驱体正硅酸乙酯TEOS和氨水加入到该体系中进行反应透射电镜照片结果表明在表面活性剂聚乙烯吡咯烷酮PVP辅助作用下通过控制氨水和水的用量可以控制包覆到有机颜料颗粒表面二氧化硅的形态使水解和缩合的TEOS能够在有机颜料黄109颗粒表面形成一层致密的二氧化硅纳米级厚度的膜二氧化硅层的厚度可以通过控制TEOS的用量来调控XPS分析结果表明随着二氧化硅层厚度的增加硅含量同样增加氯元素含量降低表明二氧化硅包覆层愈来愈致密紫外可见漫反射光谱数据表明用这种方法包覆的二氧化硅同样可以屏蔽紫外线热分析结果表明包覆了二氧化硅的有机颜料的热稳定性有所提高在二氧化钛纳米薄膜在有机颜料表面的溶胶凝胶包覆方法方面以钛酸正丁酯TBOT为前驱体采用类似于溶胶凝胶法二氧化硅包覆有机颜料工艺成功实现了二氧化钛在有机颜料颗粒表面的包覆研究结果表明可通过调节TBOT的滴加速度水和氨水的加入量等工艺参数得到致密的二氧化钛包覆层二氧化钛包覆层的厚度可通过TBOT的加入量来控制XPS测试结果表明随着二氧化钛层厚度的增加改性后颜料颗粒表面钛元素的含量也是逐渐增加的紫外可见漫反射光谱分析结果表明包覆二氧化钛后的有机颜料的紫外屏蔽性能大大加强与纳米二氧化硅粒子包覆有机颜料的紫外屏蔽性能相类似优于二氧化硅溶胶凝胶法包覆的有机颜料有机颜料包覆二氧化钛后耐热性也有一定程度的提高在改性后有机颜料的性能方面研究结果表明纳米无机物改性后的联苯胺黄G润湿性能都有所改善但用层层自组装方法制备的二氧化硅包覆联苯胺黄G的润湿性能明显优于溶胶凝胶法制备的二氧化硅二氧化钛包覆的联苯胺黄G不管用什么方法进行无机物包覆改性后的颜料耐酸碱性都增强将改性后的联苯胺黄G色浆加入乳胶漆配制成水性建筑涂料进行涂层性能测试发现包覆到联苯胺黄G上的无机物的壳层越厚越致密则改性后的联苯胺黄G配成的涂料涂层颜色就越鲜艳纳米无机物包覆后颜料的耐候性都有提高
近年来 ,稀土元素及其化合物已成为现代尖端科技领域不可缺少的特殊材料 ,本文就其发光特性和应用作一介绍"
"挥发性有机物(VOCs)种类繁多,对人体健康和生态环境危害大,是最为复杂的一类污染物.世界各国对其定义以及控制指标有所区别,我国的国家标准和地方标准对其也没有统一的定义,控制指标和对应的监测方法也各有不同.通过对国内外现行VOCs定义和控制指标的深入分析,提出VOCs的定义应根据""空气质量管理""与""污染源排放管理""关注问题的不同而有所区别;从生产源头、工艺过程、末端排放、总量控制等不同控制途径,建立的VOCs控制指标体系由10项指标构成;在制订行业VOCs排放标准时,应根据行业生产工艺特点、VOCs排放方式、可能采取的控制措施等,从中选择最有效的控制方式和指标(或指标组合)."
超细二氧化钛具有许多独特的性能，应用范围很广。对超细二氧化钛的合成技术进展进行了回顾，并指出研究和应用方面有待解决的问题。
"本文主要介绍目前新型荧光材料的荧光特性 ,着重介绍了荧光材料在农业、工业、医药学方面的应用 ,并探讨了新型荧光材料的研究及发展趋势"
"纳米氧化铁是一种多功能材料,在催化、磁介质、医药等方面具有广泛的应用。本文综述了纳米氧化铁的结构性质及其用途。"
介绍了一些光致变色化合物的结构类型、合成方法、变色特性、变色机理和某些应用实例，以及目前光致变色化合物的研究动向.
"涂层紫外光固化技术由于在能源节省、产品质量以及环保方面的优势 ,正在不断的迅速发展 .本文综述了近年来辐照设备的进步 ,以及紫外光固化体系所涉及的单体、齐聚体和光引发剂的研究发展情况"
近年来随着人们对全球环境问题认识的深化可持续发展观念的已深入人心建筑界也迅速掀起了一股生态建筑热建筑与环境关系的研究逐渐从仅仅关注人文环境过渡到人文环境与自然环境并重气候作为自然环境的重要组成部分也逐渐引起了越来越多的关注笔者研究了国内外结合气候设计的建筑成果并对重庆地区住宅建筑进行了实地调研通过提炼借鉴传统和现代建筑适应气候的建筑方法总结出适用于重庆地区住宅建筑结合气候的设计理论和方法文章共分四大部分第一绪言首先对当今建筑界广泛关注的可持续发展建筑的地域性及设计结合气候的问题进行了分析接着提出本文的研究目的是总结出适合重庆地区目前经济技术水平切实可行的设计方法解决重庆地区住宅建筑可持续发展的问题第二人与建筑气候环境对气候建筑和人的相互关系及影响进行了分析介绍了建筑室内气候环境舒适评价标准为研究提供理论依据第三重庆地区气候环境与住宅建筑现存问题与分析介绍了重庆地区的地理气候环境状况指出夏季湿热气候应是结合气候的建筑设计的重点考虑因素同时提出重庆住宅建筑在适应气候方面现存的一些问题并进行分析第四章适应气候的重庆地区住宅建筑设计方法研究从建筑群体单体和构造技术三方面进行了全面细致的研究主要讨论怎样结合当地气候来进行重庆地区住宅建筑设计这是本论文的中心内容在建筑群体方面主要从群体布局和室外环境两个方面进行了研究在建筑单体方面的研究则包括了建筑体型控制建筑热环境分区广义的立面遮阳处理以及自然通风的引导等方面的内容在建筑构造技术方面的研究包括了墙体屋顶门窗阳台和遮阳等各个建筑部分
近年来随着人们环保意识的不断加强及对可再生资源合理利用方面关注程度的日益提高使得在材料科学方面利用可再生的植物纤维原料的改性产品来替代不可再生性资源产品方面的研究成为全球热点本文介绍了一种新型纤维素产品纳米级微纤化纤维素简称MFC并对其制备及其在纸张增强效果方面的应用进行了相应研究MFC由于高度微细纤维化而使其具有极大的比表面积使纤维表面裸露出大量的极性羟基从而使MFC具有了一些常规纤维素产品所不具有的独特的性质本文以漂白硫酸盐竹浆为原料结合浆料的PFI打浆和化学预处理以及后续的高压均质化处理制备出直径尺度在011nm范围内的纳米级微纤化纤维素产品并通过SEM对竹子微纤化纤维素产品的表面形貌进行了观察同时通过物理和化学的方法对所制备的微纤化纤维素产品的相对保水值流变特性及羧酸基团等进行了测定结果表明与常规纤维素产品相比MFC具有极高的相对保水值且MFC胶体产品表现出典型假塑性流体剪切稀释的特征另外经初步研究得出MFC产品的羧酸基团含量与其相对保水值之间存在着一定的线性相关性本文还对MFC在造纸工业中纸张增强效果方面的应用进行了研究实验中将MFC阳离子淀粉及MFC与阳离子淀粉复配物分别加入到纸浆中进行抄片研究他们对手抄片物理强度等方面性质的影响结果表明将竹浆MFC产品加入到纸浆中能提高手抄片的物理性能且MFC与阳离子淀粉协同使用时的增强效果要明显好于仅仅单独使用MFC或阳离子淀粉时的增强效果
紫外线固化涂料与油墨的最近发展动向黄汉生（武汉化工研究所）１．紫外线固化树脂市场概况￣［１－２，５］由于限制溶剂排放的环保法规日益严格、紫外线固化技术渐趋完善以及辐射固化（主要是紫外线固化）技术应用领域不断扩展，紫外线固化树脂成为当今发展最快的特殊功...
"介绍了UV印铁油墨的配方和生产工艺;分析了UV印铁油墨的技术指标,并与国内外同类产品进行了成本比数;探讨了颜料对光固性能、颜料对贮存稳定性能、阻聚剂对油墨稳定性能、光敏剂量对涂膜性能对紫外线固化印铁油墨的影响,同时还对UV印铁油墨贮存效果进行了分析。"
" 为使塑料制品对顾客更具吸引力,同时也有出色的使用功能,在三维立体塑料制品表面印上色彩斑澜的图案,已经成为近几年一个被关注和迅速发展的领域。例如:一个色彩鲜艳的三维立体塑料娃娃,会使儿童爱不释手,争相购买;一个色彩鲜明的三维立体塑料装饰品,非常醒目,又美化环境,给人以美的享受。塑料制品表面印刷主要是依靠丝网印刷来实现的,这也是伴随着塑料自身性能的不断改善以及新型丝网印刷油墨体系的进步得以迅速发展起来的。 在众多常见的三维立体塑料制品"
" 紫外线固化油墨是国外近十几年来才开发成功的一种功能性油墨。由于它具有普通油墨所没有的许多优异性能,因此引起了人们极大的兴趣。从1969年开始,美、日等国大力进行了开发,并陆续推出了适用于平版印刷,凸版印刷、凹版印刷及丝网印刷等印刷方法的系列产品。仅日本就有30家工厂生产紫外线固化油墨,年销售额已达65.1亿日元。本文将对国外紫外线固化油墨产品开发,应用及市场等方面情况作一介绍。"
