2018,环保新形势与柔印发展新机遇--《印刷技术》,,"环保大背景下行业形势的新变化近日,HJ371-2018《环境标志产品技术要求凹印油墨和柔印油墨》正式获批,2018年10月1日起正式执行。印刷界治污形势朝源头控制方向发展,趋势日趋明显。新的环境标志产品技术要求油墨中的溶剂含量不超过5%,这就为柔印水墨用户在环保大背景下开拓了一条新的市场发展通道。柔印水墨用户目前主要集中在瓦楞纸箱印刷(包括预印和后印)、快"
2017,2017中国柔印市场的现状与发展趋势--《印刷技术》,柔印机;柔性版印刷;溶剂型油墨;凹印;印刷领域;瓦楞纸箱;机组式;印刷方式;水性油墨;柔印技术;,"中国柔印市场的现状与发展趋势这个话题,相信不仅是柔印同仁们共同关心的话题,亦是关心柔印发展或对柔印感兴趣的印刷同仁们欲了解的话题。近年来,笔者曾多次就这个话题试探性地发表个人看法,如今再回眸,值得欣喜和欣慰:笔者一直以来对中国柔印市场有着坚定的判断,即柔印在中国的持续发展是确定的,多年来,中国柔印市场正稳步地在笔者判定的轨道上运行,尤其近两年正在以更"
2017,中国柔印的现状与未来发展--《印刷杂志》,柔印 发展现状 产业链供应 绿色环保 人才培养,"中国柔印的现状与未来发展的话题,相信是柔印同仁们共同关心的话题,亦是关心柔印发展或对柔印感兴趣的印刷同仁们欲了解的话题。几年来,笔者曾几次就此话题试探性地发表了个人看法,如今再回眸,值得欣喜和欣慰的是:多年来,中国柔印正稳步地在笔者一直以来对中国柔印的坚定展望的轨道上运行——""柔印在中国的持续发展是确定的"",正在以更快更好的速"
2018,水墨柔印工艺应用现状及发展前景——基于教科书柔性版水墨印刷项目分析--《出版与印刷》,水墨柔印 绿色印刷 教科书,"水墨柔印工艺是目前可以实现大规模绿色环保印刷的成熟工艺,是可以改变印刷污染并实现生产零排放的""深绿色""印刷工艺。文章通过分析教科书柔性版水墨印刷项目实施七年以来取得的成效、存在的不足和面临的困难,探讨水墨柔印工艺在出版物印刷领域的应用现状和发展前景。指出要实现水墨柔印工艺健康、跨越式发展,需要全产业链相关各方的大力支持和共同努力。"
2018,中国柔印迈进新时代--《印刷杂志》,改革开放 中国柔印 矛盾 质量 成本 环保,"党的十九大指出:中国特色社会主义进入新时代,我国社会主要矛盾已经转化为人民日益增长的美好生活需要和不平衡不充分的发展之间的矛盾。十九大的这两个论断给人以深刻印象。受十九大精神的启发,结合中国柔印的实际情况和发展状况,笔者认为:中国柔印发展迈进新时代,中国柔印发展的主要矛盾是行业对柔印日益增长的需要和柔印质量及成本之间的矛盾。"
2018,软包装柔印的应用现状和发展趋势--《印刷技术》,软包装;,"大多柔印企业都斥巨资引进设备,他们希望借助先进的设备来赢得竞争力或开辟新市场,可现实却是昂贵的设备已经不是企业的稀缺资源,有资本随时可以得到。而要想让这些投入资金获得最大的回报率,企业就必须转变看法,吸引、培养并有效配置人才,人才才是企业的稀缺资源。不管是过去、现在,还是未来,能够获得成功的柔"
2017,柔印预印在瓦楞纸箱印刷中的地位与发展趋势--《印刷技术》,柔印机;瓦楞纸箱;预印;瓦楞纸板;柔性版;模切;网纹辊;线数;灰平衡;运输包装;,"当前,瓦楞纸箱印刷中的高、中、低各端均有代表产品和工艺。高端是预印工艺,已印好的彩卷同其他瓦楞芯纸和里纸共同生成彩色纸板,而后模切成形。中端是纸板后印,在瓦楞纸板上柔印,俗称后印。低端是纸板不印刷,由于电商背景下点对点的商业供应模式,因此纸箱上只需包含必要商品信息的纸质标签就能满足需求。高端产品承担的是纸箱的销售包装功能,低端产品承担的是纸箱的运输包装功"
2018,绿色印刷  柔印在行动--《印刷技术》,柔印机;国产机;环境保护标准;绿色印刷;柔性版制版;卫星式柔性版印刷机;中国印刷技术协会;,"2017年,我国印刷企业经历了""纸价上涨更快、环保督查更严""的考验,度过了十分艰难的一年。由于绿色印刷已成为业界共识,针对印刷过程中VOCs排放的治理成为了工作重点。使用水墨的柔性版印刷已被公认为低(无)VOCs排放的印刷工艺,其另一个优点是对于承印材料的印刷适性要求低于其他印刷方式。虽然柔印制版成本偏高一直被同行所诟病,导致其多年来在国内印刷总产值的占比并不高,好在国产柔性版材的推出,加快了制"
2017,中国柔印发展的黄金时代即将来临--《广东印刷》,柔印技术 中国印协 华南国际 大型展会 东莞厚街 书刊印刷企业 柔性版印刷 商贸平台 励展博览集团 展示平台,"日前,中国印协柔印分会与励展正式达成战略合作,将于2018年4月10~12日在东莞厚街参与协办2018华南国际柔印技术展。作为国内柔印行业的专业大型展会,励展将与中国印协柔印分会深度"
2007,继续推进柔印技术在中国的发展--《今日印刷》,柔性版印刷机 柔印机 柔印技术 柔版印刷机 水性油墨 包装印刷品 模内标签 卫星式 印刷方式 大发展,"社会信息化及经济全球化的发展促使印刷业发生着巨大的变化。在四大印刷工艺中,作为凸版印刷衍生的柔性版印刷,经过几十载的曲折发展历程,终成正果。柔印市场由小到大、由弱至强的发展态势,引得印刷各界人士竞相关注。据统计,20世纪90年代末,全球柔印每年都以70％的惊人速度增长,2000年,柔印已占全球印刷市场的18％～19％。然而在柔印增长的同时,全球凹印的增长却呈持平的状态,而胶印则出现略有下跌的态势。为何柔印发展如此之迅猛?究其原因应该是像陶瓷网纹辊、套筒式印版辊、水性油墨、UV油墨、激光雕刻技术和计算机技术等一批新技术的应用大大提高了其印刷质量,加上水性油墨的环保优势而使其得到了巨大发展,尤其是在欧美更为注重环保的国家,柔印更是应用广泛。那么,柔印在中国的发展现状如何?中国印刷业是如何推动柔印前进的呢?先进的柔印技术是否都得以顺利普及?……为此,《今日印刷》特意走访了几位业内资深专家、经理人,不妨听听他们对柔印在中国发展过程中所遇到的诸多问题的看法。"
2005,柔印技术发展前景--《信息记录材料》,柔印技术 母版制版机 柔性印刷机 柔印版材,"通过对柔印技术的发展历程回顾,与其他三大印刷术(胶印、凹印和丝印)比较、剖析,阐述了 国内外柔印的各种优点及其潜在实惠,认为柔印技术在将来一定时期内会逐渐占领印刷业市场更大份额,虽不 可能一统市场,但柔印业具有广阔的发展前景。"
2018,柔印动态--《印刷杂志》,柔印技术;理事长;秘书长;柔性版制版;中国印协;,"杭州科雷公司拜访柔印分会4月9日上午,杭州科雷机电工业有限公司陈炜副总经理,专程来到柔印分会办公新址拜访,受到了周建宝理事长、施建屏秘书长、王明烈顾问的热情接待。陈总向周理事长介绍了杭州科雷公司的概况。公司成立于1992年,全球的装机量海过5 000台,覆盖了100多个国家和地区。目前公司主要有两大类产品:一类是胶印、凸印和柔印的CTP设备;另一类"
2018,柔印水墨软包装印刷实证及其启示--《印刷杂志》,柔印 水墨 环保 薄膜 里印 实证 启示,"在轰轰烈烈尝试了各种印刷VOCs治理方案之后,从源头解决印刷环保问题,用凹印油墨与柔印油墨的水性化解决印刷对大气环境的污染,在不增加印刷企业制造成本的条件下走出一条绿色印刷之路,这是2017年国内印刷界书写的浓墨重彩的一笔。受环保部科技标准司标准处的委托,中国印刷技术协会柔性版印刷分会于2017年11月在上"
2017,看国内标签柔印市场快速崛起——2017中国标签业柔印技术应用情况调查分析--《标签技术》,柔印机;市场占比;供应商数量;样本企业;机组式;装机量;太阳杯;水性油墨;印刷方式;可持续发展策略;,"走过30多年艰难历程,柔印技术近年来在我国标签印刷市场终于迎来人气大升的良好局面,无论是柔印设备装机量、柔印设备供应商数量,还是柔印机用户数量、柔印标签产品的总量和市场占比,都有较大增幅。柔印能在最近几年走红,固然与全球可持续发展策略、我国绿色环保政策收紧有关,但更大的机缘则来自"
2018,柔印水墨软包装实证及其启示--《印刷技术》,凹印油墨;卫星式;无溶剂复合;软包装;,"在轰轰烈烈尝试了各种印刷VOCs治理方案之后,从源头解决印刷环保问题,用凹印油墨与柔印油墨的水性化解决印刷对大气环境的污染,在不增加印刷企业制造成本条件下走出一条绿色印刷之路,这是2017年国内印刷界书写的浓墨重彩的一笔。按照环保部科技标准司标准处的要求,中国印刷技术协会柔性版印刷分会于2017年11月在上海组织了采用溶剂含量不超过5%的水墨在OPP薄膜上里印,采用OPP与PE无溶剂复"
2015,柔印版材在国内市场的现状、发展与应用--《印刷杂志》,柔印 版材 环保 机遇 厚度 耐印力,"柔印工艺在印刷业的推广,离不开感光树脂柔性版的应用。早在25年前,国家标准GB?9851.4—1990就开宗明义地宣告:""柔性版印刷是使用柔性版,通过网纹辊传递油墨的印刷方式。""很明显,柔印的定义包含两项,缺一不可。柔印离不开柔性版,发展柔印一定要关注柔性版的发展,尤其是感光树脂柔性版的发展。一、2014环保危机与柔印产业的机遇2014年因雾霾引起的对传统工业有机溶剂排放的关注,引发了印"
2017,国产柔印机  任重而道远--《印刷技术》,柔印机;苯胺印刷机;机组式;卫星式;印刷技术;印刷机械;机械制造商;网纹辊;北人;柔性版印刷;,"柔印技术1890年诞生于英国,当时被称为苯胺印刷,1905年第一台苯胺印刷机在法国诞生。1952年,苯胺印刷技术在美国盛行,在这一年""苯胺印刷""被正式更名为""柔印""。20世纪70年代,柔印被正式引进我国,从起步至今只有40多年的历史。从目前的柔印市场来看,常规柔印机类型主要有层叠式、卫星式和机组式3种,均采用"
2014,低抗划伤、高耐磨性水性彩色柔印油墨的研制--《曲阜师范大学》,水性柔印油墨 树脂 分散性 耐摩擦性 抗划伤性,水性油墨不含挥发性有机溶剂绿色环保低抗划伤高耐磨性水性彩色柔印油墨是应用于即开型有奖票据印刷中的一种环保型功能性油墨即开票的印刷工艺是在卡纸上采用柔印的方式先后印刷黑白色打底墨各两层然后通过喷码机喷涂有奖信息再用柔版印刷方式印刷UV隔离油经过紫外灯固化后先后再印刷黑白遮盖墨各两层最后在遮盖墨上印刷彩色水性油墨这里的彩色水性油墨就要求具有低抗划伤性和高耐摩擦性目前应用于即开票印刷的柔性版水性彩色柔印油墨虽说我国已经开始研制和生产但性能上依然不是很理想仍大多依靠进口随着彩票票据业的逐步发展即开型票据的市场份额也在不断扩大低抗划伤高耐磨性水性彩色柔印油墨具有较广阔的市场前景对此种水性彩色柔印油墨的研发也就具有十分重要的意义本论文根据国内外水性柔印油墨的研究现状研发一种适用于彩票印刷的四色水性彩色柔印油墨通过改变研磨树脂的种类颜基比分散剂的种类及含量研磨时间和研磨设备等探讨了油墨分散性的影响因素为了得到低抗划伤高耐磨性水性彩色柔印油墨通过改变颜料及连结料的种类和含量助剂的种类及含量配制油墨测试油墨的印刷适性使用印刷适性仪IGTF1进行打样测试样张的光泽度密度耐摩擦性和抗划伤性等研究了水性油墨体系中各组分对油墨性能影响最后通过优化水性柔印油墨的配方最终制备出具有高耐摩擦性低抗划伤性的水性柔印油墨研究结果表明油墨的颜基比颜料成膜树脂助剂的种类以及含量是影响水性油墨性能的主要因素流平剂和蜡乳液含量对油墨的耐摩擦和抗划伤性有重要的影响四色油墨均选用研磨树脂YM1研磨2h分散性最好青油墨选用酞青蓝Pb154颜基比为31分散剂选用750760为21分散剂在基墨中的质量分数为1制备的油墨分散性能最好成墨中颜料含量为174成膜树脂选用7762411流平剂B4为1蜡乳液L1为0时配制的油墨为最佳黄油墨选用联苯胺黄颜基比为11分散剂选用750760为11分散剂在基墨中的质量分数为06得出的油墨的分散性能最好成墨中联苯胺黄颜料含量为16成膜树脂选用907711水流平剂B4为05蜡乳液L1为25时配制的油墨为最佳品红油墨选用永固桃红FBB颜基比为21分散剂选用750760为11分散剂在基墨中的质量分数为1得出的油墨的分散性能最好成墨中颜料含量为96成膜树脂选用6249011水流平剂B4为15蜡乳液L1为2时配制的油墨为最佳黑色油墨选用卡博特炭黑颜料颜基比为31分散剂选用75076012分散剂在基墨中的含量为1得出的黑色油墨的分散性能最好的成膜树脂选用6249077111水流平剂B4为2蜡乳液L1为25时配制的油墨为最佳
2017,层叠式柔版印刷机控制系统设计--《长安大学》,虚拟主轴 张力控制 印刷速度 印刷精度,目前层叠式柔版印刷机控制系统主要有两种控制方式分别是PLC控制和继电器控制二者均是控制机械主轴通过主轴和各色组轴之间齿轮咬合进行传动而这两种控制方式所依据的齿轮传动存在的机械磨损会导致整个印刷系统的精度降低噪音大同步性差速度低等问题如何解决系统中存在的此类问题是本课题研究的核心任务本文以杭州项淮机械有限公司的层叠式柔版印刷机为研究对象依据系统的工艺性能要求对其控制系统进行了研究改造和实施本文首先对层叠式柔版印刷机的结构工艺流程各环节的传动方式进行了细致的分析研究然后以此为基础针对印刷精度不高和同步性差的问题提出基于伺服电机拟合虚拟主轴电子轴传动的层叠式柔版印刷机控制方法张力控制是整个项目的技术难点实时保持张力稳定是精准印刷的关键本文采用变比例PID控制算法可实现张力的精准控制同时在收卷时考虑到恒张力下卷径变化对产品的挤压在收卷时采用锥度控制算法随着卷径的变大收卷机构的张力逐渐减小以保证机器在稳定运行时收卷机构不会压坏产品在印刷色组的同步性控制环节通过调节各色组伺服电机与虚拟主轴之间速度的耦合比以补偿由外部扰动引起的位置误差实现控制色组之间印刷的同步性该方法不仅能够提高系统的同步精度同时能够满足系统的动态同步要求通过调节套色误差解决印刷技术上套印精度低的问题最后在实施上本控制系统采用德国Beckhoff的Systemmanger伺服控制系统控制器采用Beckhoff的工控机及TwinCAT控制平台通过EtherCAT的IP网络协议搭建了一个运动控制系统通过系统调试和现场测试以及性能分析结果表明本文设计的控制系统结构简单扩展性强而且大大减小了传动误差提升了系统的响应速度同步性能和印刷精度完全满足系统工艺要求使以往的缺陷得以很好的改善
2019,印刷机械工业四十载--《机械工业标准化与质量》,印刷机械;涂布设备;模切机;数字印刷机;印刷电子;CTP;印刷技术;数码印刷机;装备制造业;计算机直接制版;,"印刷装备是印刷工业发展的重要支撑。改革开放以来的40年间,印刷工业告别了""铅与火"",走过了""光与电"",现如今进入""数与网""的时代。当前,数字技术正成为印刷传媒的基础技术,印刷设备体现了信息网络技术、数字制造技术与传统机械制造技术的深度融合,成为国家培育和发展的战略性新兴产业。印刷机械产业在我国社会主义物质文明和精神文明建设中发挥着不可代替的作用。1印刷机械40年的发展历程"
2019,中国软包装展——亚洲国际标签印刷展览会之“展中展”即将登陆上海--《网印工业》,软包装;收缩膜;柔印机;凹印机;标签印刷机;设备供应商;,"直至如今,软包装印刷和收缩膜套的加工依然以宽幅CI柔印机和大幅面凹印机为主导,其主要特点是多长单、价格低、幅面宽、印刷速度快。然而,现在情况正在发生变化,并不断推动消费者改变行为规范。·""千禧一代""消费者不再钟情于某一个特定品牌。他们想体验更多产品,也希望现有的品牌能有更多的变化(SKUs);·消费者希望他们购买的产品更能反映其人生价值观、生活态度和生活方式(如,健康、环保的生活方式等);"
2018,以水性丙烯酸树脂为连接料的柔印水墨分析--《塑料包装》,水性油墨 连接料 水性丙烯酸树脂 柔印,"研究柔印水墨中的水性丙烯酸树脂连接料,及其合成和改性技术,考虑形成两种树脂的复合乳液,提高树脂在成膜过程中的交联度,让各组分间的优势互补,从而改善水墨印刷适性。通过查阅文献,归纳整理水性丙烯酸树脂改性方法的研究进展,为柔印水性油墨的研究提供参考。"
2005,瓦楞纸板包装材料的性能及其发展前景--《包装工程》,瓦楞纸板 包装材料 缓冲性能,"　随着绿色包装理念的渗入,瓦楞纸板以其可降解和可再生的特性而倍受青睐。文中从原材料、楞型结构、缓冲特性、印刷适性等方面全面地分析了瓦楞纸板作为包装材料的性能,阐述了目前瓦楞纸板研发的状态及瓦楞纸板的发展前景。"
2014,微流控纸芯片的加工技术及其应用--《化学进展》,微流控纸芯片 微加工 检测技术 应用,"微流控纸芯片是一种新兴的微流控分析技术平台,具有成本低、加工简易、使用和携带方便等优点,在临床诊断、食品质量控制和环境监测等应用领域具有很大的应用前景,近年来,引起广大科学工作者极大的兴趣。本文着重介绍目前文献相继报道的各种纸芯片加工技术,包括紫外光刻、蜡印、等离子体处理、喷墨打印、喷墨溶剂刻蚀、绘图、柔印和激光光刻等技术。此外,还介绍了微流控纸芯片分析中的检测方法及其应用。"
2015,纸芯片微流控技术的发展及应用--《分析测试学报》,纸芯片微流控 制作 检测 应用 综述,"纸芯片微流控技术是一种新型微流控技术。相比于以玻璃、石英、高聚物等为基底的传统微流控芯片,纸芯片具有成本低、易操作、可携带、耗样量小等优点。该文介绍了纸芯片的发展及常用的制作方法,并举例说明了光度法、荧光法、化学发光及电化学发光法和电化学法在纸芯片检测中的应用;归纳了纸芯片技术在临床诊断、环境监控以及食品安全分析等方面的应用;最后对纸芯片微流控的应用前景进行了展望。"
2010,组织惯性对企业组织变革影响机理及系统动力学模型研究--《北京交通大学》,组织惯性 组织变革 系统动力学 惯例 认知 行为决策,本文以组织惯性对组织变革的影响为研究对象在文献综述和探索性研究的基础上以演化经济学认知心理学为理论基础综合运用企业管理理论企业能力理论经济学战略管理等学科领域的理论和前沿观点以系统动力学为分析工具研究探讨组织惯性对组织变革的影响机理构建了基于组织惯性的企业组织变革系统动力学模型主要做了以下工作1组织惯性的定义特征成因及变动分析在评述国内外文献关于组织惯性概念的基础上指出组织惯性是组织运行表现出的一种属性面对环境变动或未遇到外部力量作用通过组织内重复的可识别的行为模式使组织保持自身发展运动状态的行为或倾向具有客观存在但其大小随时间变化具有累积性稳定性易变性路径依赖性知识性等特征分析了认知组织学习决策与组织惯性形成的原因和过程得出企业组织惯性的形成认知组织学习企业决策共同作用的结果结论以组织惯性构成内容行为执行者组织情境惯例为基础分析了执行人的变化知识变化和组织情景变化及其影响因素对组织惯性变动的影响2基于组织变革动力的组织惯性形成组织变革的传导机制和组织惯性对组织变革的影响机制在分析现有组织变革模型的基础上结合组织学习和企业能力构建了组织变革路径模型和组织变革动力传导过程与机制模型在分析组织惯性对企业组织发展作用形式的基础上从企业与环境的相互作用中动态地研究组织惯性对组织变革的影响研究了组织惯性在组织变革中的作用和传递路径构建了与环境变化相匹配的组织能力框架组织惯性对组织变革影响机制模型3企业组织变革系统分析利用系统动力学思想和分析方法分析了组织变革系统的问题描述体统边界划分和企业组织变革系统的基本结构组织惯性与企业组织变革系统动力学模型及其仿真分析4实证分析在案例的基础上采用历史分析叙事分析和问卷调查等方法对本文提出的理论和模型并对模型及相关结论进行分析和讨论提出案例分析结果对理论和实践的启示作用
2013,纸张印刷适性与印刷品质相关性研究--《陕西科技大学》,纸张印刷适性 综合评价 预测 光谱表征 自定义纸张特性文件 色彩算法自动选择,目前全球造纸工业的大宗消费领域是印刷行业纸张成本占到印刷总成本的6070纸张印刷适性是决定其印刷过程和质量的重要因素揭示纸张性能与印刷品质量之间的作用机理是造纸和印刷行业尤为突出的问题然而由于纸张性能印刷之间复杂的多元关系以及影响因素的不确定性该技术难题尚未能较好突破本课题以不同印刷适性纸张为分析对象评判纸张相关性能对其响应印效指标的影响程度量化两体系之间的多元非线性作用规律从纸张相关性能有效组合角度出发研究纸张印刷适性的综合质量评价模型推导纸张性能综合和印刷品质量综合的数学表达式探索两者的关联构建纸张印刷适性的预测方程基于光谱传输特性实现测试纸张与参考纸张之间的印刷适性匹配和评估并推导待印刷纸张的光谱表征模型创建自定义的纸张特性文件揭示不同印刷适性纸张与目标印品阶调色彩传输的作用机理并开发其应用模块针对色域边界色域映射再现意图三个色彩复制关键技术分别提出新的算法并研究根据不同印刷适性纸张的复制特征自动选择适合应用策略机制且编制软件程序本课题量化了纸张在印刷中的行为和作用规律旨在为纸张匹配适宜印刷条件提供科学依据形成纸张应用与印刷实践控制的系统理论指导推动我国造纸与印刷技术的高质量生产和针对性应用利用灰关联分析研究纸张相关性能对印刷品质量的影响程度将各性能进行综合排序结果表明铜版纸性能影响力从大到小依次为平滑度匀度指数光泽度白度吸墨性表面强度不透明度胶版纸依次为吸墨性匀度指数光泽度白度不透明度表面强度平滑度轻涂纸依次为平滑度吸墨性白度匀度指数光泽度不透明度表面强度继而选择影响程度最大的前三个纸张性能作为自变量以响应的印品质量指标为因变量建立两者之间作用规律的多元非线性回归模型以此可以寻求最佳纸张性能组合获得预期印刷效果将纸张相关性能指标有效组合可以对纸张质量进行更准确的判断选取6个纸张性能作为输入层纸张综合评价级别值作为输出值构建纸张RBF神经网络综合评价模型结果表明该模型符合实践应用且精度比BP神经网络更高但纸张评价值范围仅为123为了进行更细致的比较提出基于人工鱼群投影寻踪算法的纸张质量综合分析模型建立纸张评价等级与投影值之间的关系式计算出的纸张评价值范围可为任意实数可比性更高尤其适合于同等级纸张的比较利用主成分分析法分别得到纸张性能综合和印刷品质量综合的计算表达式然后以具体纸张性能综合值为自变量以印品质量综合值为因变量拟合两体系之间的关系曲线最终得出纸张印刷适性的预测方程其自变量通过纸张性能综合表达式被转换成纸张相关性能该方案将纸张和印刷结合起来获取信息更全面应用方便结果客观具体基于光谱传输特性提出四种方案实现测试纸张与参考纸张之间的印刷适性评估包括朗伯比尔光谱定律KubelkaMunk光谱模型纽介堡光谱方程主成分分析法结果表明主成分分析法光谱评估效果最好但计算量最复杂纽介堡光谱方程评估效果和计算量均次之朗伯比尔光谱定律和KubelkaMunk光谱模型评估效果最差但计算量最小进一步将高品质的纸张视为朗伯六界面体分解为三个部分再进行组合推导出纸张的全反射率全透射率新模型使得在各种测量几何条件下表征纸张的光谱特性更简单直接提出并建立自定义的纸张特性文件使印刷所用的纸张和油墨能更好地相适应和匹配纸张特性文件的核心建立步骤是印刷设备的基本线性化最适合油墨色彩数量的判定判断最大油墨厚度并给出油墨量建议利用VC软件进行上述步骤编程使其能够在色彩管理系统中进行调用应用于实际印刷系统中利用曲面细分技术计算色域球体边界的三角形近似值将凸壳算法非空区域最大值点的γ02提出基于分区最大边界法和凸壳算法的组合方案色域边界新算法结果表明组合算法精度和计算量均介于分区最大边界法和凸壳算法之间基于遗传算法提出色域映射的新方法将图像超色域颜色的CIELAB色彩空间坐标定义为基因适应度函数定义为原始图像和映射图像的SCIELAB色差的倒数实行单点交叉或多点交叉结果表明遗传算法色域映射方案比传统裁切算法的色差要小针对四种再现意图对其各自特点及适用范围进行实验和规律总结最后分析纸张各性能与再现意图色域边界算法及色域映射方法的关系研究得出根据纸张相关性能自动选择各种色彩具体算法的规律和方案流程并利用VC软件实现自动选择功能
2009,二十世纪中国出版技术变迁研究--《南京农业大学》,出版技术 技术转型 变迁动因 变迁机制 变迁模式,二十世纪的一百年间中国社会的政治经济文化都发生了深刻的变革世界范围内的科学技术更是日新月异在这一特定的社会和科技背景下中国出版技术完成了从传统技术向现代技术的转型对二十世纪中国出版技术的历史变迁进行系统全面的梳理与分析探索中国传统出版技术向现代出版技术转型的动因机制与变迁模式为二十一世纪中国出版技术发展提供历史借鉴既有学术价值也有现实意义而从技术史的角度研究中国出版业的变迁目前仍是学术界很少涉足的领域界定出版技术的定义性质及其构成是研究出版技术变迁的前提出版技术是指传播主体对作品信息进行编辑复制以及原样传输的操作技能是反映在物质形态的工具机器等装备网络形态的系统程序等软件以及出版过程中体现的信息组织理念工艺流程和实施手段出版技术是观念形态与操作形态的统一而非出版过程中具体工艺过程的简单拼加出版技术至少包括编辑技术复制技术介质制造技术和发行技术四个方面出版技术的每次重大创新都大大增强了人类获取信息的能力改进了人类文化交流的方式给人类政治经济文化和社会生活带来深刻影响因而被誉为人类文明之母科学划分出版技术的发展阶段是研究出版技术变迁的基础从社会形态技术手段分析二十世纪的中国出版技术变迁可划分为三个阶段1900年至1949年1950年至1984年1985年至2000年由于政治经济文化科技等因素的影响不同阶段呈现出不同的特征和变迁轨迹世纪之初西方传教士带来的新技术出版救国的新思潮近代资本主义的兴起推动了中国出版技术的近代化铅活字技术与半机械化印刷技术的结合提高了出版生产的效率出版物的外在形式印装水平发行方式也得到全面更新在新技术条件下传统编辑形态和编辑手段发生了根本性的变化现代编辑形制基本形成中国出版业核心技术工作流程组织形式经济规模均发生了重大改变从生产力到生产关系都实现了深刻变革1950年后出版业整体过渡到半机械化机械化生产阶段出版各部门产量质量都得到显著提高编辑制版印刷装订及发行等环节实现了整体配套但此后较长一段时间出版技术总体发展较为缓慢没有实质性突破且各技术门类发展不平衡80代初造纸工业基本实现机械化但因原料供给科研能力等因素的制约与国际先进水平的差距仍然很大而此阶段编辑技术从选题内容编排到校正定稿等环节日益完善和规范标志着编辑技术体系更加成熟专业化的发行体制解决了发行覆盖面小渠道残缺堵塞等技术难题在出版技术自主创新方面受工业制造水平影响投入生产环节的新产品新设备不多但在研发方面仍有不少突破为80年代中期出版技术实现革命性突破奠定了基础现代出版技术体系的形成始于1985年以北大激光照排技术通过国家鉴定为标志随着计算机排版技术的发展出版业彻底告别铅与火而走向光与电数字化工作流程将印前印刷和印后过程整合成一个具有统一数据格式的不可分割的系统由于计算机技术的广泛应用以及光纤通讯技术的发展编辑技术趋向于数字化自动化和一体化各种适合海量存储的磁光等新型出版介质的问世使信息存储不再局限于单一纸介质出现了风格迥异的数字出版技术在高科技手段的有力支撑下依靠功能强大的办公营销管理等应用软件出版发行和销售环节的信息化管理成为现实现代高新技术的广泛运用极大地拓展了出版的外延建立在机械复制技术基础之上的出版形态已不是出版业的全部出版产业开始走向以文化资源整理和内容创作为表现形式的信息生产和再生产纵观二十世纪中国出版技术史我们可以看出出版是一个技术驱动的行业出版技术的形成和发展是一个复杂的历史过程具有其独特的进化规律呈现出加速性累积性一体化和数字化等特征出版技术并不是按照一种内在的固有的技术逻辑发展的而是一定社会历史条件的产物驱动二十世纪中国出版技术变迁的因素包括1经济发展与社会进步的历史推动2文化启蒙民族运动与文化建设的政治推动3科技革命与相关技术群落的技术推动4技术创新政策与科研体制改革的制度推动5出版产业迅速发展的市场推动出版技术的转型机制表现为技术需求双重诱因模式政府行为诱因模式与企业行为诱因模式不同的创新机制产生不同的创新效应在计划经济体制向市场经济体制转型的过程中中国出版技术的创新机制也呈现出相应的演变轨迹1978年以后由于国家发展战略的调整出版技术创新开始由政府推动向市场推动转变其结果是技术进步的速率加快周期变短对产业发展的推动作用增强随着体制改革的不断深入市场为主导的多维整合效应逐步显现二十世纪中国出版技术变迁的历史经验和教训表明吸收国外先进科技成果推进出版技术创新的方向是正确的但一味引进成套设备实行以市场换技术的方针不仅在一定程度上形成了技术依赖性制约了民族工业的发展更严重的后果是在出版这样一个特殊行业缺乏技术自主性稍有不慎将危及国家信息安全出版传播技术的变迁是自然世界的动态进化过程从印刷网络出版到跨媒体出版出版技术的每次创新都增加了出版媒介对受众的影响力都给人类的政治经济文化和社会生活带来了巨大影响表现在出版技术进步不断增强人类获取信息的能力出版技术发展推动人类文化交流模式转变以及网络出版技术对现代社会发展的影响等方面中国出版技术创新已走过引进创新阶段正致力于技术的集成创新其未来方向应是自主创新为此必须改善技术创新的政策环境改进技术引进方式建立新的技术创新主体和技术创新平台形成新的技术激励扩散机制并以市场为导向坚持高起点与延续性实现出版技术创新的跨越式发展和可持续发展基于此文章提出了推动出版技术创新的环境目标和途径以及通过制度创新促进技术创新的政策建议
2010,JCP公司成本控制的研究--《大连理工大学》,烟标 成本控制 质量成本,随着烟草市场的高度集中与之相关的烟标印刷业竞争越来越激烈对于以烟标印刷为主营业务的JCP公司来说企业成本成为影响企业利润高低竞争力大小生存发展潜力高低的重要因素然而由于历史原因JCP公司一向对成本控制重视不够在公司进入一个较高的发展阶段后正面临着日益严重的外部压力和愈来愈激烈的竞争为此公司需要不断加强成本控制利用科学合适的成本控制方法来增强自身实力才能不断提高公司的经济效益和竞争能力本文首先结合成本控制基本理论的有关内容简述相关的成本控制方法如作业成本法质量成本法标准成本法预算法等控制方法然后对公司整体的成本控制现状进行了分析同时挖掘出成本控制过程中存在的主要问题最后提出了解决JCP公司成本控制问题的具体方案即在产品研发阶段进行产前成本控制利用工艺改良技术改造等相关措施进行成本控制事先预防在生产过程中进行产中成本控制结合物流环节的分析在采购管理仓储管理信息化方面提出方案在产后成本控制中利用标准成本法作业成本法质量成本预算等方法对产成品期间费用的成本控制提出相关对策在成本控制方法的实施中本文从公司所属烟标行业的特性出发选择适合本公司实施的成本控制方法体系以实事求是理论联系实际的思想来分析和解决对应的成本控制问题对其它同类企业及类似企业的成本控制具有一定的借鉴价值
2005,用于水性油墨的水性丙烯酸树脂及其改性的工艺与性能研究--《华中师范大学》,水性油墨 丙烯酸树脂 酮醛预聚物 改性 合成,随着人们环保意识的不断提高水性油墨以其低污染性低挥发性以及具有不可燃无或降低毒性无或降低异味等特点越来越来受到人们的重视被称为新型绿色印刷材料作为水性油墨的连接料丙烯酸树脂的性能会极大地影响油墨的质量本文分别采用溶剂法正丁醇异丙醇为溶剂合成半乳化法异丙醇水作溶剂合成以及乳化法水相合成水性丙烯酸树脂通过选择不同引发剂不同溶剂不同反应时间单体配比等研究了聚合体系中的有关影响因素讨论了聚合工艺针对国内生产水性丙烯酸树脂的工艺问题结合实验研究情况确定出生产水性油墨所需的丙烯酸树脂的中试工艺条件为提高水性丙烯酸树脂的光泽度附着力及耐磨等性能及降低工业生产成本本文中采用加入酮醛预聚物对水性丙烯酸树脂改性并讨论了酮醛预聚物的加入方式加入量以及对树脂性能的影响对于应用不同合成方法得到的树脂从性能工艺条件成本上分别进行对照筛选出适应作水性油墨的树脂并将其制成水性油墨经测定和用户试用达到了国内上海等企业生产所要求的标准此外论文还对水性丙烯酸树脂变色原因进行探讨从理论上给出了变色的可能原因并从实验上加以解决
2008,我国包装专业人才需求预测及培养模式的研究--《西南交通大学》,包装 人才需求 需求预测 培养模式,人才资源是第一资源人才是生产力中最活跃最重要的因素对经济和社会的发展具有基础性战略性和决定性作用经济全球化的现代社会包装已成为国际贸易的重要手段各国都把发展包装工业作为国民经济的重要发展战略我国包装工业虽然发展很快但与国外相比仍存在较大的差距这种差距反应在企业规模人员素质产品质量与档次科技水平及开发能力包装基础工业水平以及综合利用与环境保护等多个方面其中科技人才的不足和开发能力的薄弱是制约我国包装工业发展和技术进步的重要因素所以培养高层次的包装技术和管理人才已成为我国包装高等教育的当务之急本文正是从研究国内企业对人才需求入手将物流与教育学结合研究探讨了物流教育中如何培养包装专业人才的问题文章核心内容主要是五个部分一是调研并分析和比较国际国内包装教育及人才培养模式提出我国在人才培养方面存在的问题和不足二是调研并分析国内包装行业对包装人才的需求现代包装人才所必须具备的知识能力和素质研究食品轻工工业设计艺术设计机械材料计算机控制等学科与包装工程学科之间的相互关系研究现代包装人才的知识结构及合理内涵在更高层面和创新思维基础上构筑新的专业平台形成适应包装工业发展需要的包装工程人才培养模式三是运用SPSS软件结合需求预测方法对未来包装人才需求进行预测得出未来包装人才规模上的需求四是根据未来包装人才所需的知识能力和素质结构结合我国现阶段在人才培养方面的不足提出适应行业发展的包装工程本科人才培养模式继而在本科培养方案的基础上研讨硕博士研究生及职业培训的模式五是结合现状提出对西南交通大学构建包装专业的一些设想
2008,现代电子标签及其印刷技术--《包装工程》,电子标签 印刷技术 导电油墨,"简要介绍了现代电子标签的概念、特点和应用,以及电子标签系统的组成和工作原理。对RFID标签的印刷技术做了较为详细的分析,尤其对电子标签印刷过程中关键的导电油墨的选用和印刷方法的选择进行了详细阐述,最后对电子标签未来的发展前景提出了一点建议和看法。"
2007,水性油墨性能及应用分析--《网印工业》,水性油墨 油墨性能 溶剂型 包装印刷材料 有机溶剂 黏度 颜料颗粒 碱溶性树脂 食品包装印刷 必然要求,"近年来,很多国家在包装印刷方面增加了卫生、环保方面的要求和制约条件,尤其在食品包装印刷方面。研究、开发和应用危害小、污染少,以至无公害的绿色包装印刷材料成为绿色包装发展的必然要求,其中水性油墨就是一种很好的选择。"
2007,电子标签(RFID)天线的印制技术--《印制电路信息》,电子标签 天线 直接印刷 导电油墨,"文章主要介绍了电子标签(RFID)天线的几种印制工艺。重点讲述了一种新兴的印制工艺——直接印刷法,阐述了这种工艺的工艺流程、特点。直接印刷法具有工艺简单、成本低和环境污染少等优点,将是电子标签(RFID)天线制造工艺的发展主流。"
2006,无轴传动技术在凹版印刷机中的应用--《微电机(伺服技术)》,无轴(电子轴) 伺服传动 凹版印刷机 交流伺服电动机,"概述了无轴(电子轴)传动技术在国内外印刷机上的应用现状,并对该技术在凹版印刷机上的应用特点进行了论述,指出我国微电机行业应抓住这一契机,利用行业的优势,研究和开发适用于我国印刷设备需要的交流伺服传动系统。"
2004,水性油墨发展综述--《化工科技市场》,水性油墨 生产应用 技术进展 发展趋势,本文介绍了我国水性油墨的应用和技术发展情况。具体介绍了水墨柔印在食品包装中应用。最后 指明了水性油墨的发展趋势。
2008,UV固化涂料--《涂料工业》,固化体系 UV固化 水性涂料 粉末涂料 溶剂型涂料,"UV固化反应属于能量引发聚合反应,在光引发剂存在下,成膜物经自由基反应几秒钟可形成交联固化涂膜。UV固化涂料可分为水性UV固化涂料、UV固化粉末涂料和溶剂型UV固化涂料。本文重点介绍UV固化涂料的固化体系,UV固化粉末涂料、水性UV固化材料和溶剂型UV固化涂料。"
2014,包装印刷行业挥发性有机物控制技术评估与筛选--《环境科学》,包装印刷 挥发性有机物 排放控制 层次分析法 技术评估,"挥发性有机物(volatile organic compounds,VOCs)是造成我国城市大气污染的主要因素之一,包括包装印刷行业活动等在内的工业源是VOCs污染的重要来源.工业源的治理技术众多,如何选择合适的治理技术是面临的主要问题.本文在包装印刷行业VOCs排放特点及现有治理技术的研究基础上,针对包装印刷行业中典型的复合膜干复工艺VOCs排放与治理,以层次分析法为模型,构建该行业VOCs控制技术评估体系,对包装印刷行业现有治理技术进行综合评估,筛选出最佳可行控制技术,为包装印刷行业VOCs减排控制提供了技术支持.结果表明,包括吸附回收和热力焚烧在内的7种技术,其技术优先顺序为:碳纤维吸脱附颗粒炭吸脱附直接燃烧蓄热燃烧催化燃烧转轮浓缩燃烧活性炭浓缩燃烧,其中碳纤维吸脱附技术综合评估权重较高,为最优控制技术."
2006,水性油墨工业的发展趋势--《中国防伪报道》,水性油墨 油墨市场 发展趋势 印刷机 干燥速度 有限公司 柔性版印刷 包装印刷 稳定剂 印刷油墨,"水性油墨简称为水墨,水性油墨与油性油墨主要区别在于溶剂的不同,水性油墨以水(45%-50%)为溶剂,VOC含量极低,对环境污染小；油性油墨以有机溶剂(甲苯、二甲苯、工业酒精等)为溶剂。在软包装行业,由于溶剂型油墨"
2006,国内外瓦楞纸箱的发展和未来趋势--《湖北造纸》,瓦楞纸箱 发展,"客观的介绍了国内外瓦楞纸箱的生产情况,即对未来的发展趋势作了分析。"
2002,柔印故障统计及典型故障分析--《今日印刷》,网点扩大 典型故障分析 柔性版印刷 故障统计 印版 硬度 承印物 印刷方式 包装印刷 感光树脂版,"本文作者对柔性版印刷中出现几率最大的故障——网点扩大进行了多方面的分析和统计,并针对其成因超出了相应的解决方法。"
2002,医用产品的包装印刷:热转印数字系统向柔印企业发出挑战--《今日印刷》,热转印印刷机 医用产品 数字系统 包装印刷 柔印技术 柔印工艺 可变信息 印版 印刷工艺 柔印机,"柔印工艺目前被广泛应用于药品软包装产品的生产中。随着热转印数字印刷的发展。柔印工艺遭遇到了挑战。本文针对传统柔印工艺与数字印刷工艺之特点,阐述了二者的利弊。"
2002,柔印、凹印——共享三分之一的市场份额--《今日印刷》,包装印刷市场 凹印机 柔印机 瓦楞纸印刷 生产线 市场占有率 印刷工艺 技术条件 标签印刷 纸盒包装,"本文将柔印、凹印在国内外的应用现状进行对比,充分肯定了其广阔的可开发空间。"
2016,试论水性油墨在柔印中的应用--《科技经济导刊》,水性油墨 柔版印刷 工业,"随着现代工业的迅猛发展,印刷技术也得到了巨大进步,且在生产生活中的应用越来越广泛。印刷技术是文化宣传、艺术塑造的重要工具,我们必须要深刻分析和广泛应用各种印刷新技术。基于此,本文将介绍水性油墨的特点、发展、应用、以及注意事项,以期能促进水性油墨在柔印中的应用质量。"
2007,水性油墨发展综述--《化工科技市场》,水性油墨 发展历史 技术 经济 发展趋势,"文章参考中国油墨相关书籍及国外相关期刊杂志,从水性油墨发展的历史、技术发展概况、应用概况,经济概况、技术发展动态和发展趋势对水性油墨进行了综述,对中国的水性油墨的发展历史,现状,及存在的问题进行了简单的分析,使人们对水性油墨有所了解。"
2016,柔性版常见故障的处理--《科技经济导刊》,柔性版 印刷方式 故障处理,"随着人们对印刷质量的要求的不断提高,柔板印刷方式在整个印刷领域中的应用范围不断扩大。该印刷方式应用广泛、优势明显,但在实际工作中仍经常出现问题。鉴于此,本文将详细介绍柔性版印刷常见故障的处理方法,以期能提高柔板印刷的质量。"
2007,微胶囊电泳柔板显示器件及材料研究进展--《材料导报》,柔板显示器件 微胶囊 电泳显示 电子墨水 显示技术 柔性显示器件 制备方法 原位聚合法 制备工艺 界面聚合法,"微胶囊电泳柔板显示器是一种新近发展起来的电泳显示技术,有着广泛的用途。介绍了微胶囊电泳柔板显示器的显示原理、制备工艺、微胶囊的制备方法及器件衬底材料的研究现状,对各种制备方法及工艺进行了分析与综合评述,同时讨论了国内外柔板显示器及材料的应用研究现状、存在问题及发展前景。"
2004,第六届中国国际柔凹印展6月将在上海召开--《中国包装》,包装印刷 柔版印刷 柔性版印刷 凹印工艺 柔印技术 包装产品 凹印技术 博览中心 观众优势 瓦楞纸箱," “第六届中国国际柔印、凹印技术设备展”将于2004年6月16日至19日在浦东上海新国际博览中心隆重举行。 近年来世界上柔印发展很快,虽然这几年我国柔印取得很大发展,但在包装印刷总量上仅为70％左右的占有率。一些先进国家的包装产品采用柔板印刷已占包装产品总量的75％以上,距离之大,可见一斑。 随着我国进入WTO,国际包装订单会大幅度增加,对包装印刷品会有更高的要求,我国的柔性版包装印刷"
2009,柔板显示技术研究进展--《材料导报》,柔板显示 电子纸 电子墨水 电致发光显示器件 电致变色 光子墨水 显示技术 光子晶体 研究进展 显示原理,"作为下一代显示技术的代表,模拟普通纸张显示效果的柔板显示技术已经成为世界各国研究的焦点。目前,主要包括4种实现柔板显示的技术,分别为电子墨水显示技术(Electronic ink display technology,EID)、柔性电致发光显示技术(Flexible organic light emitting devices display technology,FOLED)、电致变色显示技术(Electro-chromic display technology,ECD)和光子墨水显示技术(Photonic ink display technology,PID)。每种技术都有各自的特点,在器件制备方面各自都发展到了不同的程度。主要评述了这4种显示技术的研究进展,并对其未来的发展进行了简要的市场分析。"
2012,耐高温丙烯酸酯压敏胶带在挠性电路板行业的应用--《印制电路信息》,压敏胶带 耐高温 柔性电路板 回流焊,"双面压敏胶带在柔性电路板组装行业有着广泛的应用。本文综述了柔板行业对压敏胶带的性能要求,介绍了3M公司新型的耐高温丙烯酸酯压敏胶带,特别适用于要求在柔性电路板回流焊工艺前的表面粘贴应用。"
2017,基于机器视觉的FPC智能对位系统的研究--《光电子·激光》,柔性电路板(FPC) 机器视觉 阈值分割 椭圆拟合,"针对传统对位装置对位精度低、速度慢的缺点,设计并开发了基于机器视觉的柔性印刷电路(FPC)智能对位装置。装置利用高分辨率工业CCD相机采集图像,配合机械和电气系统,控制运动控制卡完成FPC智能抓取、采集、处理和对位。在关键的定位算法中,通过改进的一维Otsu阈值分割方法对FPC图像进行阈值分割,利用提出的三椭圆平均拟合法提取定位圆圆心坐标,采用累计概率Hough直线变换测量旋转的角度;进而将计算的相对于标准位置的偏移量传送至运动控制卡,利用闭环反馈控制伺服系统进行纠偏。在开发的样机上进行大量的在线实验结果表明,本文装置稳定性强,对位精度高,对位误差不超过±0.06mm,角度误差不超过0.001 6rad。"
2014,全自动贴敷PSA设备的研制--《电子工业专用设备》,柔性电路板 贴敷PSA胶片 自动化设备,"针对当前柔性电路板贴敷PSA(压敏胶)胶片工序自动化程度低的情况,研发了可以完成贴敷PSA工序的全自动化设备,并能够满足柔版生产线速率、适应多种规格的PSA胶片。对该设备的工艺流程、结构特点及达到的技术指标进行了论述。设备的研制极大地提高了生产效率和贴敷精度。"
2014,PSA贴敷机的精度分析与优化设计--《机械科学研究总院》,PSA 贴敷工艺 误差模型 动态特性 优化算法 运动控制器,柔性印刷电路板具有轻薄柔并易于大规模生产的特点在手机平板电脑等电子产品中得到了广泛应用柔板的自动化生产是提高产量和良品率的重要手段在柔板生产中关键设备如贴片机的自动化程度已很高但PSA贴敷还是以人工作业为主精度差效率低是典型的劳动力密集型生产为此我们研制了一种高精度高速度的PSA贴敷机节省了人力填补了市场空白本文以PSA贴敷机为研究对象针对PSA贴敷生产中高精度高速度的要求分析了PSA贴敷机由结构设计和运动控制引入的各误差项在仿真计算的基础上结合实际测量数据提出了优化设计方案并成功地应用到PSA产品中在分析贴装头的速度曲线时发现速度波动很大这是导致设备精度下降定位时间长的主要因素经过仿真计算发现使用基于全闭环S型曲线速度控制的方法可以满足设备的精度要求通过搭建嵌入式控制平台实现了该算法实测数据表明该算法可以解决设备精度下降和定位时间长的问题为PSA的产品化提供了指导意见在测试嵌入式控制平台时探索了相关的硬件组成和软件架构为将来的推广应用打下了良好的基础全文取得了如下研究成果1建立了PSA贴敷机的几何误差数学模型分析了影响贴敷精度的关键误差元素指出了设计和装配中需要注意的关键环节2对PSA贴敷机进行了模态计算和瞬态动力学仿真分析了影响PSA贴敷机动态特性的各项因素提出了优化设计方案并进行了验证3针对伺服电机高频次短距离定位中的振荡问题设计了全闭环S型曲线速度控制方法并进行了仿真验证为从控制上优化贴敷精度提供了理论基础4为优化设备控制系统和实现速度控制算法设计了以ARMDSP为核心的嵌入式控制平台优化了速度和位置控制曲线并通过该实验台验证了系统的可实施性
2017,柔性电路板智能对位装置的研究与开发--《浙江理工大学》,柔性电路板 机器视觉 对位 运动控制 精度 速度,近年来随着智能化电子产品和设备的迅速发展柔性电路板FPC的应用范围越来越广阔在柔性电路板的生产过程中对位是其关键技术环节本文针对自动化对位的生产需求进行了深入的研究开发出了基于机器视觉的智能对位装置包括机械运动控制和视觉系统在开发出的装置上进行了大量的实验分析验证了装置的精度速度以及稳定性全文取得的研究成果如下1针对柔性电路板的特性设计了柔性电路板智能对位系统的总体方案包括机械系统控制系统视觉系统三个子系统机械系统设计了基于伺服电机和步进电机的三坐标平台并针对FPC的柔软轻薄的特性设计了真空吸附装置完成FPC的抓取和放置减少了对FPC的机械损伤控制系统采用了运动控制卡对电机进行控制高效精准的完成了对FPC的一系列对位动作视觉系统对相机镜头光源及其照明方式进行了详细的研究根据技术指标和装置相关内外环境选择出了相机镜头光源的型号结合照明方式进行了装置的整体搭建2对采集图像进行了预处理分析研究各种算法的优缺点选择使用改进的中值滤波进行平滑去噪迭代法进行区域阈值分割并且使用形态学操作去噪最后使用了Canny算子进行了边缘检测3在图像定位算法中针对霍夫圆拟合不精准单个圆拟合随机误差较大的缺点并根据FPC定位圆的特性在不同半径区域内结合最小二乘法进行了多个椭圆的同时拟合定位取其平均值大大提高了定位圆定位的稳定性和精准性在FPC偏移角度定位中使用累计概率霍夫检测直线不仅执行效率高而且可以直接检测到端点坐标便于计算FPC的偏移角度4设计了柔性电路板智能对位的软件系统使用SaperaLT软件库和OpenCV函数库进行图像的采集和处理在运动控制方面使用了API函数中的定时器对不同运动动作设置相关标志位通过定时器扫描运动状态标志位的改变来判断执行步骤保证了系统稳定有序的执行大量的实验验证表明系统对位误差不超过006mm角度误差不超过00016rad速度为3schip
2015,USB3.1高频线路在手机柔板上的应用及信号完整性管控--《苏州大学》,USB3.1 信号完整性高速电路设计 阻抗匹配 插入损耗,随着智能手机系统对信号传输速率及时钟频率的要求不断提高数据快速传输协议也应运而生USB应用者论坛USBIF于2013年发布了USB31规范理论数据传输速度最高可达到10Gbps是USB20传输速度的20倍相比USB30标准也提高了一倍以上但当如此高速信号经过柔性线路板的互连线时会产生延迟反射衰减串扰色散等信号完整性问题因此信号完整性问题成为USB31技术在手机上应用的关键因素也是手机高速数字系统设计是否成功的关键问题之一本文针对USB的总线特点基于USBTypeC接口的优势研究了将USB31技术应用在手机柔板互连线上的关键即信号完整性问题首先从分析柔性线路板的特性和工艺入手结合传输线原理和性能全面分析了柔性线路板在高频影响下的传输线阻抗管控和插入损耗等关键性因素及将其应用到手机高速差分互连系统的信号完整性的影响并近一步探讨了如何在现有工艺制程和不增加成本的基础上提高USB传输线的信号完整性的方法还初步研究了高频信号对USB电源线的温度上升和信号线EMI管控的影响最后完成了智能手机中USB31柔性传输线路板的电路设计布局与布线并对USB31信号线阻抗值和插入损耗进行了仿真分析对实际制造的线路板USB31信号进行了阻抗测试并通过眼图分析了通讯讯号质量通过本项目的研究解决了USB31信号线的信号完整性问题建立了基于USB31的手机柔性线路板设计规则从而指导高速手机线路电路的设计
2013,柔性印制电路板自动生产设备关键技术研究--《华南理工大学》,柔性电路板 显著性 缺陷检测 图像配准 主边缘提取,柔性印制电路板行业经过六十多年的发展在新材料新工艺的带动下不断和上下游产业相互促进甚至融合发展已经成为国防军工芯片制造等具有战略意义行业中不可或缺的支柱产业本文研究工作的主要目的为提高柔板行业的自动化水平研制自动化设备提高生产效率降低废品率本文通过对柔板行业现有生产方式工艺环节的分析总结出制约该行业进一步提高自动化水平的四个典型工艺环节并深入分析这些环节中的实际问题抽象总结成为两类理论问题图像配准问题和表面缺陷检测问题通过对比人类和现有机器视觉算法在解决这两类问题时的不同方法和表现揭示出人类利用选择性注意机制和信息逐层抽取方式以较少的数据量完成了图像配准和缺陷检测的事实并设计了四个人类实验以实验数据证明了相关理论和猜想本文从仿生学角度出发尝试模拟人类在解决图像配准和表面缺陷检测这两类问题时所采用的视觉机制为了达到此目的首先提出了创新性的AB并行采集处理模式及其机构模型在这个机构模型的基础上以显著性计算为基础模拟人类的选择性注意机制和信息抽取方式把图像配准问题和表面缺陷检测问题整合到一个框架里为了讨论显著性也为了解决柔板图像的干扰边缘问题本文首先讨论了主边缘提取方法由于尺度空间的许多算子和人类视网膜以及视觉皮层的感受野剖面有着很高的相似度本文先讨论了基于尺度空间的边缘提取并提出了一种新的基于尺度空间和格式塔率模拟的主边缘提取法该方法能较好的去除保护膜X光图像纹理造成的干扰边缘得到主要对象的清晰轮廓同时也不影响缺陷的外观本文重点讨论了显著性的生成首先讨论了基于频域的显著性计算方法介绍了现有方法并提出了使用唯相位变换来进行计算的新方法进而讨论了图像金字塔里该显著性方法的特点即低分辨率下的频域显著性图较好的模拟了选择性注意机制而高分辨率下的频域显著性图凸显了包括缺陷在内的非常规模式可以作为很好的缺陷检测手段其次讨论了基于对象的显著性计算方法并提出了使用色彩先验知识来指导对象分割合并的新方法第三提出了新的显著性概念即基于缺陷的显著性计算方法该显著性计算方法模拟人类自上而下的串行视觉处理过程产生高层知识指导下的显著性图基于缺陷的显著性图一共有三种色彩缺陷显著性图边缘密度显著性图和边缘规整度显著性图在讨论了显著性图的特性后本文提出了一种基于显著性计算和局部不变特征的图像配准方法主要讨论了使用频域显著性方法和最大稳定极值区域法相结合的图像配准方法该方法使用图像金字塔中的低分辨率显著性图作为数据导引在显著性点周围进行开窗操作得到显著性区域而最大稳定极值区域法就在所开的显著性区域窗口中进行操作通过这样的处理方法减少了总体计算量降低了误匹配的可能性并通过显著性的导引形成了簇状的数据空间加速了匹配速度为了进行对比也讨论了使用基于对象显著性方法和局部不变特征法相结合的图像配准方法最后本文提出了一种基于显著性计算和信息熵倍率的表面缺陷检测方法这种方法分为两个阶段第一阶段工作在AB模式下当两幅图像粗配准完成后将两幅图像的高分辨率显著性点集进行几何变换后的双向比较进而得出缺陷候选对象而第二阶段使用唯相位变换前后的信息熵倍率来专门处理焊盘金面的缺陷检测问题这两阶段方法都是对人类缺陷检测行为的模拟而模拟的关键也是显著性计算方法
2017,虚模式运动控制技术在柔版印刷机中的应用--《天津大学》,柔版印刷 运动控制 虚模式 无轴传动 双伺服,节能减排和绿色发展使得应用水性墨水的柔版印刷成为印刷技术的发展趋势目前我国的柔版印刷技术还存在很多不足特别是无机械传动结构设计控制系统同步等关键技术问题未能解决已成为我国柔版印刷技术进步的主要障碍为提高柔版印刷机的工作效率改善柔版印刷工艺提高印刷质量本文针对柔版印刷系统中的机械传动结构运动控制技术等开展了研究工作完成了基于虚模式运动控制技术的柔板印刷系统的整体设计本文完成的主要工作有研究了虚模式运动控制机理及关键技术采用高速实时智能色标处理单元设计了基于虚拟电子主轴的总体方案该方案通过网络可以实现对本地数据的配置并可监测多种变量现场实验表明该方案具有结构简单调整方便传动精度高传动比范围宽等优点结合印刷工艺的需求设备机械设计计算了虚拟运动参数设计了包括顺序控制运动控制和套色控制等在内的系统硬件实现了基于虚模式的运动控制和网络通讯并采用双伺服分离驱动技术提高了加减速段的精度与印刷速度基于虚拟控制平台设计了包括主要控制流程张力PID控制套准工艺程序控制等在内的系统软件编制了逻辑控制程序SFC运动控制程序通讯程序HMI画面编辑程序等实验研究表明软件设计及程序编制满足柔性印刷系统的运行要求在完成电脑仿真模拟PC机逻辑化验证通讯的兼容性测试等实验后进行了虚模式运动控制系统现场实际运行实验通过测试分析验证了该设计的正确性并取得了较好的运行效果
2013,基于机器视觉的FPC检测对位系统关键技术研究与开发--《机械科学研究总院》,FPC 机器视觉 检测对位 精度 速度,本文结合柔性印刷电路板简称FPC自动化生产线检测对位的需求研究了针对FPC上料机的检测对位系统关键技术系统标定和FPC图像识别与定位在此基础上开发了基于FPC的机器视觉检测对位系统并通过实验对其精度和速度进行了分析验证全文取得了如下研究成果1系统标定技术提出了针对FPC自动上料机的快速系统标定方法该方法首先借助标定板实现摄像机标定然后通过工件移动实现视觉坐标与运动坐标的标定最后通过虚拟标准位置的设置和目标位置的调节实现FPC目标位置的标定具有速度快精度高的特点2FPC图像识别与定位技术论文采用双定位圆识别定位算法该方法通过机械移动的方式分别采集相距较远的两定位圆图像增大图像分辨率提高视觉定位精度3FPC检测对位系统开发结合基于机器视觉检测对位关键技术的研究设计开发了一套针对FPC自动上料机的视觉检测对位系统使其纠偏定位精度达到20μm处于国内领先水平4FPC检测对位系统精度速度实验分析对FPC上料机视觉检测对位系统的误差因素进行了实验论证分析指出了影响精度的主要因素为Z轴旋转精度和移动过程中产生的工件偏移为进一步提高纠偏定位精度奠定了基础为提高速度设计了三种运动过程中快速触发拍照的实现方式及精度验证方法为高速触发的方案选择提供了依据本文填补了国内基于机器视觉的检测对位系统在FPC自动上料机应用的技术空白其研究成果对丰富和发展基于视觉的FPC生产加工技术推进基于机器视觉的FPC检测对位系统的工程应用具有一定的理论意义和工程实用价值
2016,基于视觉定位技术的FPC补强自动贴合系统--《苏州大学》,视觉定位 FPC 补强 自动贴合,随着电子科学技术的日新月异自动化生产成为电子制造业的大趋势本文设计了一套柔性线路板FPC补强自动贴合系统用于改善柔性线路板补强贴合的精度提高生产效率该系统应用视觉定位技术建立XYθ运动平台利用运动控制卡及伺服驱动控制系统对FPC补强进行自动化贴合本文针对FPC补强及材料的不同特点应用视觉对位技术进行处理依靠图像识别方法以及运动平台的PLC控制手段对FPC补强进行贴合本文同时根据FPC补强材料的不同分类方法及加工方式研究比较卷料补强作业与托盘作业的精度速度品质差异测试FPC不同补强材料的自动贴合过程的速度精度测试评估了过程能力指数CPK值对FPC补强自动化方法特别是卷对卷RTR工艺及机械臂取放方法进行了积极的探索尝试最后实验验证FPC补强自动贴合系统可以满足生产精度要求应用RTR及机械臂技术PI补强不锈钢补强生产速度可以大幅度提升实验数据获得的CPK值约为10对于FPC补强自动贴合系统目前存在的不足本文指出了改善的方向
2018,电池标签数码印刷表面处理剂的研究--《广东印刷》,表面处理剂;UV;数码印刷;,"电池标签是电池的重要保护层,其承载产品信息,可从外观就能够区分产品的特征,吸引客户眼球,是现代社会中不可或缺的产品标识方式。电池标签必须具备耐醇、耐磨、抗刮伤性能,使电池在长期使用过程中可一直清晰可见。现有的电池标签产品生产通常通过两个工序:第一工序为数码印刷工艺,第二工序为柔版或凸版工艺。数码印刷工艺采用的油墨通常为电子油墨,其附着力较差,后工序常规UV油墨很难在电子油墨上附着,"
2018,单轴受弯方矩形截面冷弯薄壁型钢构件设计的连续强度法--《钢结构》,冷弯薄壁方矩形钢管 单轴受弯 局部屈曲 连续强度法 等效变形,"对单轴受弯的冷弯薄壁方矩形钢管的局部稳定承载力设计方法展开研究。基于试验验证的非线性有限元建模方法,对不同宽厚比和高宽比组配下的单轴受弯方矩形截面钢构件进行参数分析,探究翼缘和腹板的相关作用和应变强化对构件局部屈曲的影响情况。采用等效变形的概念,提出将连续强度法(CSM)应用于冷弯薄壁方矩形钢构件的设计。通过建议承载力计算式与试验、有限元模拟结果及各国规范方法的比较,证明连续强度法的有效性。"
2018,一种抗打印扫描的双彩色QR码水印算法--《包装工程》,彩色QR码 DWT SVD 水印 虚警率 抗打印扫描,"目的为了提高QR码的抗打印扫描能力,提出一种抗打印扫描的双彩色QR码水印算法。方法将彩色载体QR码分通道,并对各通道进行三级小波变换和SVD分解,将置乱后彩色水印图像分通道嵌入到对应载体图像特征矩阵中,利用DWT-Schur分解嵌入标记矩阵的方法解决SVD分解带来的虚警率问题。结果实验表明,该算法在100%识别的情况下,具有较好的抗打印扫描能力。结论该算法不仅具有较好的抗打印扫描能力,且解决了SVD分解带来的虚警率问题,同时对裁切、旋转和JPEG压缩等攻击具有较好的鲁棒性。"
2009,喷墨印制PCB用新型纳米银导电油墨的研发现状及趋势--《印制电路信息》,纳米银 导电油墨 喷墨印制 加成法 印制电路板 印制电子,"喷墨打印加成法制造电路板,可明显改善传统减成法效率低、成本高、污染重等缺点,因而受到业内广泛关注。该方法所使用的新型功能材料纳米银导电油墨,因具有烧结温度低、导电性能好等优点,近年来成为全球电子油墨行业的研发热点之一。文章详细介绍了纳米银油墨在印制电子产品电路制作领域的应用,并对喷印纳米金属油墨的技术要求、纳米银油墨的特点及主要不足进行了评述,重点展示了全球纳米银油墨的产品开发动态,同时对新型喷印纳米金属油墨的制备与研发提出了一些建议。"
2004,热喷涂技术替代电镀硬铬的研究进展--《中国有色金属学报》,热喷涂 硬铬 研究进展,"从热喷涂技术的发展,高速火焰喷涂(HVOF)涂层的性能,包括耐磨性、耐蚀性、对基体耐疲劳性的影响,热喷涂涂层替代电镀硬铬镀层的成本以及应用4个方面综述了近年来热喷涂技术替代电镀硬铬的研究进展。指出热喷涂技术已经在航空、冶金、包装印刷和造纸等工业领域部分替代了电镀硬铬工艺;由于热喷涂技术对于大工件、厚涂层在性能和价格上的优势,热喷涂技术在其他工业领域的应用也将得到迅速发展。"
2008,水性油墨废水处理技术的研究--《西北农林科技大学》,水性油墨废水 絮凝 光催化 水解酸化 SBR,由于油性油墨原材料石油供应的紧张人们在印刷包装业上从传统的油性油墨转向了水性油墨的研究和应用随着材料科学的发展水性油墨的连接料得到改进大大地拓宽了它的应用领域水性油墨废水的排放量也相应地急剧增加作为一种典型的新型印染废水水性油墨废水仍属于纺织染整工业水污染物的一部分它的突出特点是高CODcr高色度和难生物降解它一旦进入水体会对水环境造成极大的污染严重威胁着人类的生产生活和自然界的生态平衡这引起了社会各界的广泛关注为满足公众对环境质量不断提高的要求国家对其制订了严格的排放标准开发经济高效的水性油墨废水的处理技术已成为水污染治理领域研究的重点和热点本文以西安某水性油墨企业产生的高浓度水性油墨废水为处理对象通过实验材料的制备模拟废水的处理水性油墨废水的处理三步对水性油墨废水的处理技术进行初步的研究探讨了超细高岭土分子筛复合光催化剂处理模拟废水的优化工艺酸沉降化学絮凝光催化生物法对水性油墨废水的处理条件等得出如下结论1针对水性油墨废水的特点系统地选择了它的测定指标和国家标准方法筛选亚甲基蓝溶液为模拟废水并制备出超细高岭土分子筛复合光催化剂2采用六因素五水平正交实验以模拟水性油墨废水为处理对象讨论了过氧化氢浓度光催化剂剂量模拟废水浓度光源pH值反应时间对模拟废水的处理效果实验表明处理模拟废水最佳条件为过氧化氢为2000mgL高岭土超细分子筛复合光催化剂为500mgL模拟废水初始浓度为80mgL光源为20W紫外线消毒灯pH值为1000反应240min此时的去除率达9946溶液透明色度由3200倍降到1737倍反应后pH值降到758达到GB428792纺织染整工业废水Ⅰ级排放标准3通过酸沉降化学絮凝光催化生物法对实际水性油墨废水的处理找出最佳的工业化应用的方案水性油墨废水加酸调pH至436酸沉12h上清液在水解酸化池停留1d进入SBR系统活性污泥的剂量按SV3025温度为201过量曝气使溶解氧DO饱和在20时DO907mgL8h可以稳定运行半个月SBR出水的pH值69之间色度40倍原水色度为106375BOD525mgL达到Ⅰ级排放标准CODcr500mgL原水CODcr为31040mgL达到Ⅲ级排放标准接近Ⅱ级排放标准上清液SS和浊度未检出此方法节约了传统生物法处理废水的能源且出水各项指标基本达到或超过Ⅲ级排放标准
2014,国外印刷电子产业发展概述--《影像科学与光化学》,印刷电子 有机柔性电子 印刷电子材料 印刷电子工艺装备 印刷电子产品 印刷电子产业,"近年来印刷电子有了快速发展,许多有关印刷电子的科研成果,已从实验室投入了生产,初步形成了印刷电子产业体系。本文介绍了应用于印刷电子的各类有机、无机材料及工艺装备,特别详细列举了各类印刷电子产品及其应用情况,这些印刷电子产品已开始进入人们日常生活的多个方面。虽然印刷电子产业尚处于发展初级阶段,市场不够成熟,但已显示出十分光明的发展前景。文中还指出政府机构的重视和支持是国外印刷电子产业发展的重要因素。"
2017,印刷电子发展回顾与展望--《科技导报》,印刷电子 柔性电子 无机纳米材料 物联网 绿色增材制造,"印刷电子技术作为一个新兴电子技术正在受到越来越广泛的关注。通过印刷方法制造的信息电子与光电子器件和系统具有大面积、柔性化、个性化、低成本、绿色环保等一系列优点。尽管印刷加工本身没有传统微纳米加工的高分辨率与高集成度,但上述优点足以使印刷电子在许多新应用领域发挥作用。本文对印刷电子定义、起源、发展历程及产业与技术现状进行了全面介绍,分析了印刷电子面临的挑战,并对印刷电子未来发展前景做了展望。"
2013,中国印刷电子产业现状与前景展望--《印制电路信息》,印刷电子技术 印刷光伏 印刷薄膜晶体管 印刷电路 印刷电子设备,"介绍了印刷电子的基本定义,印刷电子所涉及的产业领域,以及国外对印刷电子技术的研发投入情况。重点介绍了国内自2009年以来印刷电子的发展情况,特别是产业技术开发情况。分析了中国发展印刷电子产业的优势,并对未来印刷电子对中国一些产业领域的影响做了预测。"
2018,基于丝网印刷的印刷电子技术专利分析--《北京印刷学院学报》,印刷电子 丝网印刷 专利,"为了掌握全球印刷电子技术和有关印刷电子技术丝网印刷专利的情况,利用Goldfire Innovator软件中的Patent Collections,对全球印刷电子技术和有关印刷电子技术丝网印刷专利进行检索,并从专利发展趋势、地区分布、专利申请人、前引证等方面进行分析,得出两者全球专利现状以及核心专利。"
2018,印刷电子设备市场的最新创新--《印刷杂志》,印刷电子 设备 小型化 智能化,"近几年来,印刷电子市场需求的增长带来印刷量的增加,用于印刷电子生产的新设备也层出不穷。印刷电子市场的快速增长和高度商业化,使印刷电子设备制造商纷纷获益。CERADROP公司副总经理尼古拉·伯纳丁表示:""印刷电子技术是世界上发展最快的技术之一,目前已经实现了高度商业化。世界各地的研究实验室都在致力于"
2017,增材制造:印刷电子和3D打印技术--《科技导报》,增材制造 印刷电子 D打印 功能性材料 功能性油墨,"增材制造作为智能制造的一部分已经被科研及工业界广泛关注。印刷电子和3D打印是两个典型的增材制造技术案例。在锁定增材制造的前提下,本文着重介绍了这两项技术的工艺发展历史和现状;通过对电子和光电器件的可印刷结构和性能的综述,引申出对增材制造工艺和功能性材料进一步优化的实际需求。这一生产工艺和材料系统的同时优化和创新将最大限度地发挥增材制造优势,从而促进应用市场的开发,加速中国制造2025的进程。"
2013,导电油墨和印刷电子市场蓬勃发展--《印刷技术》,导电油墨 电子市场 印刷 应用市场 市场规模 经济危机 咨询公司 研发 新产品 预测值,"2008～2009年的经济危机几乎对所有行业造成冲击,甚至以研发为主推力的导电油墨和印刷电子市场也未能幸免。即使这样,我们还是欣喜地看到在导电油墨和印刷电子市场上仍有许多新公司成立,且各公司不断加大研发力度,并在2010年陆续推出新产品。2011年,这种趋势还在持续。据知名咨询公司IDTechEx预测:2026年,印刷电子市场规模将达到3000亿美元。即使市场规模仅达到预测值的一半,也意味着该领域具有巨大的市场商机。印刷电子成为导电油墨又一主要应用市场"
2016,印刷电子带给印刷行业的思考--《印刷杂志》,印刷电子 应用 柔性显示器 照明 传感器 光伏电池,"印刷电子就是基于印刷原理的电子生产技术,用印刷的技术与方法制造电子元器件,甚至整个电子系统。最常见的就是采用灵活、高效、快速的数字喷墨打印技术在基板材料上形成电路和图像。虽然印刷电子产业尚处于发展初级阶段,但随着科学技术的快速进步与发展,由印刷技术生产的电子产品将逐渐进入人们日常生活。我国现阶段对于电子"
2015,印刷电子装备套印精度控制技术研究进展--《北京印刷学院学报》,卷到卷凹版印刷 印刷电子 套印精度 测试技术 控制补偿,"套印精度是保证印刷电子性能的重要指标。国内有许多机构在研发印刷电子装备,但对其套印精度指标、测量方法及影响因素等缺乏系统研究。国外学者指出:印刷电子套印误差应控制在30μm以内。采用光电传感器及摄像系统可测量套印精度,采取张力控制等补偿措施能提高套印精度。研究表明:印刷电子装备的套印精度约为普通印刷机的10倍,普通印刷机无法实现印刷电子产品的生产。为满足印刷电子产品的电学性能,保证套印精度,应考虑承印材料的特性、机械变形及热变形、张力等。"
2015,金属纳米颗粒导电墨水的制备及其在印刷电子方面的应用--《化学进展》,印刷电子 金属纳米颗粒 导电墨水,"发展下一代柔性、低价和环境友好的印刷电子技术已取得大量的研究进展。印刷电子是基于印刷原理的电子制备技术,主要是将一些液体分散性好的或可溶性材料进行印刷图案化从而实现电子元器件的制备。印刷电子学涉及大量的基础学科问题,包括材料、设备、工艺与应用多方面的共性技术,但其关键技术之一在于制备环保、低成本的新型导电墨水。结合印刷电子基础与应用研究的发展现状,本文主要对金属纳米颗粒的合成及其导电墨水的制备与相关应用的最新研究进展进行了综述和讨论,并对其在传感器、薄膜晶体管(TFT)、太阳能电池及RFID等方面的最新应用进展进行了概述。"
2017,印刷电子  增材制造--《科技导报》,微电子工艺;功能性材料;一次成形;零污染;,"与传统微电子工艺相比,印刷电子为增材制造,致力于运用优化的图形印刷,使功能性材料在衬底上一次成形,无需后续减材成形。印刷电子增材制造将电路及功能性器件(如集成电路)同时印刷,免去了后续贴片工艺,大大简化了生产工艺,节省材料,近于零污染排放。同时,印刷电子增材制造可以达到大面积、高产速、低成本量产,其产品具有柔性、大面积功能化分布及廉价等诸多优势。这将开拓传统微电子无法企及的潜在应用市场。"
2014,纸电池和印刷电子--《中国材料进展》,纸电池;纳米材料技术;聚合物化学;领域交叉;印刷技术;物联网;读写距离;通信技术;温度传感器;丝网印刷;,"印刷电子是多学科、多技术领域交叉发展起来的新技术和新学科,它集不同印刷技术、纳米材料技术、传统硅基电子技术、电化学、有机/无机化学、聚合物化学等于一体。印刷电子工业是目前在全球范围内发展最迅速的新兴工业之一,与正在全球快速发展的物联网、云技术和通信技术产业有着不可分割的联系。印刷电子"
2018,基于TRIZ流分析的印刷电子试验平台研究--《北京印刷学院》,印刷电子 TRIZ流分析 线宽放大率 凹版胶印 橡皮滚筒,印刷电子技术是指基于印刷原理的电子技术具体来说就是利用传统与新型印刷技术制造电子器件与系统的科学与技术目前印刷电子技术趋向于向大面积化轻薄化柔性化透明化的柔性印刷电子技术方向发展柔性印刷电子技术的主要特征是衬底材料的柔性化可以通过印刷的方式在柔性衬底上直接制作电子器件实验室自行研制一台卷对卷柔性印刷电子试验台承印基材为PET和纸张等柔性材料因此本文就基于实验室现有的柔性印刷电子试验台运用TRIZ流分析的分析问题模型针对印刷电子试验台在印刷电子产品制备过程中存在的问题进行分析探究造成问题存在的因素并用TRIZ理论对印刷电子试验台进行改进设计解决试验台在印刷过程中存在的问题本文主要内容包括1建立基于TRIZ流分析的分析问题模型2运用TRIZ流分析的分析模型对印刷电子试验台的分析找出问题存在区域是印刷单元并针对印刷单元的凹版胶印系统进行二次流分析分析其中影响印刷线宽放大率的因素并找出影响因素的属性参数3运用TRIZ理论中的解决问题工具对凹版胶印印刷系统中的橡皮滚筒进行改进设计降低印刷线宽放大率改善印刷电子试验台中存在的问题4进行印刷导电线条正交试验探究各影响因素对印刷线条再现性与导电性的综合影响
2016,基于印刷电子工艺制作SAW器件的关键技术研究--《天津大学》,声表面波滤波器 印刷电子 丝网印刷 温度特性,声表面波SAW器件是一类具有广泛市场前景的电子器件它的优势有频率选择性好体积小可靠性高可大面积生产等目前的声表面波器件多采用传统微电子光刻技术制备虽然基于光刻技术制备的声表面波器件精度高但生产过程工艺复杂成本较高且会产生废气废液印刷电子是近几年兴起的将传统印刷产业技术应用到电子器件制备中的一门工艺本论文进行了将印刷电子工艺中的丝网印刷技术应用于声表面波滤波器的制备的实验研究应用此方法将极大地简化制造工艺降低生产成本同时绿色环保具有较高的理论意义和市场应用前景本文主要研究内容如下本论文针对传统制备声表面波器件的传统方法中存在的问题在深入了解了声表面波和印刷电子的相关原理的基础上提出了应用印刷电子工艺中的丝网印刷技术来制备声表面波器件的设想并利用实验验证了此方法的可行性本实验中不仅基于现有实验室印刷设备条件设计并制作了声表面波滤波器还结合理论分析对所设计的滤波器的性能进行了仿真然后通过实施丝网印刷实验和器件电气特性测试结果显示制备出的声表面波滤波器样品性能基本吻合仿真结果具有带通滤波特性从而验证了采用此工艺制备声表面波器件的可行性其次本论文在对基于印刷电子工艺印制的声表面波滤波器的研究基础上进一步开展了该器件的温度特性实验探索了基于此工艺制备出的声表面波滤波器的性能随温度的变化趋势并通过分析测试结果讨论了在未来的研究中将采用此工艺生产的声表面波类器件用作温度传感功能的可能性
2018,凹版印刷电子装备多层套准系统控制策略研究--《西安理工大学》,印刷电子 套准精度 自抗扰控制 模糊控制 PID,印刷电子技术是一种利用传统的印刷技术原理来制造电子产品的新兴技术机组式凹版印刷电子装备是实现高效率低成本大面积生产多层印刷电子产品的理想设备之一然而传统机组式凹版印刷装备的多层套准精度无法满足印刷电子产品的需求已成为制约其在印刷电子制造领域广泛应用的瓶颈因此本文在国家自然科学基金青年基金等项目的资助下以机组式凹版印刷电子装备多层套准系统为研究对象展开多层套准系统耦合机理建模和控制策略的深入研究主要内容如下1研究了套准误差产生的多源机理结合凹版印刷制造工艺特点提出了建模基本假设建立了双层套准系统的非线性机理模型研究了多层套准系统中存在的多物理过程耦合机制以速度为纽带建立了多层套准系统的多变量耦合数学模型揭示了各级套准误差间存在的多重耦合关系及其随承印基材运行的变化规律2针对传统凹印机套准系统PID控制器存在动态裕度差的缺点研究了模糊控制的基本原理并在凹版印刷电子装备的基础上设计了多层套准系统模糊PID控制器仿真结果表明所提出的控制策略实现了PID参数的自整定具有比传统PID控制器更好的控制性能3针对凹版印刷电子装备套准精度不高的问题研究了前馈控制和自抗扰控制技术ADRC的基本原理提出了多层套准系统的前馈ADRC解耦控制策略张力速度承印基材性能变化三种干扰下的仿真结果表明所提出的控制策略有效抑制了干扰引起的套准误差实现了对多层套准系统的解耦控制控制精度比传统PID控制和模糊PID控制高三个数量级
2016,基于RFID天线无颗粒喷墨导电墨水印刷适性研究--《天津科技大学》,印刷电子 RFID PET 喷墨印刷,无线射频识别技术RadioFrequencyIdentificationRFID日渐成熟已在商品包装运输物流追溯等领域广泛应用目前RFID标签的常用印制方法有蚀刻柔版丝网等其中蚀刻印刷不环保环境污染严重柔板和丝网印刷制作周期长而喷墨印刷是经计算机控制直接将功能性墨水转移到基材上精度高速度快导电好适用的材料广泛等优点所以将RFID标签天线用喷墨印刷形式喷印在承印基材上是研究的趋势本论文将以无颗粒型导电墨水采用喷墨印刷方式印制RFID标签天线探究喷墨印刷方式印制RFID标签天线的工艺流程主要研究内容是对现有的已研制出的无颗粒墨水进行测量优化选出导电性优异稳定性高的墨水用IJDAS300A喷墨打印机在改性的聚对苯二甲酸乙二酯基材上喷印RFID标签天线针对影响标签质量的各因素进行系统的分析研究通过正交实验的方法印刷标签天线最终确定喷墨印刷RFID标签的工艺参数并最后对喷印的标签天线进行封装用于衣服吊牌上实现商品在物流中追随功能课题通过实验得出以下几个方面结论无颗粒型导电墨水加入表面活性保护剂PVP能够有效的提高墨水的稳定性在20条件下粘度为663cp表面张力为281dyncm通过控制电晕处理参数经过电晕处理的聚对苯二甲酸乙二酯薄膜提高了表面能表面张力可增加56103Nm能够达到521103Nm通过正交试验在IJDAS300A喷墨打印系统印刷标签天线测量天线质量最终确定了喷墨印刷工艺参数为图像分辨率300DPI烧结温度150烧结时间20min通过控制印刷工艺参数用喷墨印刷方法能够喷印出优良的RFID标签天线为实际生产提供参考和依据
2015,基于印刷电子工艺的声表面波器件制备及性能研究--《天津理工大学》,印刷电子 喷墨打印 丝网印刷 SAW滤波器,印刷电子PrintedElectronicsPE技术近几年在电子学领域内发展迅速应用印刷电子技术各类电子产品可以像印刷纸制品一样被大批量地生产出来包括各类柔性存储及显示器件传感器和驱动器可以拉伸弯折的薄膜太阳能电池等论文在研究了印刷电子技术和SAW技术的应用热点和研究现状的基础上探讨了将印刷电子工艺技术应用于声表面波SurfaceAcousticWaveSAW器件制备的方法采用印刷电子工艺可以较为灵活地在压电衬底上定义图形同时金属纳米颗粒墨水的快速发展和广泛应用也为应用印刷电子技术制备SAW器件提供了条件文中分别应用印刷电子工艺中的喷墨打印技术和丝网印刷技术制备SAW滤波器主要内容包括滤波器的设计与仿真工艺步骤及参数说明和SAW器件性能测试及结果分析文中设计的SAW滤波器为横向型滤波器具有单电极等叉指宽和等指间间隔的IDT模型结构分别在石英铌酸锂和钽酸锂三种压电材料上应用喷墨打印工艺和丝网印刷工艺制备叉指线宽为50μm和200μm的SAW滤波器对比三种材料的压电特性并对制备的滤波器性能进行测试针对滤波器性能的测试论文分别进行了形貌测试和电学性能测试其中形貌测试包括显微镜观测和台阶仪测试电学性能测试包括阻抗测试信号传输测试以及用网络分析仪分析其幅频特性等方式喷墨打印工艺制备的SAW滤波器在显微镜观测下的叉指线条在尺寸上存在误差用万用表测量其叉指电极的阻抗基本位于0320Ω之间导电性能良好台阶仪测试的叉指电极厚度为0305μm叉指换能器周期与设计值基本吻合铌酸锂为衬底的滤波器性能较为突出应用丝网印刷工艺制备的SAW滤波器的叉指线条边沿不够整齐误差约为50100μm导电层厚度为510μm应用铌酸锂和钽酸锂作为衬底制备的滤波器能实现滤波特性论文通过理论分析和大量实验验证了应用印刷电子技术制备SAW器件的可行性以铌酸锂作为压电衬底的喷墨打印制作的SAW滤波器的滤波性能较为突出以铌酸锂和钽酸锂作为压电衬底的丝网印刷制作的SAW滤波器基本实现了滤波特性测试结果表明虽然应用印刷电子工艺制备的SAW器件的精确度与微电子工艺相比还有一定的差距器件的制备工艺方面还有很大的提升空间但其具有的工艺流程简单设备和生产成本低廉不产生废液废气等有害物质且适于大规模生产等优势具有十分重要的研究价值和经济意义
2019,竹材在现代包装设计中的探索与创新--《包装工程》,竹文化 审美意向 智能化 生态化,"目的研究竹材料在包装中的运用。方法从竹子的使用历史、文化内涵、生物特性等方面,对中国传统文化生活中所赋予竹的诸多精神内涵和物质功能进行了多角度的分析解读,并结合竹子作为包装材料所具有的文化语义和生态价值,探讨竹材在现代包装设计的文化审美特征及传统竹艺与现代工艺的有机融合带来的竹材包装应用形态的创新。结论对竹材包装的市场前景进行了理性分析和展望,提出竹材在现代包装设计中应具智能化、民族化、生态化的发展建议。"
2019,凹版印刷产品质量预测数学模型--《包装工程》,表面粗糙度 厚度 数学模型 凹版印刷 帕累托分析,"目的预测凹版印刷产品的表面粗糙度和厚度,以提高印刷图案的质量和速度,实现智能化的快速印刷。方法利用24全因子试验设计方法,建立包括操作张力、印刷速度、油墨粘度和理论转移量等自变量的数学模型,将各变量之间的相互作用进行帕累托统计分析。结果印刷图案的表面粗糙度较高,最大值、最小值分别为1.812,1.524μm,建立凹版印刷图案的厚度和表面粗糙度数学模型决定系数分别为76.32%和82.25%,通过考虑刮刀类型和压区压力等其他参数,可以提高模型的决定系数(R2),进而提高模型的精确度。在高张力(4.0 N)的操作条件下,理论转移量(1.2 cm3/m2)的表面粗糙度更均匀,使用低粘度油墨会导致更大的图像厚度,进而降低制造成本。结论粘度、速度、张力*速度、速度*粘度、张力*粘度*理论转移量(*表示几个因素共同作用)为厚度变化的主要影响因素。理论转移量、张力*理论转移量、张力*速度、张力、粘度*理论转移量为表面粗糙度变化的主要影响因素,且理论转移量是决定表面粗糙度的最重要因素。"
2019,新产品新技术(140)--《印制电路信息》,热固性树脂;三菱瓦斯化学公司;,"可对应高温制程之电子基板用PC薄膜沙特阿拉伯基本工业股份有限公司(SABIC)开发了一项利用聚碳酸酯(PC)制成的薄膜「LEXAN CXT FILM」,具有优异的热稳定性与光透过性,玻璃化温度(T_g)为196℃,在高温环境下亦能发挥其优异的热稳定性与尺寸安定性。以厚度50μm的薄膜而言,光透过性最高达90%,显示其具有高度光学透明性,黄变状况也极少,经过长时间亦能维持与玻璃同等程度的透明性。此外兼具弹性等特征,未来可望应用于挠性印刷电子的基板。(材料世界网,2018/12/24)"
2019,柔性印刷电子技术解析及发展趋势--《集成电路应用》,印刷电子 柔性电路 有机电子 系统集成,"印刷制造的电子系统在形态上和性能上都不同于传统电子技术。最典型的例子是,印刷的晶体管不同于传统集成电路芯片中的硅基晶体管,印刷制备的柔性电路不同传统的PCB。因此,传统电子系统的设计方法不再适用,传统的系统集成技术也需要改变。分析印刷电子定义,起源与发展历程,阐述印刷电子技术涵盖领域。由于印刷电子本身的大面积、柔性化与低成本特点,所创造的电子产品具备了传统电子系统所没有的新形态、新特征。"
2019,高导热石墨/SEBS/超高分子量聚乙烯三元复合材料的制备与研究--《塑料工业》,石墨 超高分子量聚乙烯 隔离结构 高导热 取向,"以鳞片石墨(FG)为填料,热塑性弹性体苯乙烯-乙烯-丁烯-苯乙烯(SEBS)嵌段共聚物和超高分子量聚乙烯(UHMWPE)为基体,通过材料结构设计,在通用加工条件下构建了具有隔离结构的高导热三元复合材料。结果表明,FG和SEBS的混合物分布在UHMWPE颗粒周围组成隔离结构,形成导热通路; XRD结果证实FG在复合材料中存在择优取向,促使材料产生了的各向异性,复合材料在in-plane和through-plane两个方向上的最高导热系数分别为6. 781 W/(m·K)和2. 553 W/(m·K)。相对于纯的UHMWPE,导热系数分别提高了14. 07倍和4. 67倍。TGA结果表明FG的引入在一定程度上阻碍了复合材料的热降解,提高了材料的耐热性。"
2019,SABIC推出LEXAN~(TM) CXT耐高温薄膜--《塑料工业》,CXT;LEXAN;SABIC;TM;耐高温;,"沙特基础工业公司(SABIC)在美国加州举行的ID TechEx展会上展示一款全新透明耐高温薄膜产品LEXAN~(TM) CXT。这款基于聚碳酸酯(PC)的创新材料专为快速增长的柔性印刷电子市场而开发,具有出众的光学透明度和极高的设计灵活性,在高温下能保持卓越的热稳定性和尺寸稳定性,旨在为集成电路基板以及其他对加工温度要求较高的应用提供高性能、高性价比的解决方案。SABIC功能性材料业务全球经理Ravi Menon表示:""对于柔性印刷电子应用而言,基板是必不可少却又经常被忽视的"
2019,电场驱动喷射沉积微纳3D打印技术及应用--《航空制造技术》,微纳尺度D打印 电场驱动喷射沉积 微纳增材制造 多材料多尺度D打印 功能梯度材料/结构,"微纳尺度3D打印是增材制造的前沿和研究热点,在航空航天、组织工程、生物医疗、微纳机电系统、新材料(超材料、轻量化材料、智能材料、复合材料)、新能源、柔性电子、印刷电子、结构电子、微纳光学器件、微流控器件、可穿戴电子产品、软体机器人等诸多领域和行业有着非常广泛的应用。介绍了课题组近年提出并建立的一种微纳尺度增材制造新工艺——电场驱动喷射沉积微纳3D打印,并论述了近年研究进展和取得的重要成果,介绍了5个工程应用案例。电场驱动喷射沉积微纳3D打印为微纳尺度3D打印和微纳制造提供了一种全新的解决方案,具有良好的工业化应用前景。"
2019,"围观,这个喷墨打印头为什么这么吸引眼球?--《今日印刷》",喷墨打印;工业级;同类产品;数码打印;纺织印花;喷墨印刷;数码印刷;股份有限公司;苏州工业园区;纳米技术;喷墨技术;研发资金;,"锐意进取,厚积薄发!这是苏州锐发打印技术有限公司的企业精神,也是企业名称的来源。2018年12月16日,在苏州园区福朋喜来登酒店举行的一场新产品发布会,吸引了许多人的眼球,来自印刷行业、纺织行业、电子行业、增材制造行业等与喷墨打印密切相关行业的专家、企业代表,以及上下游供应商等数百人齐聚一堂。上海安诺其股份有限公司董事长纪立军,上"
2019,"功能印刷,印刷技术的新大陆!--《今日印刷》",功能印刷;印刷工业;印刷技术;喷墨印刷;印刷包装业;印刷电子;,"功能印刷的内涵谈起功能印刷,它是基于当下为了提高印刷品的价值,并更好地服务于未来其他高新科技产业而提出的全新概念。功能印刷并非一种印刷技术,更多的是一种印刷目的与方向。功能印刷是可以让印刷脱离原先基于生产者的单向印刷要求而转变为以客户技术需求为核心的服务型印刷趋势。所以越来越多的人开始关注功能印刷,功能印刷正在带动印刷工业与高新科技融合,为智能制造的实现打下坚实基础。"
2019,印刷企业管理模式分析与建议--《经济研究导刊》,管理模式 建议 印刷企业,"信息技术的不断进步,对我国印刷市场造成较大的冲击,传统的印刷企业管理模式已经无法适应时代的变化,需要进行一系列改革。对印刷企业管理模式以及管理模式改革进行相关探讨,对印刷企业的管理有一定的参考意义。"
2018,出版人才:出版事业兴旺发达的智力泉源与不竭动力--《滇西科技师范学院学报》,出版事业 出版人才 出版质量 职业道德 选题能力 预测能力,"出版人才作为出版事业勃兴与繁荣的智力泉源与内生动力,优秀出版人才的培养与造育、发现与使用十分关键。打造一支专业精湛的出版队伍、提升出版人才的整体素养,应做到:转变发展理念,大力提升出版业质量与内涵;强化德、能、识""三大素质""、培育超卓出版人才(出版家);提升""四大能力""、造就行业精英。唯有如此,才能令出版业人才辈出、优秀出版人才向出版家迈进。"
2015,纤维素的改性及应用研究进展--《化工进展》,纤维素 纤维素衍生物 化学改性,"植物纤维素是天然的可再生资源,对纤维素的改性利用一直是研究的热点。本文简要介绍了纤维素的结构与性质,综述了纤维素的改性方法,包括物理改性、化学改性和生物改性等,其中化学改性是最主要的方法,包括酯化、磺化、醚化、醚酯化、交联和接枝共聚等,通常涉及其结构中羟基的一系列反应。通过改性,引进了一系列离子型基团,有利于增强纤维素的亲水性。经改性后的纤维素与之前相比,结晶度和聚合度明显降低,可及度明显提高,无论物理性质还是化学性质都表现出更大的优越性。其后回顾了纤维素衍生物在食品、造纸以及建筑行业中的一些研究应用成果,阐述了其在医药及废水处理等方面的研究进展,并展望了纤维素衍生物的发展前景。"
2015,微纳尺度3D打印--《中国科学:技术科学》,微纳尺度D打印 复杂三维微纳结构 微立体光刻 微纳制造 微纳结构增材制造,"复杂三维微纳结构在微纳机电系统、生物医疗、组织工程、新材料、新能源、高清显示、微流控器件、微纳光学器件、微纳传感器、微纳电子、生物芯片、光电子和印刷电子等领域有着巨大的产业需求,然而现有的各种微纳制造技术无论从技术层面还是在生产率、成本、材料等方面还难以满足高效、低成本批量化制造复杂三维微纳结构的工业级应用的需求.高效、低成本批量化制造复杂三维微纳结构(尤其是大面积复杂三维微纳结构)一直被认为是一项国际化难题,也是当前国际上学术界和产业界的研究热点,以及亟待突破的瓶颈问题.微纳尺度3D打印(微纳结构增材制造)在复杂三维微纳结构、高深宽比微纳结构以及复合材料三维微纳结构制造方面具有突出的潜能和优势,而且还具有设备简单、成本低、可使用材料种类多、无需掩模或模具、直接成形的优点.微纳尺度3D打印被美国麻省理工学院(MIT)的《技术评论》列为2014年十大具有颠覆性的新兴技术.本文论述了近年国际上微纳尺度3D打印重要的研究进展和代表性研究成果,微纳尺度3D打印典型重大应用,阐述了微纳尺度3D打印当前面临的挑战性问题,并探讨了微纳尺度3D打印未来的应用前景和发展方向及趋势.为深入开展微纳尺度3D打印、增材制造和微纳制造的科学研究和工程化应用提供一定的借鉴和参考作用."
2016,柔性可穿戴电子传感器研究进展--《化学学报》,可穿戴电子 柔性传感器 印刷制造 人体监测,"随着智能终端的普及,可穿戴电子设备呈现出巨大的市场前景.传感器作为核心部件之一,将影响可穿戴设备的功能设计与未来发展.柔性可穿戴电子传感器具有轻薄便携、电学性能优异和集成度高等特点,使其成为最受关注的电学传感器之一.综述了近年来柔性可穿戴电子传感器的研究进展,包括压阻、电容、压电、力致发光和摩擦电等信号转换机理,金属、无机半导体、有机和碳材料等柔性可穿戴电子的常用材料,柔性电子传感器的印刷制造及其在体温和脉搏检测、表情识别和运动监测等方面的最新应用,最后提出了柔性可穿戴电子传感器面临的挑战与未来发展方向."
2015,我国生物传感器研究现状及发展方向--《山东科学》,生物传感器 酶电极 分析仪器 应用市场,"生物传感器是一个内容广泛、多学科介入和交叉的研究领域。本文以固定化酶传感器为重点,对我国生物传感器技术现状和特点进行了总结。在生物活性元件的种类、固定化策略和推广应用方面进行了分析,指出影响我国生物传感器实用化进程的主要问题是传感器酶品种缺乏、稳定性差以及检测底物范围受限等。以此为基础,在酶分子元件、生物电子器件、传感器制造技术及市场开发等几个方面,对今后发展重点和方向进行了探讨,建议加强新型酶分子元件、生物电子器件的标准化和分析系统的集成技术研究。"
2014,纳米纤维素及其功能材料的制备与应用--《南京林业大学》,纳米纤维素 磁性纳米纤维纸 功能微米纤维 分散剂 锂/钠离子电池,纳米纤维素是直径100nm长度可到微米的纤维聚集体它具有优异的机械性能巨大的比表面积高结晶度高亲水性高透明度低密度良好的生物可降解性与生物相容性以及稳定的化学性质因此纳米纤维素在生物制药食品加工造纸能源材料功能材料等领域已显示出巨大的应用潜力然而细胞壁外层微纤丝呈网络状排列以及纤维的高结晶度降低了纤维素对试剂的可及度使得纤维溶解及分丝帚化十分困难而常规的处理技术与方法制备纳米纤维素存在能耗高或得率低等问题严重阻碍了纳米纤维素在上述领域中的应用研究步伐论文针对植物纤维结构与形态特点主要开展了纳米纤维素制备纳米纤维基磁性功能纸纳米纤维素基功能纤维及纳米纤维素分散剂研究与应用等方面的工作纳米纤维素制备方法上首先系统分析比较了打浆超声波氢氧化钠尿素硫脲体系对纸浆纤维纳米化的作用打浆处理能有效降低纤维的长宽度有助于纤维的润胀与分丝帚化超声波处理将使纤维表面产生沟壑裂纹对破裂破除细胞壁外层有一定的帮助而NaOH尿素硫脲体系能打开纤维间的氢键结合促使纤维发生高度润胀结合以上处理方法在文中制备了高得率高热稳性的纳米纤维素TEMPO选择性氧化能赋予纤维更多的羧基基团有效削弱纤维微纤丝间的内聚力促使纤维吸水润胀借助微射流技术处理TEMPO氧化纤维制得了水溶性及分散稳定性优异的纳米微细化纤维NFC透明磁性纳米纤维纸的制备通过将磁性纳米粒子与NFC混合通过过滤实现磁性纳米粒子固定在纳米纤维纸三维网路结构中从而制备了高强度透明磁性纳米纸其透明度高达86抗张强度为1713MPa磁矩为143μB研究发现透明磁性纳米纤维纸的光学力学以及磁学性能都与Fe304纳米颗粒的含量有关Fe304纳米颗粒的含量越高透明度越低力学性能越差然而磁化强度越高且NFC的存在对于Fe304纳米颗粒的的磁矩基本没影响该制备原理与方法同样适用于导电或导热等功能纳米纤维纸的制备以一维的NFC和二维的氧化石墨烯GO为原料制备了高强度的GONFC微米纤维高强度微米纤维以GONFC的混合液晶纺丝液通过湿纺的方法得到研究发现GONFC微米纤维强度明显高于单独的GO微米纤维或者NFC微米纤维强度因为NFC能利用羟基分子间氢键作用将GO片与片粘接在一起提高了GO片间的结合强度同时NFC可以像线一样将二维GO片连接起来二维GO也可以将多跟纤维结合起来宏观上提高NFC间的氢键结合密度这种GO与NFC之间的协同作用由此大幅度提高了复合微米纤维的机械性能分子学动力模拟也证实了上述结论对复合微米纤维进行离子强化渗透处理发现离子键的引入能进一步增强微米纤维强度最终得到的GONFC复合微米纤维抗张强度可达4424MPa弹性模量为341GPa研究也发现NFC与GO间的协同作用原理适用于其他形式的高强材料制备研究将得到的GONFC微米纤维进行炭化处理可以得到超导电cGONFC微米纤维其平均导电率为64960Scm研究表明GO将成为NFC炭化模型剂将促进NFC的炭化程度炭化后的NFC形貌由球形变为涂覆在炭化GO片上的炭涂层同时NFC炭涂层也起到对炭化后的GO缺陷修复与连接炭化GO片的作用进而提高微米纤维的导电性能对实验制得的超导cGONFC电微米纤维用于锂离子电池组装试验63个充放电循环以后电池的放电容量稳定在312mAhg另外超导电微米纤维也具有用于制备柔性可穿戴电子设备的潜在用途利用NFC表面存在大量羟基的亲水点与CH基团的疏水活性点的两亲性可作为二维材料BN和MoS2以及一维材料CNT理想的分散与稳定剂研究结果表明以NFC作为分散剂BNMoS2和CNT分别被分散在水溶液中并成功制备出了具有导热功能的BN复合薄膜薄膜导热系数约为150WmK抗张强度182MPa钠离子电池MoS2复合薄膜薄膜抗张强度达159MPa第一个循环充电电容335mAhg第三个循环后充放电效率稳定在85以上以及用于可穿戴电子器件的CNTNFC微米纤维抗张强度达247MPa导电率约为2668Scm和BNNFC微米纤维抗张强度为244MPa本论文以植物纤维制备的纳米纤维素为原材料基于纳米纤维素优异的机械性能表面两亲特性高透明度低的热膨胀系数以及稳定的化学性质等诸多独特性能首次研制出了透明磁性纳米纤维纸超导电纤维状锂离子电池电极材料钠离子电池MoS2薄膜电极材料导热BN薄膜以及GONFCBN微米超强复合纤维并成功进行了相关验证实验取得了较为满意的研究结果研究发现纳米纤维是薄膜材料超强复合纤维制造的理想结构单元与增强剂并且首次揭示纳米纤维素对二维材料水相分散所体现出的高度分散与稳定性能进一步拓宽了纳米纤维素的应用范围
2008,导电油墨构成与导电性能关系的研究--《北京印刷学院》,导电油墨 低电阻 薄涂层 水性 胶印,为了研发适用于胶印喷墨等高速高精度印刷方式的新型导电油墨得到厚度薄表面电阻低的导电涂层本论文制备了有机酸银型与导电高分子型两种导电油墨并对其构成与导电性能的关系进行了研究在有机酸银导电油墨研究中在高分子保护剂聚乙烯基吡咯烷酮PVP存在的条件下通过柠檬酸钠与硝酸银反应合成了柠檬酸银乳液并用抗坏血酸Vc对柠檬酸银乳液进行还原制得了纳米银胶导电油墨研究结果表明当PVP含量为2研磨时间为2小时时得到了纳米级的柠檬酸银乳液Vc过量一倍柠檬酸银纳米乳液还原彻底其粒径分布在1050nm无明显团聚现象通过水浸泡与低温烧结150对导电涂层进行后处理均能得到涂层厚度小于3μm表面电阻小于10Ω的低电阻薄导电涂层对水浸泡前后导电涂层进行FTIR测试及相关研究表明纳米银颗粒在水作用下的生长以及副产物溶解使得纳米银膜更加致密的排列降低了涂层表面电阻DSCTG结果表明纳米银的低熔点特性与有机物的分解使得导电涂层的表面电阻在烧结过程中大幅降低在导电高分子导电油墨研究中以基于聚乙烯基二氧噻吩PEDT的导电高分子水分散液为导电填料通过二甲基亚砜DMSONN二甲基甲酰胺DMF等二次掺杂剂的加入水性树脂的筛选增稠剂对导电油墨黏度的调节以及导电油墨配方的优化制得了适用于胶印的环保型水性导电油墨通过在胶印机上的实际印刷得到了膜层厚度小于3μm表面电阻低于100KΩ的导电涂层研究发现DMSODMF的加入能够改善导电高分子的分子链状况使其更加有序舒展从而提高导电油墨的导电性能在树脂含量相对较高的导电油墨体系中水性增稠剂能够有效的提高导电油墨黏度印刷样张在室温下能够长时间保存导电性能不发生变化
2008,喷墨打印技术在PCB中的应用前景--《印制电路信息》,印制电路板 数字喷墨打印技术 图形转移 埋嵌无源元件 全印刷电子技术 纳米级油墨,"文章简要的介绍了喷墨打印技术在PCB工业中的应用前景。从喷墨打印技术在PCB中应用发展来看,首先是在图形转移中应用,然后再推广应用到埋嵌无源元件和全印刷电子产品的的领域上。今后,喷墨打印技术会成为PCB工业生产的主流之一。"
2006,"1,3-双(4-氨基苯氧基)苯的合成及其聚酰亚胺--《绝缘材料》",-双(-氨基苯氧基)苯 可溶性聚酰亚胺 合成 性能,"间苯二酚和对氯硝基苯通过缩合反应,合成得到了1,3-双(4-硝基苯氧基)苯(134BNPB);随后,在Pd/C-水合肼的还原体系中,被进一步还原,得到了1,3-双(4-氨基苯氧基)苯(134BAPB)单体。基于134BAPB单体,制得了多种结构的芳香族聚酰胺酸树脂及其对应的可溶性聚酰亚胺树脂,并对它们的性能进行了研究。"
2014,深圳地区臭氧污染来源的敏感性分析--《中国环境科学》,深圳 臭氧 敏感性 源排放,"利用美国EPA开发的区域多尺度空气质量模式CMAQ对2008年8月发生在深圳地区的臭氧污染过程进行模拟,运用源敏感性识别工具DDM-3D分析深圳本地排放源及周边地区排放源对深圳地区臭氧污染形成的敏感性.研究表明,VOCs人为源排放对深圳臭氧形成敏感度高,控制深圳臭氧污染的关键在于控制VOCs人为源排放,控制重点应放在化学品/橡胶/塑胶、印刷、电子产品制造、家具、玩具、制鞋、建筑涂料使用、家用溶剂等方面;深圳的臭氧污染具有区域特征,在不利天气条件下,需与周边城市协调控制才能达到8h平均浓度120μg/m3的目标."
2011,图像配准和缺陷检测算法在印刷系统中的应用研究--《北京交通大学》,印刷检测系统 图像配准 缺陷检测 人眼视觉特性,目前国内的大多数中小型印刷企业对基于机器视觉和图像处理理论的印刷品缺陷自动检测系统的需求相当迫切国内在此方面的研究才刚刚起步因此开展此方面的研究对提高我国印刷行业的整体水平具有重要的作用本文主要研究了以下内容第一印刷品图像预处理和缺陷检测算法是印刷缺陷检测系统的核心本文首先分析了印刷检测系统面临的几个图像预处理问题包括彩色印刷品的灰度化噪声的滤除印刷图像的配准图像的差分等并针对以上问题提出了相应的解决方案图像配准算法是图像预处理中的难点因此我们根据系统的要求和对常用的图像配准算法的深入对比研究探索找到了适合印刷检测系统的配准算法基于金字塔和模板匹配的图像配准算法实验验证了该方法不仅有较高的配准精度也具有较高的配准速度能满足检测系统对图像处理的实时性和精度的要求第二本文提出了基于人眼视觉特性评价的图像缺陷检测方法该方法首先利用区域分割算法对印刷差分图像进行缺陷区域分割其次结合数学形态学方法对各个缺陷区域进行特征分析这些特征包括缺陷的大小类型面积等信息最后根据人眼的视觉特性对缺陷进行了客观质量评价根据评价的结果来判定缺陷对图像的影响程度实验证明该方法具有良好的人工智能性能够满足印刷检测系统对印刷缺陷的检测标准要求第三根据印刷厂商提供的印刷检测系统的功能需求设计了印刷检测系统的具体功能模块并在VC60和OPENCV的开发平台下编程实现了印刷检测系统的软件功能部分该软件部分能支持印刷品图像的输入图像的预处理缺陷检测缺陷列表输出人机交互查看缺陷等功能
2012,实时以太网EtherCAT网络研究及在多轴运动中的应用--《南昌航空大学》,EtherCAT 多轴运动 PSoC 分布时钟 netANALYZER,目前多轴运动系统已经广泛应用于高速印刷电子装配及智能机器人等领域其实时和同步性能直接影响着产品的品质和性能传统的基于现场总线的多轴运动系统已经在远距离传输时显示出了其在速度和同步精度方面的缺陷且各种现场总线长期缺乏统一的标准开放性大大受限因此将具备高带宽高精度和开放性好等特点的实时以太网应用到轴动领域将很好的解决这些问题对网络化的多轴运动系统的研究有重要的理论意义和广阔的应用前景本文首先分析了现场总线的不足继而通过对比引出了德国Beckhoff公司的实时以太网EtherCAT网络接着论文分别从物理层数据链路层和应用层等角度详细地介绍了EtherCAT网络的运行原理及协议基础并以主从方式搭建了EtherCAT通信网络EtherCAT主站功能的实现主要借助TwinCAT组态软件及VC编写的应用程序共同完成二者之间采用ADS自动化设备规范路由接口进行通信从站方面在使用Beckhoff公司的模块完成了基本网络的搭建后论文进一步将其应用到了多运动系统在多轴运动系统的具体设计中论文以PSoC器件为EtherCAT微处理器中心单元配合EtherCAT从站控制器实现了复杂从站设备功能完成了多步进电机的细分驱动和加减速规划等设计最后论文借助netANALYZER实时以太网分析仪和Wireshark网络封包分析软件完成了EtherCAT网络报文的捕获及系统性能的测试和分析实验结果表明本文完成了EtherCAT网络的搭建和远程通信且其优越的高速和高同步精度性能十分适合远距离多轴同步运动的控制
2014,可用于印刷电子的水性CNTs导电材料及其在印刷电子器件上的应用--《影像科学与光化学》,印刷电子 碳纳米管 双亲嵌段共聚物 气敏传感器,"印刷电子技术较传统硅基微电子技术具有大面积、柔性化与低成本的优势,具有广阔的应用前景。而印刷电子材料的制备是印刷电子技术得以蓬勃发展的关键所在。碳纳米管(CNTs)是近年来发展迅速的新型碳材料之一,可应用在透明导电薄膜、晶体管、电容器、传感器、催化剂、高强度材料等各个材料领域。本文主要介绍了采用双亲共聚物改性CNTs,制备适用于印刷电子的导电墨水及其在印刷电子器件上的应用。"
2018,银纳米线透明导电膜的制备及其在印刷电子中的应用--《影像科学与光化学》,银纳米线 透明导电膜 触控显示 太阳能电池 有机发光二极管,"透明导电膜广泛应用于光电器件中,其性能影响着器件的整体性能。近年来,研究者们开发了许多基于纳米材料的透明导电膜,其中银纳米线透明导电膜整体性能优异,有可能取代目前应用最多的ITO导电膜。本文通过分析近年来国内外针对银纳米线透明导电膜开展的研究工作,总结了提高银纳米线透明导电膜综合性能的方法,并综述了其在触控显示、太阳能电池、有机发光二极管中的应用。"
2017,恩福赛印刷电子有限公司副总经理王展  印刷电子的“天时人和”--《中国自动识别技术》,总经理助理 固体电子学 材料协会 半导体设备 智能包装 福赛 集成产品 咨询专家 市场总监 物联网,"王展,微电子与固体电子学硕士,专注于集成产品研发及营销传播平台构建,具有近20年的营销及管理实战经验。他曾任瑞同科技传媒CEO、华人知名管理咨询专家余世维特别研究助理、SEMI国际半导体设备与材料协会中国区战略市场总监、复旦微电子集团总经理助理等职务,对电子信息产业及物联网领域"
2015,基于印刷电子的透明导电薄膜研究进展--《影像科学与光化学》,透明导电薄膜 印刷电子 喷墨打印 图案化 透明电极,"透明导电薄膜是一种在可见光范围内透光率较高、导电性优良的薄膜材料。近年来随着智能手机、平板电脑等电子产品日益普及,透明导电薄膜受到越来越多的关注。本文分析了目前占据市场统治地位的掺锡氧化铟透明导电薄膜的缺点以及近年来国内外对透明导电薄膜开展的研究工作,总结了目前在印刷电子领域透明导电薄膜的主要研究方向,一方面是在传统金属氧化物薄膜基础上的改进;另一方面是寻找新型透明导电薄膜材料,并分别综述了各个研究方向的最新进展。"
2017,石墨烯基墨水的制备及其在印刷电子中的应用--《科技导报》,印刷电子 石墨烯 喷墨打印 丝网印刷 D打印,"石墨烯材料具有优异的导电性、柔性、化学稳定性等特征,在印刷电子领域中具有广阔的应用前景。概述了石墨烯材料的宏量制备方法,结合喷墨打印、丝网印刷和3D打印等方法介绍了石墨烯墨水制备的技术特点和要求,展示了石墨烯在印刷电子功能器件中的应用,主要类型包括透明导电薄膜、柔性电路、超级电容器和可穿戴传感器等。总结了该领域当前研究进展中存在的问题和挑战,从材料设计、加工制备和器件应用方面进行了展望。在未来发展中可通过丰富石墨烯打印线路的结构形式,并注重利用组装的策略增强结构有序性,实现多功能、高性能的器件制备和应用。"
2014,液态金属印刷电子墨水研究进展--《影像科学与光化学》,印刷电子 导电墨水 液态金属 氧化性 润湿性 电导率,"印刷电子是一种基于印刷原理的新兴电子增材制造技术,与传统电子加工方法相比,它在大面积、柔性化、个性化、低成本制造电子等方面具有无可比拟的优势。印刷电子所用的典型导电墨水通常分为三类:碳系、高分子及金属导电墨水,然而它们在打印后仍需借助高温后处理工艺,以进一步提升打印物及墨水的电导率及运行可靠性,步骤稍显繁琐;且由于相应纳米材料及墨水的配制较为复杂,也增加了使用的成本。液态金属作为一大类新出现的电子打印墨水,近年来正日益成为重要的研究领域,这种墨水具有电导率高、制备简单、无需后处理等独特优点。为推动这一方向的研究,本文评述了国内外围绕液态金属导电墨水物理化学性质的研究进展及对应的典型打印方法,并指出了进一步发展的方向。"
2017,导电油墨在印刷电子方面的研究进展--《北京工业大学学报》,印刷电子 柔性电子 导电油墨 附着力,"随着新型柔性电子器件的出现、发展与应用,印刷电子的制备工艺相对于其他传统技术表现出成本低、效率高以及可大面积生产等比较优势,逐步受到广泛关注.而导电油墨作为印刷电子工艺中的重要组成部分,越来越多的科研工作者对其进行了研究.为此针对导电油墨进行了相关论述,并阐明了未来导电油墨的发展方向,其中重点介绍了金属纳米颗粒型、金属有机分解型和金属纳米线型等不同导电体系的导电油墨,评述了它们的整体特点、制作方法和应用实例,并针对各油墨体系提出了改进其在基材上的附着力设计方法.可以看出:在印刷电子工艺中所使用的导电油墨,其性质与特征决定了整个制备工艺的流程和最终产品性能,并且将会继续沿着低成本、环境友好型和高导电性等方向进行发展."
2014,微纳柔性制造与印刷电子材料--《中国材料进展》,微纳柔性制造 印刷电子 金属网格透明导电膜,"微纳加工技术主要应用在光电子和IC领域,随着国际新一轮印刷电子技术的发展,电路线宽越来越细,对印刷电子材料与应用技术提出更高要求,传统印刷术很难实现数微米以下精密电路。针对国际行业研究现状、工艺及最新进展,详细阐述微纳柔性制造技术的原理与特点。基于微纳图形化激光直写光刻技术、卷对卷纳米压印技术及其配套(微纳填充、转印和软压印)技术,以大尺寸透明导电材料的研发为例,微纳柔性制造在106.68 cm幅面上使印刷电路的线宽达到1.5μm。微纳柔性制造方法属于""加法""制造。展望了柔性制造在印刷电子材料产业发展中的前景和需求,指出微纳柔性制造与印刷材料的结合,有可能成为新一轮大尺寸柔性显示与触控、传感器件等产业发展的有力工具和推动性力量。"
2017,用于印刷电子技术的氧化锌纳米材料的研究--《天津理工大学》,印刷电子技术 纳米ZnO 压电传感器 超疏水薄膜,印刷电子技术是指利用传统印刷技术制造电子器件与系统的科学与技术基于该项技术工艺的大面积柔性化与低成本的鲜明特征在实际应用中可达到减少污染降低材料浪费与成本的效果氧化锌ZnO纳米材料作为一种常见且结构非常稳定的半导体金属氧化物其高比表面积表面活性强对外界变化非常敏感等优势都非常适合用于制造压电传感器此外经疏水羧基修饰后的ZnO纳米材料具有优异的超疏水特性本文将主要是ZnO纳米材料与印刷电子技术相结合制备了柔性压电传感器和超疏水薄膜本论文主要内容如下所述采用高温氧化法制备了四针状纳米ZnO结构通过X射线衍射扫描电子显微镜等表征手段对其结构形貌进行分析结果表明马弗炉的炉膛内温度对样品结构性能影响较大炉膛内温为10501100时样品为四针状ZnO结构为反应的最佳温度采用水热法成功制备了花状的ZnO纳米结构实验结果表明以醋酸锌为原材料过氧化氢和PVP为络合物在氢氧化钠碱性环境下的最佳反应条件为真空干燥箱的温度为140反应时长为2h得到三维花状ZnO结构四针状ZnO纳米颗粒相对于压力信号具有快速敏感的传感性能通过四针状ZnO与carbonpastescreen结合以ZnO纳米四针颗粒制备敏感层碳浆制备碳电极制备得氧化锌压力传感器本研究制得的以碳浆修饰电极和ZnO敏感层制备得压电传感器具有高灵敏度的压电传感性能花状结构与四针状结构的纳米ZnO在此基础上通过低表面能物质硬脂酸的化学修饰从而获得具有超疏水特性的表面并通过添加聚氨酯等成功提高薄膜的附着力
2006,数字喷墨印花技术(一)--《印染》,喷射印花 数码 纺织品,"数码喷墨印花是近20年发展起来的一种新型印花技术,具有传统印花不能实现的优点,被誉为21世纪染整工业实现革命的关键技术之一。该讲座系统地介绍了数码喷墨印花技术的起源和应用现状,深入浅出地阐述了这一新技术的基本原理及其发展趋势。"
2008,喷墨印刷述评(上)--《印刷杂志》,喷墨印刷 连续喷墨 按需喷墨 脉冲打印 发展趋势 喷墨打印机 墨滴充电 直接喷射 相变喷墨打印 换能器,"喷墨印刷是迄今为止技术门类最多、应用领域广泛和印刷材料多样性最典型的数字印刷方法。在1981年举办的第一次国际非撞击印刷会议上,数字印刷被定义为非撞击印刷技术(Non-Impact Print ing Technologies),从而纠正了以往为了与点阵(针"
2013,从SCI检索看国际绿色印刷包装研究发展态势--《北京印刷学院学报》,绿色印刷包装 印刷电子 环保油墨 按需喷墨 印后加工,"为了解国际上绿色印刷包装研究的现状与发展态势,选取科学引文索引(SCI)2008～2012年所收录的绿色印刷包装中有关印刷电子、环保油墨、按需喷墨、印后加工等4个研究方向的文献进行汇总、利用文献研究法进行综合分析,可以看出近5年来印刷电子文献高速增长,环保油墨文献量维持在相对较高的水平,而按需喷墨、印后加工的文献量明显下滑,印刷电子和环保油墨成为行业研究的热点。"
2013,近5年国内绿色印刷包装文献研究动态--《北京印刷学院学报》,绿色印刷包装 环保油墨 印刷电子 印后加工 按需喷墨,"为了解目前国内有关绿色印刷包装的研究现状,对2008-2012年国内有关环保油墨、印刷电子、印后加工、按需喷墨的文献进行汇总研究,并从文献学的角度对其进行综合分析。研究结果表明,环保油墨和印后加工的文献数量较大,但文献数量增长整体呈下滑趋势;而印刷电子、按需喷墨文献数量虽然远远低于环保油墨和印后加工,但文献数量却增长迅猛。"
2001,喷墨打印在报业的应用--《今日印刷》,喷墨打印 按需喷墨 色彩管理系统 连续喷墨 喷墨技术 印刷色彩 新闻纸 压电原理 直接加热 传送系统," 现今的喷墨打印系统具备了模拟报纸印刷色彩所需的各种要素—— 可以在新闻纸上做出玫瑰网纹,再借助先进的色彩管理系统就能准确匹配色彩。 连续喷墨和按需喷墨是两种主要喷墨技术,前者可不间断喷射墨流,后者则是高速按需喷墨。"
2003,你问我答--《数码印刷》,按需喷墨 电信号 工作原理 喷墨技术 信息转化 脉冲 陶瓷技术 计算机 喷墨头 实地密度," ?问:什么叫按需喷墨? 答:所谓按需喷墨(drop on demand),又叫脉冲给墨,其工作原理是将计算机里的图文信息转化成脉冲电信号,然后,由这些电信号来控制喷墨头的开闭,从而在有图像的地方喷上油墨。当前,最有代表性的按需喷墨技术要属压电陶瓷技术。目前,比较著名的制造按需喷墨头的公司有Aprion公司和Xaar公司。"
2017,陶瓷喷墨打印机理研究进展--《机械工程学报》,喷墨打印 陶瓷构件 液滴 咖啡环 数值模拟,"喷墨打印作为3D打印的一种工艺和方法,具有材料利用率高、加工柔性高、制造周期短等优点。近年来,喷墨打印技术已成为陶瓷构件成形的研究热点之一。要成功地打印陶瓷构件,必须满足一定的条件,比如打印墨水的流变学特性、稳定液滴的形成因素、打印液滴的定位精度、咖啡环的消除与抑制。综述了压电喷墨打印陶瓷构件机理的研究进展,主要包括陶瓷墨水特性以及压电脉冲参数对稳定液滴形成的影响,液滴的下落过程及其撞击基板的位置精度分析,干燥过程中咖啡环的产生和消除,液滴形成过程中的数值模拟,以及现阶段喷墨打印在陶瓷方面的应用实例;最后,对喷墨打印在陶瓷方面的应用做出了展望。"
2011,FUJIFILM压电按需喷墨技术5月亮相广州陶瓷工业展--《山东陶瓷》,喷墨技术 陶瓷工业 压电 按需喷墨 广州 打印头 喷墨印刷 制造商 瓷砖 公司,"随着新的和多变的市场对瓷砖生产线需求的增长,迫使装饰瓷砖制造商寻求新的印刷系统,这种系统应当提供高图象质量、高生产力和多功能加工处理能力。喷墨印刷正是保证了在这几个方面提高生产力和降低成本,同时维"
2011,FUJIFILM DIMATIX 2011年国际陶瓷工业展全面展示领先数字瓷砖装饰技术--《陶瓷》,喷墨打印头 喷墨技术 供应商 工业应用 数字 瓷砖 印刷生产 装饰技术 工业产品 按需喷墨,"FUJIFILM Dimati公司是世界领先的工业应用按需喷墨打印头供应商,正在推动喷墨技术的进步,以支持新一代产品用于印刷生产,工业产品装饰和材料沉积应"
2004,直邮印品打印成本分析问与答--《数码印刷》,按需喷墨 喷墨打印头 喷墨打印机 压电式打印头 喷墨技术 打印质量 打印系统 平均故障间隔时间 墨水盒 印品,"随着社会经济的快速发展,给印刷,特别是给围绕直邮业务的印刷服务带来很多机会,由于直邮业务的一些特点,例如:收件人的姓名和地址每一封都是不同的,同时这种与促销、服务结合起来的直邮业务打印总量往往十分庞大,每一次直邮少则一两千份,多则数十万份。小产品中往往蕴涵着大市场,如何满足这个市场的需求,找到控制成本、增加利润的办法非常重要。"
2008,喷墨印刷技术概述--《印刷世界》,喷墨技术 喷墨打印机 喷墨打印头 墨滴 连续喷墨 喷墨印刷 水射流 压电陶瓷材料 按需喷墨 喷嘴,"最早出现喷墨(Inkjet)这个概念是在上世纪60年代,到了70年代随着计算机技术的迅速发展,出现了连续喷墨和按需喷墨技术和系统,市场上可以看到商用的喷墨打印机。进入80年代后热气泡喷墨技术问世,随着广告市场的复兴,适应户外广告需求的彩色喷绘机等陆续出现在国际市场上。"
2009,喷墨印刷技术原理与发展趋势--《广东印刷》,喷墨技术 喷墨印刷 数字印刷 发展趋势 技术原理 可变数据印刷 油墨 承印物 连续喷墨 按需印刷,"一、概述近年来,随着电子出版、跨媒体出版技术的发展,传统印刷方式的市场受到极大冲击,数字印刷技术发展日新月异。数字印刷目前的市场定位主要是短版印刷、即时印刷、按需印刷和可变数据印刷。通俗地讲,数字印刷是能按照用户的时间要"
2013,按需喷墨打印头的驱动脉冲差异--《出版与印刷》,热喷墨 压电喷墨 相变喷墨 驱动脉冲,"热喷墨、压电喷墨和相变喷墨印刷以不同的方式发生并喷射墨滴,在打印头的驱动方法上必然存在各自的特点。为了更好地应用喷墨设备,应该对目前商业市场上的三种主要按需喷墨技术的驱动脉冲差异有相当程度的了解。"
2015,压电喷墨打印头的模拟优化与测试--《大连理工大学》,压电打印头 数值模拟 结构设计 加载电压波形设计 余振抑制 多普勒激光位移测试 墨滴喷射,随着喷墨印刷产业的繁荣发展和压电按需喷墨技术在其他工业领域中的应用越来越广压电喷墨打印头的需求也越来越高至今国内市场上仍缺乏具有自主知识产权的压电喷墨打印头本文对一种自主研发的压电打印头的结构尺寸及加载电压波形进行了优化设计通过对压电振动板的振动机理和墨滴喷射过程的分析以及利用计算机数值模拟合理设计压电打印头的参数以达到高喷射性能的目标1为了获得优良的液滴喷射性能本文利用计算机数值模拟软件COMSOL对压电打印头的尺寸进行了模拟优化对SiO2基板厚度和PZT层厚度和宽度进行的模拟仿真显示存在一个最优尺寸使压电打印头的喷墨性能达到最好通过模拟和测试发现随着振动板宽度的增加振动板的振动峰值也随之线性增加当PZT宽度增加时压电振动板的振动峰值先增加后下降为了更好地以低电压获得高振幅文中对一种双PZT结构进行了模拟模拟结果显示同等条件下双PZT结构的振幅为单PZT结构的两倍本文结合工艺要求和喷墨性能要求对喷嘴层的厚度进行了模拟分析在保证喷嘴层结构强度和应力极限的情况下尽量降低了喷嘴层的厚度2除了压电打印头的结构尺寸加载电压波形是另一个影响压电打印头液滴喷射性能的重要因素在加载电压波形设计方面本文利用压力波叠加的原理设计了一种加载电压波形的方法利用该方法设计的双梯形加载电压波形各段时间分别为t14μst214μst31μst433μsts4μs同时为了使该打印头在高频下工作本文还利用负反馈的原理设计一种可以主动抑制残余振动的电压波形通过模拟发现当加载该消振波形时压电打印头的余振得到了很好的抑制3为了评估压电打印头在制作过程中的性能本文对压电振动板和压电打印头成品进行多普勒激光位移测试在关于电压变化的多普勒测试结果中发现压电振动板的振幅随电压逐渐上升并在60V以后上升趋势变缓而且压电打印头在60V时的疲劳寿命只有10min因此压电打印头的加载电压幅值需小于60V在对多种加电压波形的多普勒测试结果中发现相对于其他波形正弦波三角波和方波双梯形加载电压波形表现出了格外优良的墨水吸入能力和液滴喷射能力4最后对压电打印头成品进行了墨滴喷射频闪观测该测试结果验证了压电打印头结构和加载电压波形的有效性
2011,高粘度压电微喷装置实验研究--《哈尔滨工业大学》,空间润滑 按需喷墨 高粘度 压电微喷,最近几十年来随着世界各国对太空开发活动的增多大量的航天器被发射进入太空随着神舟八号载人飞船和嫦娥二号卫星的成功发射我国在轨的航天器数量日渐增多我国已经将载人航天计划列入国家重大专项科研领域之一发展航天科技有利于推动一个国家的工业化水平对于促进科技创新也有很大的作用长期在轨工作的航天器受太空环境影响极容易产生润滑失效问题此前航天器的寿命主要受电子元器件寿命影响随着电子技术的不断发展约束航天器寿命的主要因素已由电子元器件的寿命转变为空间机械机构的寿命而空间机械机构的寿命和机构的润滑条件有很大关系改善润滑条件可以大大的提高空间机械机构寿命因此航天器的润滑条件对于航天器在轨工作寿命有着至关重要的作用航天器在工作的过程中需要定期定量润滑每次提供的润滑油量不能太多否则多余的润滑油会挥发掉对光学仪器的镜面产生污染另外一方面由于航天器的发射成本对于航天器的重量非常敏感所以携带的润滑油应尽量少原则上应该刚好满足工作寿命内的航天器的润滑所需本课题正是基于此背景在国家自然科学基金No51075082的支持下依据压电按需喷墨技术设计出一种高粘度压电微喷装置此装置可以实现高粘度液体按需微量主动微喷验证压电微喷技术应用在航天润滑领域这一原始思想的可行性为以后在航天器主动油润滑上应用打下基础本文旨在依据压电按需喷墨技术设计高粘度压电微喷润滑装置并进行相关的实验研究首先利用FPGA设计开发了基于DDS原理的任意波信号发生器作为高粘度压电微喷装置的驱动电路使用有限元软件对压电微喷装置进行仿真分析对于驱动信号的波形和压电陶瓷环的尺寸如何影响压电陶瓷驱动环瞬态振动位移进行了分析研究提出加热收缩环形玻璃管的方法设计加工出喷嘴并开发了高粘度压电微喷装置实验平台以50和95高粘度的甘油水溶液为实验研究对象对形成稳定喷射时所需的信号频率电压保持时间及液面高度进行了研究并对8B和20牌号润航空滑油进行了微喷实验说明在地面环境可以实现航空润滑油按需微喷
2017,彩色喷墨印刷技术的发展与应用--《印刷质量与标准化》,喷墨印刷机;数字印刷技术;按需喷墨;连续式喷墨;喷墨印刷设备;承印物;,"本文以数字印刷技术的发展为背景,对喷墨印刷技术的发展及特点,数字印刷技术的应用,进行了新的总结和概况。随着计算机技术和网络技术的发展及其在印刷领域的不断应用,数字印刷技术经历了从静电成像技术、电子油墨技术发展到目前较为火热的喷墨印刷技术和纳米墨水技术的发展;数字印刷"
2017,喷墨数字印刷技术的发展和市场定位--《中国印刷》,数字印刷机 喷墨印刷机 数字印刷技术 数字印刷设备 喷头 喷墨技术 按需喷墨 承印物 墨滴 印刷品,"在drupa2016展会上,喷墨印刷机备受瞩目,数字印刷设备厂商、传统印刷机厂商都展出了他们最新研制的喷墨数字印刷机。在drupa2016展会上,喷墨印刷机备受瞩目,大有引领数字印刷发展之势。不仅传统数字印刷设备厂商展出了最新的喷墨数字印刷机,而且传统印刷机厂商也展出了他们最新研制的喷墨数字印刷机。一、喷头技术的发展喷墨技术的发展首先得益于喷头技术的改进"
2017,瓦楞包装喷墨印刷技术--《印刷杂志》,喷墨印刷 包装印刷 瓦楞纸印刷 连续喷墨 按需喷墨 墨滴 打印头 打印平台,"过去包装印刷市场一直是传统印刷的天下,但是以标签产品最先采用数字印刷方式为起始,到如今瓦楞纸箱、软包装、折叠纸盒等印刷品都可以使用数字印刷设备完成。同时,印刷产品平均印数不断下降、交付周期缩"
2017,服装数码打印机选型及应用--《浙江纺织服装职业技术学院学报》,服装数码打印机 服装生产 时尚 个性化定制,"服装数码打印机是小批量快时尚的重要装备。介绍了近年来国内外市场上服装数码打印机的分类与各大打印机的技术参数,及服装数码打印机的应用领域;并详细介绍了服装数码打印机的投资回报率,供广大服装数码打印爱好者参考。"
2017,印刷过程建模研究与分析--《印刷质量与标准化》,过程建模;透印;过程分析;墨滴;过程性能;建立模型;数学模型;过程模型;承印物;按需喷墨;,"印刷过程建模是指根据对印刷过程分析及相关基础数据,建立描述印刷过程性能的数学模型。对于复杂的印刷过程而言,建立模型是十分有效的研究方法。"
2014,新品介绍--《数码印刷》,多功能一体机;高速扫描仪;子墨;TIFF;按需喷墨;纹理结构;瓷砖生产;克/平方米;印墨;数码印刷机;,"佳能推出image PROGRAF i PF785大幅面打印和扫描解决方案近日,佳能推出image PROGRAF i PF785大幅面打印和扫描解决方案。该设备最高分辨率为2400dpi×1200dpi,提供320GB硬盘,5种颜色。子墨罐系统允许用户在墨水耗尽之前替换墨盒,而无需停止打印机。i PF785多功能一体机M40可扫描长达315英寸的PDF或JPEG文档,以及590英寸的TIFF文件。M40高速扫描仪具有1200dpi的最高分辨率,可扫描文档最大厚度为2毫米。该设备主要针对CAD/GIS和海报市场。"
2014,数字喷码技术在个性化包装上的应用--《印刷杂志》,包装印刷 喷码技术 药监码 二维码,"背景国内喷码形式的个性化包装,一个里程碑式的开端是2007年12月4日国家质检总局发布了《关于贯彻国务院关于加强食品等产品安全监督管理的特别规定实施产品质量电子监管的通知》(国质检质联〔2007〕582号)。通知要求,在2008年6月底前对9大类69种重点产品全面实施电子监管,所有产品加贴电子监管码才能上市。电子监管码与商品条码有着本"
2014,喷墨技术分类及应用--《印刷杂志》,数字印刷 喷墨技术 数据驱动 Stream技术,"喷墨印刷是一种新的无接触、无压力、无印版的印刷技术,将图像信息光栅化后输入喷墨打印机即可实现打印。按喷墨介质可以分为固体喷墨和液体喷墨两种。固体喷墨主要为染料热升华,成本较高;液体喷墨中的热发泡式和压电式,是办公打印产品的主流技术。液体喷墨打印的Stream技术可实现胶印级的品质、产能和成本,广泛运用于工业喷墨印刷,至今全"
2014,生产型喷墨系统持续发展--《数码印刷》,数字印刷 生产型 喷墨印刷机 解决方案 喷墨打印头 专业文章 彩色喷墨印刷 可变数据印刷 印刷业 工作流程,"生产型喷墨系统在未来印刷业中将是一股强劲的力量。长期以来,数字印刷平台展现了许多优势,如更符合成本效益的短版印刷、可变数据印刷等。在过去几年中,伴随着大量新玩家的涌入,高速喷墨解决方案逐渐成为人们关注的焦点。除了新型和改进型产品的竞争力得到提升外,介质、印后加工以及工作流程提供商的发展也推动了该项技术的发展和应用。"
2014,浅析数字印刷相关技术和材料--《广东印刷》,数字印刷机 传统印刷 电子油墨 印刷方式 可变数据印刷 纸张 承印物 个性化印刷 印刷技术 图文信息,"数字印刷是使用数字文件控制相应设备,将呈色剂/色料(如油墨)直接转移到承印物上的复制过程。即是由数字方法获取的图文信息经计算机处理后的电子文件直接成像于橡皮布、版材或纸张,而无须输出菲林和人工拼晒版的有别于传统印刷的全新印刷方式。从技术上看,数字印刷特点是印刷制版时间短,可以更经济的印刷短版业务,可以做到""一张起印""。"
2014,印刷电子——印刷界的朝阳产业--《印刷质量与标准化》,凹版印刷 电子技术 喷墨打印 有机半导体材料 电子材料 电子设备 相结合 电子产品 印刷技术 金属纳米粒子,"印刷电子技术,顾名思义,是基于印刷原理的电子技术。更具体一些,是利用现代技术中的光、电及电化学与现代印刷技术相结合,通过高导电的金属纳米粒子制成导电墨水,半导体油墨和绝缘油墨,将电子电路的信息打印、复印、转印或喷墨打印到纸张或塑料薄膜等基材上,形成的具有一定功能的无源原件、有源器件及导线,实现全印制电路。"
2013,高速工业喷墨印刷机  2013高歌猛进--《数码印刷》,,"第一台卷筒纸喷墨印刷机发明于上世纪70年代,早期的印刷设备相对简陋,尤其是和现代高速生产型设备相比。下面通过惠普、Pitney Bowes、奥西、理光/InfoPrint、网屏、柯达和施乐等主要供应商的最新产品和技术发展分析现代高速工业喷墨印刷机的未来走势。进入2013年,喷墨印刷意味着高速、可与胶印相媲美的印刷质量、更多纸张选择和更大印刷规格。此外,喷墨印刷机还具备生产效率优势。和胶印机不同,喷墨印刷机几乎不需要印前准备,支持个性化印刷。工业喷墨印刷机现在面向的大批量生产领域有:书刊出版、直"
2013,绿色印刷包装产业专利文献分析--《北京印刷学院学报》,绿色印刷包装 专利 按需喷墨 印后,"为了及时了解国际上绿色印刷包装产业技术最新研究进展和发展态势,选取了绿色印刷包装产业4个主要领域——印刷电子、油墨、按需喷墨、印后,进行了德温特专利数据库的主题检索和分析,对国内外关于绿色印刷包装产业的技术研发和知识产权进展态势进行了梳理和总结。结果表明,中国在绿色印刷包装业技术研发领域势头较好,后劲较大。"
2014,新型压电式喷墨头的数值仿真与结构优化--《大连理工大学》,压电驱动 喷墨头 数值模拟 COMSOL 按需喷墨,压电驱动式喷墨打印机是基于逆压电效应工作的由于其响应速度快非接触性高分辨率等优点得到了广泛的应用目前市场上使用的喷墨打印机核心部件喷墨头主要由国外垄断和生产国内巨大的市场需求促使了大批学者对喷墨打印头的研究基于喷墨打印机目前的这种发展情况本文特别提出了一种新型的压电驱动式喷墨打印头结构在对新型结构的实验研究和优化分析过程中由于实验制作研究存在成本高时间长受仪器设备局限性大等诸多缺点为了节约成本提高效率本文利用数值模拟优化方法使用计算机软件COMSOL设计优化结构尺寸参数根据模拟优化结果指导实验研究首先本文通过分析压电式喷墨打印机的工作原理综合考虑实验室设备及能够实现的MEMS工艺设计了一种新型的压电式喷墨打印头相比目前市场上应用的喷墨头该结构具有简单易制作一体化程度高成本低易实现批量化生产等优点其次本文基于有限元方法通过COMSOL模拟软件分析了影响该结构喷墨情况的主要因素其中包括压电陶瓷层参数电压控制波形腔室尺寸喷孔尺寸限流部等等在分析了各个因素对于墨滴喷射情况的影响后选取了最合适的结构参数最终确定了该结构实验制作的参数用模拟分析的方法为实验制作提供参考降低实验成本缩短研究时间最后本文通过对实验制作的新型压电式喷墨头进行了多普勒振动测试验证了模拟分析的正确性和该结构设计的合理性同时测试也使我们发现了结构存在的问题为后续的研究和设计提供了帮助
2009,喷墨打印技术进展--《中国印刷与包装研究》,喷墨打印 压电式 热发泡式 按需喷墨 激发器 微机电系统 电压波形控制,"通过文献调研并结合实践,本文系统介绍了按需喷墨打印技术发展情况,较详细阐述了压电式和热发泡式激发器的技术原理、技术特点、结构、分类和技术更新情况,以及墨水、介质的相应发展情况。新型喷墨头技术朝着喷嘴更小、排列更紧密、喷出墨滴更小且能实现可变墨滴的趋势发展;借助微机电和半导体技术的发展,制造工艺更加集成化。在新型墨水和介质的配合下,喷墨打印在照片冲印输出、商务办公和短版印刷领域获得成功应用。"
2008,喷墨印刷技术原理与发展综述--《印刷质量与标准化》,喷墨技术 数字印刷 喷墨印刷 技术原理 承印物 按需印刷 可变数据印刷 喷墨打印纸 墨滴 基本原理,"近年来,随着数字印刷技术发展的日新月异,传统印刷市场受到极大冲击。数字印刷目前的市场定位主要是短版印刷和可变数据印刷。通俗地讲,数字印刷即按需印刷,是能按照用户的"
2007,国内外喷墨印刷发展趋势--《今日印刷》,喷墨印刷,"凸印、平印、凹印、柔印在印刷行业被称为四大传统印刷工艺,属于有版有压印刷,而喷墨印刷属于无版无压新兴特种印刷工艺。喷墨印刷最近几年发展迅速,与其他四种有版有压印刷工艺相比,喷墨印刷确实具备按需印刷等特点,在很多方面都拥有竞争优势。"
2009,喷墨导电墨水技术的现状与发展--《数码印刷》,喷墨墨水 导电层 电子材料 纳米银 薄膜印刷 微粒 发展与进步 线路板 微电子技术 现状与发展,"印刷电子材料的发展促进了与其相关的专用工业的形成、发展与进步。而微电子技术的发展对印刷电子材料的生产提出了更高的要求,进一步向高密、细导线、多层、高可靠性、低成本、短周期和自动化连续生"
2008,连续喷墨VS按需喷墨--《网印工业》,喷墨技术 喷墨印刷 连续喷墨 墨滴 按需喷墨 承印物 喷墨头 喷嘴 墨水 分析对比,"按喷墨系统中墨水喷射的基本方式(即墨水喷射是否连续),可以将喷墨技术分为连续喷墨印刷和按需喷墨印刷两类。本文从这一角度对连续喷墨印刷和按需喷墨印刷进行了详细解析,并进行了分析对比。"
2003,喷墨打印机及其耗材技术现状与进展--《影像技术》,喷墨打印 喷墨打印介质 墨水 连续喷墨 按需喷墨,"喷墨打印是一种快速发展的高新信息技术,在非接触性打印领域占有重要地位。喷墨打印机用墨水和介质,也随打印机技术的改进不断更新换代。本文综述了喷墨打印器件、打印介质、打印墨水发展的基本情况,着重探讨了喷墨打印技术新用途的广阔前景,介绍了喷墨打印技术的发展趋势。"
2008,纳米尺度液滴的静电喷射实验--《功能材料与器件学报》,按需喷墨 静电打印,"介绍了一种基于高压静电打印技术的工作原理。静电打印头结构是由喷孔结构和电极结构复合而成。施加2.5~3.5kV的脉冲电压驱动液滴产生,所得的液滴直径比传统静电喷射方法更小的液滴,直径为1991~201.6nm。同时,考察在2.8kV,3.0kV,3.2kV和3.4kV四种脉冲电压条件下幅值下幅值大小对液滴大小的影响情况,实验结果表明随着脉冲幅值的增大液滴逐渐减小结论。"
2008,数字印刷技术及其应用--《中国教育技术装备》,数字印刷机 静电成像 连续喷墨 按需喷墨 印刷技术 数字字 承印物 传统印刷 激光扫描 按需印刷,"主要介绍数字印刷的概念及其特点,并分析数字印刷的关键技术和在工业界的应用。"
2009,宽幅打印机按需喷墨打印头的墨滴运动--《中国印刷与包装研究》,喷墨印刷 DOD LDV 墨滴 卫星式墨滴,"本文主要研究宽幅打印机中墨滴的流动状况。按需式压电打印头的油墨喷射多采用光学技术进行测量,根据激光多普勒速度测量仪测得的速度和图像可视化系统获得的图像数据,对打印头的性能进行全面了解。在模拟操作条件的情况下观察压电式打印头的工作状况,从而确定印刷密度的最优参数。结果表明印品质量不精确的主要原因是由卫星式液滴造成的。对压电推拉式(thePiezoelectricPush-mode)按需喷墨印刷头进行计算机仿真,主要进行墨滴喷射和墨滴向印刷介质转移过程的仿真。仿真结果与实验结果基本一致,表明施加在压电晶体上的电压脉冲与最终压力之间存在联系。"
2013,当前我国常用喷墨打印机机制文件特点研究--《华东政法大学》,喷墨打印机 喷墨打印机机制文件特点 喷墨打印机机制文件检验,随着计算机的普及和办公电子化的发展各种计算机输出设备普遍出现在社会生活中其中喷墨打印机作为制作日常文件的常用办公机具是计算机输出设备的重要组成部分随着我国社会经济的不断繁荣和法制的健全越来越多的社会活动中都会使用到包含喷墨打印机在内的各种机具来制作如合同借条证明书等日常的文件这些文件也是我国诉讼活动中常见文件因而成为司法鉴定文书研究的重要对象之一针对喷墨打印机机制文件的各种特点进行研究对司法鉴定实践中的文件同一性认定同机认定篡改伪造文件检验都有很大的促进作用为鉴定文件提供有力的支持为司法公平和正义的实现提供有力的促进作用本文对喷墨打印机机制文件的特点研究主要从以下几个方面来阐述本文第一章介绍了喷墨印刷文件的历史和趋势主要来阐明喷墨打印印刷技术有哪些他们的产生和发展过程让读者对喷墨印刷有个全面的了解第二章主要介绍了按需喷墨打印机工作的原理和喷墨打印机机具的构成主要来阐明爱普生佳能惠普三大公司的技术特点第三章主要介绍了当前我国常用喷墨打印机的主要品牌和型号以及为了研究喷墨打印机所设计的样本情况对样本的收集情况和对样本使用显微镜文件检验仪器等设备进行的分析情况以使读者对我国常见喷墨打印机的使用情况有所了解展开喷墨打印机文件特点的研究途径作以介绍第四章主要介绍了对样本的研究形成的喷墨打印机机制文件特点介绍了当前喷墨打印机机制文件的印刷的一般特点主要从墨迹分布形态喷嘴的尺寸分辨率等因素在喷墨印刷文件过程中的特点并且讨论了利用特点的特殊性在喷墨机制文件种属鉴定和同种鉴定中的应用第五章主要介绍了在利用喷墨打印机机制文件鉴定文件中的需要注意的一些问题以及介绍了一例利用喷墨打印机特点鉴定案件的情况
2013,基于FPGA的喷墨印刷系统高速数据接口的设计与实现--《北京印刷学院》,喷墨印刷系统 FPGA 数据通路 小波变换 高速数据接口,喷墨印刷是数字印刷系统的重要组成部分以其适应性广高速智能低污染等特点在印刷各领域得到广泛的应用喷墨印刷在印刷幅面油墨和承印介质的多样化上拓展了传统印刷的内涵随着喷墨印刷技术的不断发展市场上出现了很多喷墨设备不仅国外的许多产品进入我国市场国内许多企业也在积极开发自己的喷墨系统喷墨印刷的喷头控制系统对印刷质量有着重要的影响不仅对图像的清晰度纵向横向的一致性等方面有着重要的影响对于喷印速度也起到决定性的作用而喷墨印刷系统中数据传输速度的高低则直接影响着喷头控制系统性能的优劣论文首先介绍了喷墨印刷系统硬件设计包括喷墨头的选型接口电路的设计等然后运用小波变换和4B5B编码技术设计和实现了喷墨印刷系统软件功能模块最后重点介绍了基于FPGA的喷墨印刷系统高速数据接口的设计和实现研究并设计了喷墨印刷系统的高速数据接口论文选用XAAR公司的按需式喷头XAAR1001作为设计系统的喷墨头以Altera公司的CycloneIII系列的EP3C5E144C8作为控制芯片设计了高速数据接口给出了喷印效果最后对四倍频鉴相模块和4B5B数据传输模块进行了仿真
2009,喷墨印刷技术面面观--《数码印刷》,印刷技术 喷墨油墨 喷墨印刷机 按需喷墨 喷墨技术 印刷工业 承印物 喷墨打印机 专业文章 墨滴,"十几年前,当互联网技术刚刚兴起时,不少业内人士就为数字媒体是否会取代纸质媒体争论不休,甚至有人预言,数字出版将成为印刷技术的""终结者""。然而时至今日,印刷工业仍凭借其强大的生命力在迅速向前"
2012,大粘度压电微喷系统的研究--《压电与声光》,大粘度 压电微喷 驱动波形,"面向航天器内运动部件润滑失效问题,研究设计了一种大粘度压电微喷系统。提出了环形收缩管式微喷头的加工方法,并构建了整个装置试验样机。以50%和95%高粘度的甘油水溶液为实验研究对象,对形成稳定喷射时所需的信号频率、电压、保持时间及液面高度进行了研究。研究结果表明,随着液面高度的增加最佳驱动频率减小,随着喷射溶液粘度的增大喷射所需电压增大;在保证最优保持时间的条件下,液面高度越小所需喷射电压越小,随着喷射溶液粘度的增大,能形成稳定喷射的频率带逐渐变窄。"
2011,喷墨印花的现状与发展趋势--《丝网印刷》,喷墨印花机 纺织品 数码印花 数码喷墨印花 现状与发展趋势 墨水 丝网印刷 数字化技术 染料 印前处理,"对于关注印花的人们来说,喷墨印花已经不是新鲜的名词了。自其产生以来,喷墨印花相对于传统印花的强劲优势使得业界越来越关注喷墨印花的发展动态。本文针对数码喷墨印花的现状和发展趋势进行了简要的总结。"
2006,嵌入式喷印系统的设计和实现--《湖南大学》,嵌入式系统 按需喷墨 喷墨喷头 DPI,随着条码标识技术的迅速发展和广泛应用人们对条码标识印制的质量速度效益的要求也日益提高比如对小批量多批次信息内容需要经常变化的条的印制如果用制胶片印刷的方式则成本相对较高不经济如果用条码打印机打印条码标签然后再粘贴的方式则速度慢且烦锁喷码技术以其非接触特性丰富的标注功能以及可靠的喷印质量得到了广泛的应用本文研究和设计了用于工业包装行业的按需喷印系统论文调查了喷印技术的现状分析了当前市场上的喷印技术以及各种不同喷印技术之间的优势和劣势并预测了喷印技术的发展趋势通过喷印技术在国内和国际市场上的发展比较以及国内市场现状的分析发现国内目前的喷印技术水平落后在按需喷印技术上严重依赖国外品牌因此在掌握喷印的基本工作原理和XJ128喷头特性的基础上给出了一种按需喷印系统的设计方案并分析了提高喷印图像DPI的方法根据工业包装行业对喷印系统的基本性能需求给出了喷印系统具体的设计详细说明了各模块硬件设计思路和软件设计方法给出设备界面的结构和部分程序流程图最后对设备样机功能进行了测试本课题研究并实现了适用于工业包装生产流水线上的喷印系统测试结果表明系统运行稳定基本实现了所设计的功能
2009,按需喷墨印刷用油墨的性能研究--《中国印刷与包装研究》,喷墨印刷 有机场效应晶体管 油墨 流变特性 按需 运行情况 聚合材料 墨滴 电子元件 压电激励器,"本文主要对压电驱动DOD微型供墨系统中的基于聚乙烯(3,4-乙烯二氧噻吩)/聚苯乙烯磺酸盐(PEDOT/PSS)等不同聚合材料油墨进行详细研究。根据油墨的流变特性和印刷系统的机械特性得到特性值,通过特性值可以预测给定印刷系统中聚合油墨的运行情况。除印刷适性外,还研究了不同油墨对有机场效应晶体管的电子特性的影响。"
2012,凤凰传媒按需喷墨联机生产线正式投入生产--《印刷世界》,生产线 传媒集团 喷墨印刷机 按需喷墨 连续喷墨 凤凰 按需印刷 出版印刷 转型升级 柯达,"全国首套柯达Prosper1000高速喷墨印刷机落户凤凰近日,凤凰传媒集团的按需出版生产线全面投入运营。该生产线整合了柯达Prosper1000高速喷墨印刷机、瑞士Hunkeler书芯成型设备,以及日本horizon、深圳精密达的后道连线设备,是亚洲第一条全连线连续喷墨POD系统。凭借该生产线,凤凰"
2008,按需喷墨印刷将成为德鲁巴2008一大亮点--《今日印刷》,彩色喷墨印刷 德鲁巴 按需喷墨 喷墨技术 印刷质量 技术整合 印刷速度 新产品 连续喷墨 数字印刷系统,"近年来,喷墨印刷正在向着几乎所有的印刷领域进军,其印刷质量也越来越好。从德鲁62004可以看出,喷墨印刷已跻身于技术亮点之列,并将成为德鲁巴2008的主题。在2008年5月即将到来的德鲁巴印刷展上,代表最新技术发展的将是按需喷墨印刷。最新的证明就是关于在比利时布鲁塞尔标签展上所展示新产品的报道。如果想在生产厂家推出新产品之前,就了解新机器能给我们带"
