2016,胶印环境友好型油墨——大豆油墨--《资源节约与环保》,大豆油墨 可再生 应用现状,"大豆油墨作为新型环保油墨,在发达国家已有广泛的应用,本文主要从石油危机、环境保护的角度分析了大豆油墨产生的原因,从环保性、脱墨性、气味、可再生等四个方面分析了相对于传统油墨大豆油墨的优势,最后给出了大豆油墨在欧美、日本、中国等不同国家的应用现状,旨在推动其在中国的应用。"
2005,大豆油墨的研究概况--《大豆通报》,大豆油墨 环保 印刷油墨,"本文简要地介绍了大豆油墨的研发历史、功能特性及应用现状 ,大豆油墨的研发是油脂行业对环保的一份贡献。"
2011,绿色印刷之大豆油墨--《印刷杂志》,大豆油墨 VOC 环保性 印刷适性 应用现状 前景,"中国印刷及设备器材工业协会统计,2009年我国印刷工业总产值为5150亿元,较上年度增长8.4%。预计2015年我国印刷工业总产值将达到9800亿,也"
2018,大豆油墨印刷成为绿色印刷主流--《环境经济》,大豆油墨;绿色印刷;油墨印刷;,"作为印刷环节中重要的使用耗材,油墨直接影响到印刷企业能否实现绿色印刷和节能环保。油墨的生产制造过程需要使用大量的有机溶剂,印刷过程中会挥发到空气中,不但会危害工人的身体健康,也会对空气质量造成较大影响,而且印刷品上的残留溶剂,也会对消费者、读者的身体健康造成一定的影响。""在我国印刷行业全面推广使用环保型印刷油墨就显得非常迫切。""全国人大代表、广东天龙油墨集团股份有限公司董事长冯毅说,目前,大豆"
2007,大豆油墨:未来环保油墨的主角--《中国包装》,大豆油 普通油墨 植物油脂 油基油墨 印刷油墨 环保型 胶印油墨 彩色印刷 环保性 应用范围,"植物油墨即植物油基油墨,它使用植物油脂作为连接料,目前研发和应用的连接料主要有碱炼大豆油、菜籽油、棉籽油、葵花籽油、红花籽油和CanoIa油等,其中最常用的是大豆油墨(Soy ink或称Vegetable ink)。大豆油墨是由食用黄豆油(或者其它干性或半干性植物油脂)与颜料、树脂、腊质等混合而成的。大豆油墨将是未来环保油墨的最佳选择之一,其发展前景非"
2016,大豆油墨面面观--《印刷技术》,大豆油墨;印刷油墨;胶印油墨;溶剂型油墨;印品;美国报业协会;单张纸;连结料;植物油脂;脱墨;,"近年来,环保与健康已成为全球瞩目的问题。由于报纸、杂志等印刷品和生活息息相关,使得印刷油墨的环保问题倍受关注,环保型大豆油墨的研究和应用也越来越多地得到人们的重视。大豆油墨是指将大豆油轻度提纯后,与色素,填料和树脂等添加剂混合得到的一种胶印油墨,其替代传统石油,减少了化石原料有机物质的挥发,减轻了对环境的污染,符合"
2015,大豆油墨的油墨转移率研究分析--《印刷技术》,大豆油墨;油墨转移;胶印油墨;墨层厚度;印刷适性仪;确保操作;石油资源;光泽度;印刷压力;印刷品质量;,"大豆油属于可食用油,分解后可完全融入自然环境。在各种配方的植物油油墨中,大豆油墨是真正意义上的可应用的环保型油墨。大豆油墨不污染空气,减少了对日益匮乏的石油资源的依赖,是生物可降解的油墨产品,能确保操作人员和消费者的健康。目前,大豆油墨的普及推广很快,在欧洲、日本、韩国等国家和地区先后得到广泛应用,很多对环保要求较高的产品也趋向于使用大豆油墨进行印刷。而大豆油墨在我国的应"
2010,低碳经济下大豆油墨的现状及发展--《印刷质量与标准化》,大豆油 油基油墨 环保型 印刷适性 低碳 环保特性 植物油 脂肪酸 印刷行业 经济的,"低碳经济是当今时代的热点话题,使用环保型的油墨,杜绝VOC的排放以缓解各种环保问题也是当前各国亟待解决的环保课题。本文主要介绍了大豆油墨的发展及应用情况,通过了解其发展历史、性能特点,分析其印刷适性,进一步拓宽了对大豆油墨的认识,并对其在国内的推广提出了一些可供参考的建议。"
2007,前景看好的大豆油墨--《印刷世界》,大豆油 印刷油墨 印刷品 印刷生产过程 环保性 生产流程 污染来源 有害物质 安全问题 不利因素,"我们的生活离不开五光十色的各类印刷品,随着生活水平的不断提高,人们对印刷品的环保性以及对人体无危害性的要求日趋严格。国际上对印刷品中含有的有害物质均有限制,印刷制品安全问题可能成为阻碍我国出口发展的不利因素之一。而从印刷品的生产流程来看,油墨是在整个印刷生产过程中最主要的污染来源。"
2006,选择大豆油墨  不得不说的理由--《中国印刷物资商情》,大豆油 油墨 印刷适性 应用现状 环保型 环保效果 再生纸 石油价格 印刷适应性 特点,"大豆油墨并非因为采用了大豆油就贴上了绿色的标签,而是根据油墨各个组分综合考虑,从而实现整体上的环保效果。"
2018,大豆油墨渐成主流  全球印刷业迈进绿色时代--《环境与生活》,大豆油墨 绿色印刷 绿色发展 绿色时代 股份有限公司 主流 天龙 印刷产品 印刷品 建议书,"在今年全国两会上,新当选的全国人大代表、广东天龙油墨集团股份有限公司董事长冯毅,带来了一份有关在印刷行业推广使用环保型印刷材料,推动行业绿色发展的建议书,显示出我国印刷行业对绿色印刷理念的关注。事实上,自上世纪80年代以来,绿色印刷已逐渐成为全球印刷业发展的主流,我国如今也快速融入这一印刷业绿色发展的大潮中。"
2013,绿色印刷加速器——环保植物油墨--《网印工业》,大豆油 胶印油墨 植物油脂 环保植物 印刷企业 挥发性有机化合物 挥发性有机污染物 绿色环保型 绿色化 油基油墨,"近年来,随着绿色环保印刷的呼声日益高涨,各个印刷企业都在实施绿色环保措施。油墨作为印刷行业的主要耗材,其绿色环保受到人们的密切关注。尤其挥发性有机污染物(VOC)减排与控制技术创新联盟的成立对油墨的绿色技术提出更高的要求。而环保植物油墨(大豆油墨)作为环保油墨中的佼佼者它不仅绿色环保,还加速了我国印刷行业绿色化前进的步伐。"
2009,大豆油墨印刷适性问题的探讨--《今日印刷》,大豆油 油墨印刷适性 豆油基油墨 矿物油 印刷速度 连接料 干燥速度 普通油墨 干燥剂 绿色环保,"印刷业应如何减少挥发性有机溶剂的含量?如何让印刷成品在使用完后更容易自然降解?如何跟上国际环保标准并消除与其接轨的障碍?……在诸多亟待解决的课题的推动下,大豆油墨作为新型环保油墨日后必将成为主流。大豆油墨是指用自然环保的大豆油替换传统油墨石油系矿物油配方中的210%～50%,从而使油墨中的VOC含量由原来的30%～60%降低到5%～15%,而其他成分和普通油墨的主要成分大致相同,也分颜料、连结料、矿物油,助剂等。大豆油墨具有绿色环保性能良好、耐摩擦和耐热性好、脱墨再生性好、着墨性好、综"
2005,环保型大豆油墨的研制--《浙江大学》,大豆油 油墨 胶印 环保,在传统油墨中一般含有3060的石油系矿物油属有机溶剂含芳烃当印刷时油墨的干燥需要挥发这些矿物油会释放出大量有机溶剂造成严重的大气污染全球每年因油墨引起的有机挥发物VOCVollitileOrganicChemicals污染排放量已达几十万吨这些有机挥发物可以形成比二氧化碳更严重的温室效应而且在阳光的照射下会形成氧化物和光化学烟雾严重污染大气环境对于印刷工人由于长期处于高浓度的VOC中会对人体特别是神经系统造成极大损害因此如何减少油墨中VOC的含量成为各国治理环境的重中之重现在各国也都开始陆续制定严格的法令法规以限制有机溶剂的使用和排放大豆油墨是将传统油墨配方中2050的的矿物油替代为自然环保的大豆油从而使油墨中的VOC含量由原来的3060降低到515因此在环保呼声的推动下大豆油墨必将成为今后胶印印刷用油墨的主流尽管大豆油墨具有很好的环保前景但由于大豆油自身的特点给大豆油墨的开发带来一定的难度其主要的难点在于①大豆油墨的干燥性问题②调整大豆油墨墨性使其接近甚至超过传统油墨大豆油中只有9双键含量较多的亚麻酸而双键含量较少的硬脂酸油酸和亚油酸却占到了近80与其相比传统的亚麻油中亚麻酸含量在52以上亚油酸等双键较少的植物油酸只占了30左右因此大豆油由于含有的较少的可反应双键与空气中的氧气反应相对缓慢使制造出的大豆油墨出现干燥不良会给印刷带来如粘脏附着力差等许多问题也使油墨的可印刷性和印刷效率大大降低同时由于大豆油替代了传统油墨配方中的部分矿物油打破了传统油墨的墨性平衡使大豆油墨在流动性水墨平衡等方面都与传统油墨有一定的差距这就需要通过全新的油墨配方将其重新达到平衡使大豆油墨能在印刷中得到接近传统油墨甚至更好的表现对于油墨来说影响其干燥性的不只是植物油还有树脂矿物油连接料制造工艺等因素也会很大程度上影响油墨的干燥性所以尽管大豆油自身在干燥性方面存在不足但完全可以通过树脂的选择和调整连接料的配方改进连接料制造的工艺以及油墨配方的合理配比来克服大豆油的干燥性问题依据以上思路本文着重针对树脂的选择连接料配方和工艺的调整以及油墨配方的合配比展开研究工作
2010,环保大豆油墨的研究--《东北农业大学》,环保 大豆油 平版胶印 油墨,传统油墨是由颜料包括有色颜料和填充料连结料矿物油助剂等物质组成其中连接料占整个油墨组成的80以上传统连接料的生产制造过程中用到了大量石油系矿物油如苯环芳烃等使油墨中包含大量有毒性挥发物VOCVolatileOrganicChemical无论对生产工人的健康产品使用者的健康自然环境等都将带来严重隐患所谓大豆油油墨是指用大豆油置换油墨中部分石油系矿物油的环保油墨其颜料与树脂成份和普通油墨一样由于大豆油大量的替代了具有挥发型的石油系溶剂而本身又为绿色的天然植物油所以对造成大气污染因素的挥发性有机化合物VOC具有抑制作用同时其化学诱导物为非毒性而极有利印刷业环境与健康安全中的自然降解问题开发环保油墨重点是解决油墨中含VOC物质的替换问题而传统油墨中大部分含VOC的物质又都包含在连接料的生产过程中所以研制新型油墨连接料是解决开发环保油墨的根本大豆油墨是将传统油墨配方中2050的矿物油替代为自然环保的大豆油从而使油墨中的VOC含量由原来的3555降低到515达到环保要求通过一定方法改变大豆油各种理化性质使其与连接料相似或接近从而达到替代目的用替代后的连接料生产出的油墨产品首先在基本墨性指标上需达到传统油墨要求另外需要在环保指标VOC和重金属含量上大幅降低本课题第一阶段深入研究了大豆油的热聚合反应确定了最佳工艺参数加热温度为332加热时间为106min压力为6MPa催化剂添加量为5同时得出因子贡献率为催化剂添加量压力加热温度加热时间本课题第二阶段重点研究油墨配方的筛选和优化最终油墨配方为改性大豆油45松香改性酚醛树脂20溶纤剂39炭黑颜料2275石蜡45其它助剂375总计为999实验误差允许范围内确定最优配方后制得产品对产品进行9项传统油墨质量性能指标测试和两项特色环保指标检测质量性能指标测试结果基本合格环保指标检测结果为环保油墨VOC含量低于100mgg而普通油墨VOC含量仅低于500mgg环保油墨比普通油墨VOC含量降低了40左右本产品铅贡砷铬镉锑硒钡八大重金属平均含量约为65mgkg而普通油墨产品铅贡砷铬镉锑硒钡八大重金属平均含量约为175mgkg本产品重金属含量明显降低
2019,浅析环保油墨--《印刷杂志》,油墨转移性能 黏度 黏性 流动性,"油墨作为呈色物,是印刷的基本要素之一,必不可少。然而,使用传统溶剂型油墨是导致印刷企业产生大气污染、水污染的主要因素,还可能会因为油墨渗透至产品等状况直接对人体(消费者)健康产生影响。对于印刷从业者而言,传统油墨在使用过程中挥发出VOCs等有害物质,高浓度VOCs会对人体神经系统造成损害。由于传统油墨存在影响人体健康、污染环境等问题,不符合环保要求,所以正逐渐被绿色环保油墨所取代。本文对几种常见环保油墨的特性进行分析后,"
2019,浅谈印刷包装行业在绿色低碳方面的研究发展--《今日印刷》,印刷包装行业;单张纸胶印机;绿色低碳;,"近年来,印刷业越来越关注绿色、低碳经济的发展。印刷产业虽不是能源多的消费产业,但因为使用能源,所以对地球变暖产生着影响。并且因为大量使用纸张、塑料薄膜等承印物,实质上对于环保的影响也很大。印刷产业使用的电力、燃料和因造原料而产生的二氧化碳,已经被加进环保重点观察对象之列。印刷包装与经济可持续发展、环境保护之间紧密联系、相辅相成、互相促进发展。"
2018,爱克发环保产品:创造无限商机——香港绿艺(海外)制作公司使用经验分享--《印刷经理人》,爱克发;大豆油墨;印刷行业;制版系统;印刷机;CTP;废水处理设备;,"6月29日,爱克发印艺亚州与香港印艺学会联合举办了爱克发Eco3解决方案交流会首发站——香港站活动,吸引了来自全国各地的印刷同仁。与会嘉宾反响热烈,深表大获启迪。会上,香港印艺学会主席、绿艺(海外)制作总经理蔡荣照先生首先分享了绿艺公司的发展历程。绿艺(海外)制作公司成立于上世纪八十年代,一直从事印刷行业至今,已经有超过三十年的历史。公司发展初期还没有CTP制版,使用的是""传统菲林+PS版"
2018,壳聚糖/大豆油/栀子黄可食性抗菌油墨的制备及性能测定--《现代化工》,抗菌油墨 可食性油墨 壳聚糖 大豆油 栀子黄,"为满足印刷工人和产品使用者的安全,采用天然可食性材质大豆油、壳聚糖、栀子黄、黄原胶、葡萄糖等为原料,保持水油质量比为2∶1,分别将水基、油基、壳聚糖稀酸溶液混合搅拌制得可食性抗菌油墨。在不同质量分数的黄原胶、壳聚糖、栀子黄条件下对油墨进行测定与分析。结果表明,黄原胶与壳聚糖共同影响着油墨的黏度,而黄原胶对油墨黏度影响更为显著;黄原胶对油墨初干性及界面张力起决定性作用,而壳聚糖对其影响则较小;同时,随着壳聚糖用量增加,抗菌效果也不断增强,当壳聚糖的质量分数为0.4%时,对大肠杆菌和金黄色葡萄球菌的抗菌率达91%;当栀子黄色素的质量分数为0.4%时,印品色差相对于标准黄墨最小。因此,该油墨适合食品、药品等纸质包装印刷,具有很好的应用前景。"
2018,绿色印刷及应用研究进展--《包装工程》,绿色印刷 印刷材料 进展,"目的探讨印刷的发展趋势,为绿色印刷的开发和应用提供理论依据。方法综述当前中国绿色印刷的发展状况、重要性,以及绿色印刷在包装和其他方面的应用。同时对印刷的发展前景进行展望。结论随着现代科技的发展,资源消耗不断,环境问题日益显现。人们对健康良好的生活环境给予了高度重视,绿色印刷关系着未来发展的长远利益。为了建立环境友好型社会,绿色印刷必不可少。绿色印刷是当今时代印刷发展的方向。"
2017,四种环保油墨的应用现状--《广东印刷》,环保油墨 绿色印刷 印刷领域 水性油墨 大豆油墨 凹印油墨 改性松香树脂 溶剂油 颜料颗粒 印刷油墨,"随着经济的发展,人们在改善生产、生活条件的同时,也对产品的包装印刷有了更高的要求,近年来,""环保印刷""、""绿色印刷""已经得到了政府和社会的高度重视,在包装印刷领域,环保油墨的使用比例越来越高,烟酒包装、食品药品包装、化妆品包装、儿童玩具的包装都已经在采用环保油墨进行印刷,环保油墨的应用范围越来越广泛。"
2017,聚合大豆油生产工艺探索--《山东化工》,聚合大豆油 环氧值 酸值 正交试验,"对聚合大豆油合成工艺进行了优化。考察了环化温度、环化时间对产物的黏度、酸价、色泽等因素的考察,通过正交试验,确定聚合大豆油合成的最佳工艺条件:聚合大豆油环氧化温度80℃,环氧化时间5h,催化剂Li_2O添加2%)进行实验验证,得出聚合油的指标为:黏度26500c P,色泽9,酸价11.15mg KOH/油。产品的外观及色泽均能满足国标要求。"
2017,低碳驱动高端环保油墨将成为包装印刷市场的新贵--《网印工业》,包装废弃物;光引发剂;连结料;二次污染;活性稀释剂;墨层;紫外光固化;丝网印刷;印刷适性;上光油;,"众所周知,采用环保的原材料用于油墨的制造,在油墨的生产和印刷过程中几乎不发生污染,对人类生产和生活的环境几乎不构成任何危害。其环保特性主要表现在降低油墨中的有害成分,包括降低芳香烃类、酮类的含量,降低重金属的含量,降低其他对人体有害的成分等;降低油墨在生产和使用过程中对操作人员和环境的危害,改善生产环境;有利于包装废弃物的回收与处理,不出现""二次污染""等情况。"
2017,环保新常态  印刷耗材需再加力--《中国印刷》,环保管理;印刷耗材;绿色印刷;社会环保意识;提升环;环保监管;企业合作;环保水平;印刷生产;环境压力;,"近年来越来越严峻的环境压力,促进了全社会环保意识的迅速提高。印刷行业的环保管理也拉满了弓,加满了力,将环保置于管理的首要位置。从环保角度来看印刷环保,印刷业只有采用环保材料减少排放才是主动提升环保强度,适应环保要求的根本性办法。为子孙后代留下青山绿水"",是每一个企业都必须履行的社会责任。近年来越来越严峻的环境压力,特别是来势汹汹的雾霾,促进了"
2017,免酒精润版液之我见--《印刷杂志》,免酒精 润湿性 绿色印刷 特点,"在绿色经济的大背景下,越来越多的印刷材料供应商加入到绿色环保阵营中,大豆油墨、免酒精润版液、免处理CTP版材等绿色印刷材料纷纷涌现。免酒精润版液为环保型印刷材料之一,是指用其他无毒化学成分替代润版液中的酒精或异丙醇以及酒精浓度较低(5%或5%以下)的润版液。"
2018,YH印刷公司产品差异化竞争策略选择及改进研究--《陕西师范大学》,YH印刷公司 产品差异化 竞争策略 五力模型 PEST分析,印刷业是我国文化产业的重要组成部分是我国国民经济的重要产业部门伴随着我国经济进入新常态和大经济环境的变化以及同质化竞争严重环保形式严峻各种成本上升中低档生产能力过剩产业结构不合理以及新技术层出不穷印刷业也告别了30多年的快速发展生存压力急剧加大因此如何改革创新走产品差异化发展道路已经成为了摆在印刷企业面前的必然选择基于此本文将以YH印刷公司为例深入研究该公司产品差异化的竞争策略的选择及改进问题具有重要的意义本文采用了理论结合实际的研究方法首先梳理了国内外相关文献找出了现有研究的不足以及本文研究的切入点并对产品差异化竞争策略产品差异化竞争策略等核心概念进行了界定并基于波特五力分析模型PEST分析方法和SWOT分析模型对企业产品差异化竞争策略的分析工具进行了介绍其次运用波特五力分析模型PEST分析方法和SWOT分析模型对YH印刷公司选择产品差异化竞争策略的依据及进入阻止策略的选择进行深入分析并设计了该企业产品差异化竞争策略的具体实施方案具体包括功能差异化质量差异化风格差异化再次对YH印刷公司产品差异化竞争策略的实施措施进行介绍并对实施产品差异化竞争策略的效果进行了评价对实施过程中存在的问题进行查找发现存在的主要问题是产品差异化阻止策略阻止能力不强设备数字化程度不够差异化产品缺乏核心竞争力导致这些问题的原因主要是资金设备投入力度不足产品容易被模仿客户服务不足最后针对上述问题的原因分析提出了进一步改进YH印刷公司产品差异化竞争策略的措施及保障即改进措施主要是引进更新新型设备以提高印刷产品数字化水平加大投资去生产绿色环保印刷制品优化产品营销渠道以强化企业服务能力等基础保障工作主要是精准定位降低成本争取资金引进人才等本文的创新之处是选择同质化竞争激烈的印刷行业为研究对象从实际案例出发运用理论与实证相结合的方法对YH印刷公司实行产品差异化进入阻止策略进行分析论证并通过市场反馈对结论加以完善
2017,卡欣公司绿色营销策略研究--《东华大学》,空气污染 卡欣油墨 传统溶剂型油墨 绿色营销 绿色水性油墨,近年来由于灰尘二氧化硫氮氧化合物等有机碳氢化合物等大量粒子悬在空气中使天空灰暗能见度在有些地区仅有几十米目前这种大气污染已经十分恶劣这种自然环境的恶劣情况已经受到国内和国际的极大关注卡欣油墨公司属于化工油墨行业主营金银等传统溶剂型油墨传统溶剂型油墨由于特有的化学性质对环境造成一定的污染这些传统型油墨中的溶剂挥发造成对大气的污染这种由油墨引发的污染引起了行业的广泛关注为了减少油墨对大气的污染卡欣油墨公司最近新推出绿色环保的水性金墨银墨这种新产品属于绿色环保产品需要新的绿色环保营销新思路进行推广和销售本文以卡欣油墨公司实施绿色营销为案例背景收集大量资料深入分析行业现状为我国的油墨行业引入绿色营销策略减少对大气的污染保护环境论文首先对绿色营销理论及相关理论进行学习研究和总结其次介绍行业情况介绍卡欣油墨公司实际经营状态以绿色营销为指导思想和理论基础对卡欣油墨公司的绿色营销策略加以研究采用问卷调查深度访谈等分析方法分析卡欣油墨公司绿色营销中发生的三大主要问题找出这三大问题产生的根源并针对这些主要问题提出合理的策略建议本文在绿色化的大框架下进行印刷油墨研发销售整个过程的绿色营销战略研究相信绿色营销的推广实施一定会减少对大气的污染一定会减少对人体健康的危害
2017,《齐物论》“万物齐一”思想在现代仿生包装造形设计中的运用研究--《武汉理工大学》,万物齐一 仿生包装 造形设计,大自然为人类的创作活动提供了极其丰富的灵感和资源而模仿自然的包装不仅避免了以往大机器化生产带来的冷漠与千篇一律更能满足人类向往自然的本性其中囊括了空间视觉设计要素的造形可谓是包装设计的重中之重然而想要利用好仿生的手法设计出有特色有内涵的包装造形还是要从设计的本质出发要对人与自然人与社会的关系进行更深层次的思考重新审视璀璨的中华文明会发现源远流长的道家思想为我们提供了丰富的思想源泉庄子内篇中的齐物论是道家文化中的精髓万物齐一的思想则是齐物论的核心庄子通过万物齐一的思想为人自然社会三者的相处指明了一条和谐发展的道路本文从设计师的视角重新审视庄子内篇齐物论中万物齐一的思想提炼出齐物我齐是非齐生死齐贵贱这四个核心思想本文重点研究和探索万物齐一思想在仿生包装造形设计上的运用分别从仿生包装造形的设计方法设计思维和设计理念这三个方面进行阐述在仿生包装造形的设计方法上齐是非的思想指导我们要秉承道法自然的方法遵循规律进行设计在仿生包装造形的设计思维上齐生死的思想指导我们要遵循辩证的思维注重造形形式之间的转换在仿生包装造形的设计理念上齐贵贱的思想指导我们要秉承人文关怀的理念提倡分众化设计齐物我的思想指导我们要秉承天人合一的理念提倡绿色环保设计本文运用了文献研究法跨学科交叉研究法个案分析法进行研究力求探索中国文化背景下独有的仿生包装设计方法思维与理念以此解决国内市场上仿生包装造形设计遇到的相关问题提升国内仿生包装造形的设计水平有效的发挥传统文化在当今社会中的价值也为以往缺乏系统性和专题性的仿生包装造形研究做出自己的贡献
2017,视觉传达设计中的低碳设计研究--《河南师范大学》,低碳设计 低碳理念 视觉传达设计,低碳设计是生态环保科学合理的设计它由绿色设计发展而来却又区别于绿色设计是绿色设计的升华如今低碳已经和人们生产生活的方方面面密不可分低碳理念成为各行各业的指导思想将其融入到视觉传达设计之中是设计行业的必然选择低碳设计是低碳理念对现代设计深刻影响的体现对人们生产生活和思维观念都将产生积极的推动作用视觉传达设计的设计观念在低碳理念的指导下由一切为人服务的以人为本自觉向以自然为本转变高调低碳从此成为时代发展的方针本论文的研究从低碳设计的起因和对低碳设计理念的阐述展开结合低碳设计的多个特征进行探讨研究低碳时代的视觉传达设计所包含的新范围及内容对视觉传达低碳设计方法进行探究从设计理念设计语言设计形态设计材料制作工艺五个方面具体分析从低碳包装设计低碳新媒体设计和低碳平面设计三个方面的实践对视觉传达设计中的低碳设计进行分析研究低碳设计是现代设计的潮流趋势视觉传达设计中的低碳设计研究将其作为研究主题融入实例把低碳设计的由来内涵及其特点进行了具体的探析概括归纳了低碳时代的视觉传达所包含的设计内容和设计依托的传统媒介及新型媒介并对低碳设计的相关知识进行梳理分析探究具体实践到视觉设计之中的理论和方法从视觉传达设计的角度出发将低碳设计贯穿始终并把生态理念设计方法具体实践等相关知识有组织的融入到本论文研究之中为促进视觉设计的低碳可持续发展提供帮助与参考
2007,包装印刷绿色化发展研究(下)——关于环保油墨、回收处理、循环经济、法制建设--《包装工程》,包装印刷 发展对策 环保油墨 回收处理 循环经济 法制建设,"绿色化发展是新世纪包装印刷的必由之路。着重研究了大力发展新型环保油墨,利用环保技术处理废气、废物,积极发展回收再生工艺,走循环经济发展模式,推行ISO14000环境认证;制定严格的环卫标准4个方面绿色化发展对策。最后指出了包装印刷的绿色化是一个系统工程,在如何全面发展我国包装印刷的绿色化等方面还有待于进一步探讨。"
2011,油墨废水处理研究进展--《广东化工》,油墨废水 废水处理 物化处理 生化处理,"近年来,我国油墨行业得到了飞速发展,油墨废水的排放量也相应地急剧增加,废水一旦进入水体,会对水环境造成严重的污染,严重威胁着人类的生产生活和自然界的生态平衡,对油墨废水的处理必不可少。简单介绍了油墨的种类和油墨废水的成分,综述了近年来国内外关于油墨废水处理技术的研究现状,并展望了未来发展方向。"
2012,绿色印刷实践与探索--《质量与标准化》,绿色印刷 实践 标准化,"印刷与人类的生活密不可分,绿色印刷对绿色生活的保障具有重要的作用。本文在分析和探讨印刷行业面临的主要污染问题和能耗问题的基础上,试图找到相对应的解决思路和办法,从印刷制造绿色标准化之路来降低环境污染,保护我们生存的环境。"
2013,在绿色设计理念指导下的食品包装设计研究--《湖南师范大学》,绿色设计理念 食品包装 可持续性 环保,现代科学技术的革新既给社会生产力带来了突飞猛进的发展为人类创造了巨大的物质财富又对生态环境造成了前所未有的破坏一场绿色革命浪潮正在席卷全球将绿色设计理念运用于食品包装设计中是顺应世界绿色文明发展的趋势将对人类及其居住环境起到重要作用本文以绿色设计理念为引线了解认知运用绿色包装设计的理念对食品包装的材料结构以及视觉元素进行适度健康可回收的绿色效能研究以绿色设计理念为指导的绿色食品包装主要是探究包装的可持续性即保护生态环境的效率提高包装生态环境的协调性减轻包装对环境产生的负荷与冲击力具体地说就是节省材料减少废弃物节省资源和能源易于回收利用和再循环包装材料能自行分解不污染环境不造成公害食品包装可持续性的意义主要在于加强对包装生产的管理和包装废弃物的回收处理目前世界公认包装的三种作用变得越来越明显即包装在经济发展中的中心性包装的环境保护责任性和致力于改善人类生存条件的技术创新性绿色包装的目标就是要以保存最大限度的自然资源形成最小数量的废弃物和最低限度的环境污染本文在探究绿色理念的过程中深刻感受到绿色包装设计已经不仅仅是一句时髦的口号而是切切实实关系到每一个人切身利益的事情当今世界各国进入市场的商品中已经有众多利用高科技手段完成的绿色包装设计成果出现如无菌纸盒包装可降解塑料包装可食用包装材料有机生物包装材料等食品包装设计由豪华向节俭由污染向环保着眼于人与自然的生态平衡关系还地球一个绿色的空间这已成为必然的发展趋势
2012,纸质食品包装的节能环保性设计应用研究--《北京交通大学》,纸 食品包装 装潢设计 结构设计 印刷 发展趋势,基于目前资源浪费和环境污染严重的情况节能环保性低碳等口号被相继提出作为艺术设计专业的学生我根据自己的专业通过调查分析资料查询文献阅读和资料整理确立了纸质食品包装的研究方向本文主要以纸质食品包装为研究对象从装潢设计结构设计和印刷等方面提出了纸质食品包装在设计应用过程中应当注意的几个方面并从以上三个方面提出了几点有利于节能环保的设计建议从设计的理念和新材料的应用两方面预测了未来纸质食品包装设计的发展趋势节能环保的食品包装设计是未来社会发展的必然趋势也符合时代发展的要求食品在日常生活中与人接触密切且应用广泛食品包装造成的垃圾污染问题不容忽视食品安全更是关系到人类健康的重要问题不管是从环境的角度还是人类健康的角度节能环保的食品包装设计都非常必要
2013,中国食品包装可持续性设计研究--《南京师范大学》,食品包装 可持续性设计 设计理念 设计策略 包装设计,20世纪末到如今人类所赖以生存的自然社会以及人类本身的发展都面临了前所未有的挑战为了迎接和克服这些挑战人们开始寻找一种建立在环境和自然资源可承受基础上的长期发展模式可持续性设计就是其中之一可持续设计在不同的国家有不同的认识和战略措施不仅在发达国家得以广泛地应用在发展中国家也正在得到不断提升的重视本文以可持续设计的理论为基础分析了可持续设计的概念及其发展脉络意义和内涵从可持续设计的视角通过对中国食品包装所存在的安全性过度消耗资源能源回收率低等问题的分析提出了包装材料的选择包装设计的策略包装废弃物的回收包装企业的管理这四个方面的设计途径本文分为七个部分第一部分为绪论介绍选题的背景及意义总结归纳了食品包装的相关概念及其评价体系以及中国食品包装设计中存在的可持续问题第二部分针对存在的可持续问题提出了选择安全环境友好型包装材料的方法第三部分为可持续包装设计过程提供减量化设计一体化设计重用设计耐用设计拆卸设计等多种切实可行的设计策略第四部分介绍了如何推进材料的回收污染的减少和资源能源的节约第五部分探讨了企业如何从宏观的角度掌握资源能源的分配从而达到企业整体的可持续性转变第六部分从系统化的角度以可口可乐公司在可持续发展道路上所采取的全面性方案与措施为例为中国的企业提供可参考的资料
2013,中国绿色印刷产业发展战略研究--《北京印刷学院》,绿色印刷 印刷产业链 绿色印刷产业 绿色印刷产业链 产业转型与产业升级,本文以中国印刷产业绿色化发展为背景主要探讨如何实现中国绿色印刷产业发展战略文章以什么是绿为什么绿能不能绿绿到了什么程度存在哪些问题怎样绿的更好为主线研究内容共分为6个部分从第2部分开始依次回答主线当中的五个问题第2部分基本概念与基本理论通过介绍绿色印刷印刷产业链绿色印刷产业和绿色印刷产业链这些主要概念来回答什么事绿第3部分中国印刷产业绿色化发展动因与可行性分析基于印刷产业链的上中下游各个环节进行分析进而提出发展绿色印刷的必要性从国家行业协会以及企业自身三个层次出发分析发展绿色印刷的能动因素以及可行性主要回答了为什么绿能不能绿第4部分国内外印刷业绿色化发展情况分析主要对国内外开展绿色印刷的情况进行分析对比国内外的绿色印刷发展的各个方面主要回答了绿到了什么程度第5部分中国绿色印刷产业发展存在问题分析通过国内外比较以及中国印刷产业的实际情况列出存在的问题寻找原因主要回答了存在哪些问题第6部分推进中国绿色印刷产业发展的战略举措针对主要问题进行战略规划提出战略执行思路主要回答了怎样绿的更好在研究方法方面主要运用实证调研和规范分析相结合定性研究与定量研究兼顾采用比较逻辑分析等战略管理方法统摄全过程研究具体研究方法主要有文献资料分析法实证调研法重点访谈法模型分析法量化分析法等
2008,品牌专业超市中绿色包装的设计研究--《同济大学》,品牌专业超市 全球供应链 绿色包装设计 创新设计流程,工业经济的飞速发展所带来的日益严重的环境问题使全世界将话题转向了绿色设计跨国企业要想发展全球化的贸易成为同类行业中永远的领军者也必须正确面对绿色设计在包装领域绿色包装设计已经成为了必然的发展趋势本文即是在这样的全球绿色浪潮的背景中在跨国企业品牌专业超市的环境下通过理论的研究案例的分析和实践的结合针对绿色包装设计进行研究与探索本文从品牌专业超市的产生背景及其特点出发结合绿色包装设计的一般原则提出了建立于跨国企业全球供应链上的绿色包装设计理念即兼顾绿色环境绿色经济和绿色人文三方面的绿色包装设计随之笔者通过对相关人群的行为观察与分析总结品牌专业超市对包装设计的具体要求并应用之前提出的绿色包装设计理念来指导研究品牌专业超市环境中的绿色包装设计的方法包括降低包装成本优化包装结构选用绿色材料延续包装功能及包装装潢的人文化设计等此外笔者还通过自身在迪卡侬集团总部的实习经历结合大量的实际案例并采集真实数据来论证绿色包装设计方法的正确性在品牌专业超市中实施的可行性及其在经济效益和社会贡献上的意义最后笔者通过引入跨国企业的创新设计流程来实践品牌专业超市环境中的绿色包装设计中国在飞速发展中国的企业也一定会走向世界建立自己的国际品牌绿色包装是包装设计必然的发展趋势不仅对环境具有积极影响也为企业发展带来获益而科学的创新流程则是企业发展的核心动力希望本文建立于跨国企业全球供应链的绿色包装设计及其创新流程能为中国企业国际化绿色化的创新设计之路提供借鉴意义
2015,实行绿色包装设计的探究--《河北师范大学》,绿色包装 过度包装 包装设计 物流,绿色包装设计作为一种新的设计思想与方法已经引起了世界各国的广泛认可和重视同时带动了绿色包装产品循环周期内各个阶段对自然环境的关注形成了以绿色包装产品设计为龙头的绿色包装工程我国于1998年颁布了包装资源回收利用暂行管理办法规定了废弃物的处理专家呼吁要尽快建立和完善资源回收利用法对实现我国的可持续发展战略具有重要意义不能忘记在宇宙的整体环境中地球是被大气层包装着的这是个十分有意义的包装中国是发展中的大国但资源人均占有率还很低环境保护任重道远因此绿色环保包装设计作为一个策略提出来是十分必要和迫切的它将促使我国艺术设计和包装产业更好更快地向人性化生存方向发展改善生态环境已成为人们的共识在食品药品包装的设计和商品流通领域中如何推行绿色低碳环保的包装是改善生态环境的重要课题之一现在已经有很多公司开始研制开发对人的健康环境保护有益的包装材料和生产工艺在设计阶段对包装产品的要求进行充分的市场调研和技术分析如产品在生产使用废弃回收再生产过程中对人的健康损害范围程度对污染源采取控制和消除的设计措施等包装材料是设计的物流媒体尤其是生活用品包装诸如食品服装领域内使用的包装材料同人接触的部分及使用方式中的粉尘附着物残留的化学物以及气体的弥散对人的健康影响很难测定并作危情防范但设计师的环保意识促使其在设计阶段选择的材料要具有无毒性无污染可回收利用可降解合理地设计包装结构从功能耗材及印刷工艺上使包装产品实现最大限度的减量化避免包装结构层次体积的繁复叠加出现过度包装浮夸包装现象以无功用玄奥的装置误导消费者绿色包装设计将致力于环境保护策略的实施建立新的方法和设计理念来规范包装产品在其循环周期内每一个阶段对环境产生的负面影响包装设计人员应该尽量采用绿色的包装材料来设计包装盒这样可以减少包装丢弃之后对周围环境产生的污染包装要减量在外国超市是建议消费者使用尼龙购物袋少用一次性塑料袋在包装中使用的材料尽量减少尽可能消除不必要的包装提倡简朴包装以节省资源包装材料要单一采用的材料尽量单纯不要混入异种材料以便于回收利用包装设计可以拆卸需要复合材料结构形式的包装应设计成可拆卸式结构有利于拆卸后回收利用重视包装材料的再利用采用可回收复用和再循环使用的包装提高包装物的生命周期从而减少包装废弃物在科学技术不断发展的今天研究用于包装的更为绿色低碳环保材料依然成为一个主要课题现代新型包装材料的生产加工已经形成了一个新的工业门类绿色包装材料已经在原有的纸材木材草编竹藤等基础上对其用新技术再次深度加工使之形成既具有原始材料包装的很多特点又具有比那些不环保的化学合成材料更抗压防水防潮防腐以及自身轻便性可循环使用性规模化生产的可行性等诸多优点更重要的是它的经济性和绿色低碳环保国际上食品药品的包装也在采用绿色环保材料盛行的包装以高阻隔塑料包装为主在一些发达的国家里无论是超级市场还是商场大多以高阻隔塑料包装为主除了PEPETPAEVOH的复合材料外PVDC具有优秀的耐油性保味性防潮性及防霉性等机能2004年以来PVDC的涂抹技术的兴起为高阻隔软包装膜带来新的进展在欧洲和美国软包装的粘合剂已经逐渐的转向水性或者无溶解性产品而醇溶油墨取代甲苯油墨也在欧美日本甚至韩国成为主要的趋势我国有关国家标准对过度包装提出了相应要求国家标准限制商品过度包装要求食品和化妆品2010年4月1日起颁布实施但效果并不明显目前仍就对乳制品食用油调味品及休闲食品等各类日常食品包装缺乏一定的标准指引有的食品医药企业私自加大包装盒尺寸增强视觉效果对资源环境造成负面影响同时也增加了包装成本还加重了消费者的负担这突出表现在保健品包装上我国通过行政手段应对白色污染限制薄膜塑料袋的广泛使用商场超市蔬菜市场纷纷响应推广使用可降解塑料薄膜在一定程度上抑制了白色污染
2005,无水胶印油墨印刷适性机理的研究--《西安理工大学》,无水胶印油墨 印刷适性参数 抽样调查 故障排除,本文利用抽样调查和数理统计的原理深入分析了无水胶印油墨的印刷适性参数如油墨的比重粘度细度等为解决无水胶印油墨在印刷中出现的一些故障提供了相关的理论依据该理论与实际结合通过制作测试条在标准的印刷条件下进行印刷对无水胶印的印刷质量和油墨的印刷适性参数如实地密度相对反差网点扩大油墨的色强度色效率饱和度等相关参数进行测定得到了有参考价值的参数对生产实践有很大的指导意义从而为在我国推广普及无水胶印提供了合理的依据
2015,低碳环保理念在食品包装设计中的应用研究--《吉林建筑大学》,低碳 环保 食品包装 设计创新,本课题主要研究在低碳环保理念指导下食品包装该如何进行设计实践如何通过设计实践来改善食品包装垃圾对环境造成的损害当代社会由于人们不健康的消费理念导致食品包装废弃物越发繁多许多食品包装废弃物无法回收处理再利用堆积如山的包装废弃物被焚烧或填埋焚烧产生的废气对大气产生污染空气中的悬浮颗粒对人体健康造成很大危害现在很多地区的大气环境质量都超过了PM25的指数标准作为当今的包装设计师在为人而设计的同时更应该为保护环境而设计通过包装设计将低碳环保理念付诸实践我们国家现在也在大力推广低碳环保理念并将其践行到经济发展中中国将把推动发展的着力点转到提高质量和效益上来下大力气推进绿色发展循环发展低碳发展国家主席在博鳌亚洲论坛2013年年会中提到国家总理在2015年十二届全国人民代表大会第三次会议开幕式上做的政府工作报告的指示加快转变经济发展的同时实现有质量有效益可持续的发展推动绿色消费国家大力提倡低碳环保来应对越来越严重的自然环境危机在环境污染越来越严重自然资源越来越匮乏全球气候不断变暖的今天低碳环保不仅仅是一个口号而是每一个人在践行的承诺本课题主要研究与人息息相关的食品包装并对低碳环保理念如何运用于食品包装设计做了分析研究首先对当前的食品包装设计进行了调研分析现在的食品包装在材料方面使用多是纸塑料金属玻璃以及特殊材料等这些包装材料在可降解可再生低能耗少污染方面并不能尽善尽美包装印刷方面使用的颜料溶剂黏合剂存在安全卫生方面的隐患容器结构与造型方面一味追求包装效果设计出很多结构复杂浪费材料的包装设计方案浪费了大量自然资源在装潢设计方面有些食品包装色彩繁复图形偏离主题广告语运用不当绿色标识混淆影响包装废弃物的回收与再利用本研究在包装设计实践中将低碳环保理念的原则注入到食品包装设计中从包装选材印刷容器结构到装潢设计一一进行分析设计出人性化科学化环保化的食品包装不仅通过低碳环保理念指导设计实践还通过设计作品传播低碳环保的理念使得低碳环保理念深入人心实现共赢低碳环保设计先行我们的生活是有设计构成生存空间的所有东西都是设计构成低碳环保理念相融入到每个人的意识里就要首先融入到生活中潜移默化的影响每个人融入到生活中的方式就是将低碳环保理念注入到设计中低碳环保是指每个人在生活中将碳排放量控制到最低因此需要每个人的努力低碳环保理念的最大效益是实现人类与环境的和谐发展未来低碳环保是世界的主流低碳环保食品包装将是包装领域的佼佼者低碳包装将会引领包装领域的新潮流
2008,大豆油胶印油墨印刷适性的研究--《西安理工大学》,大豆油 胶印 油墨 VOC 环保,大豆油墨采用大豆油替代了传统油墨中的石油溶剂使VOC有机挥发物含量从3060降低到15以下大大减少了对环境的污染且利于人身健康具有很好的理论研究意义和应用价值由于大豆油属半干性油用大豆油替代传统油墨中的石油溶剂时存在油墨干性差水墨平衡难控制等问题本文从树脂的选择连结料配方和工艺的调整以及油墨配方的调整等方面展开大豆油胶印油墨的研究工作重点分析了研制的大豆油胶印油墨的印刷适性得到了符合印刷要求的大豆油胶印油墨主要研究内容和结果如下1进行了大豆油胶印油墨连结料的研制解决大豆油干性慢的缺点2通过对干性及印刷适性等的实验确定了四色油墨的配方克服了大豆油油墨干燥固着较慢等印刷适性问题研制成功了具有良好的水墨平衡性上机稳定性的大豆油胶印油墨3本油墨不含石油溶剂VOC含量小于2重金属含量小于2mgkg远远低于相关标准大豆油含量超过油墨组分含量的30符合美国大豆油协会的认证标准4对研制的大豆油胶印油墨耐有机溶剂耐酸耐碱等各种物化指标进行测试分析结果显示其物化指标优越
2008,大豆油胶印油墨连结料体系的研究与应用--《西安理工大学》,连结料 油墨 胶印 大豆油 环保,印刷产业对环保型印刷油墨的呼声越来越高引起了油墨制造者的密切关注随着全球环境问题的不断恶化环保法规也愈加严格令人瞩目的大豆油胶印油墨具有环保意义的产品正以高速发展的态势进入印刷材料市场大豆油胶印油墨以有利于环境保护及快固着高光泽印刷适性好印刷品质量高的优势逐步成为胶印领域的首选油墨尽管大豆油墨具有很好的环保前景但由于大豆油自身的特点给大豆油墨的开发带来一定的难度其主要的难点在于大豆油墨的干燥性问题大豆油碘值只有120141mgIg含有的较少的可反应双键与空气中的氧气反应相对缓慢制造出的油墨干燥不良给印刷带来如粘脏附着力差等许多问题也使油墨的可印刷性和印刷效率大大降低同时由于大豆油替代了传统油墨配方中的部分矿物油使得油墨的干性方式发生了根本性的改变传统油墨的渗透挥发氧化结膜的干燥方式在大豆油油墨中已经不再适用这就需要通过设计全新的油墨干燥体系使大豆油墨能在印刷中得到接近传统油墨甚至更好的表现基于以上考虑本论文着重针对连结料的材料选择连结料的配方连结料干燥体系等方面展开工作分析油墨干燥原理根据大豆油墨的定义大豆油墨与传统油墨的差异制订大豆油墨设计思路研究油墨连结料设计方案设计自主知识产权的连结料体系适用于各种胶印油墨筛选原材料对树脂大豆油凝胶剂干性调节剂干燥剂颜料等进行考察分析选用合适材料形成大豆油连结料制造工艺形成大豆油墨配方制成大豆油胶印油墨进行大豆油墨试印通过试印验证了该套连结料体系的干燥性能和印刷性能该连接料制成的大豆油胶印油墨中大豆油含量达到美国大豆产业协会关于大豆油墨的标准环保指标达到相关标准可以替代现有胶印传统油墨
2010,可食性油墨的研制及其性能的研究--《天津科技大学》,可食性油墨 黄原胶 粘度 大豆油 流变性能,可食性油墨是一种新型环保油墨它可直接印刷于食品药品等可食性基材表面无毒可食本文通过大量的资料查阅与分析确定可食性油墨的基本组成成分对可食性油墨的组成材料进行合理的选择通过大量的实验研制出可食性油墨并对该油墨的流变学及其他相关性能进行研究与分析研究结果表明以水色素黄原胶蔗糖大豆油为原料的可食性油墨体系性能稳定具有较好的粘度长时间存放油墨不分层该体系油墨黄原胶含量控制在体系总重的00505之间当黄原胶含量低于油墨总重的005时油墨不能很好的乳化当黄原胶含量高于油墨总重的05时油墨成为胶状体没有了流动性制备的油墨呈现非牛顿流体的特性其粘度随着剪切力增加而减小对制备油墨的触变性研究显示油墨呈现出很好的触变性触变环随着作用力时间和剪切速率的增加而改变另外该体系油墨具有较好的显色性对pH值变化十分稳定且当大豆油含量为油墨质量总重的33左右时蔗糖含量为28左右时成功实现了油墨在食品表面的印刷
2008,食品包装印刷技术及安全卫生性分析--《印刷质量与标准化》,食品包装印刷 安全卫生 环保油墨 发展趋势,"本文介绍了食品包装印刷的主要方式,着重阐述了适于食品包装印刷的一些环保型油墨及食品包装印刷领域一些新的绿色印刷技术,并从安全卫生的角度概括了印刷中需要注意的一些问题。"
1995,豆油基油墨概述--《印刷杂志》,油墨制造 植物油 豆油 环境保护," 80年代以来,环境问题已逐渐成为人们日益关注的课题。在印刷行业中,以石油为基础的石油基油墨,由于每年挥发性有机化合物的数量达数百万磅,造成严重的环境污染,早在数年之前就引起了争沦。为此,油墨生产者已开始不断研究“洁净油料”来代替石油。同时,波斯湾地区的危机和随即而产生的石油价格上涨,也给印刷油墨制造者提出了新的课题。即为石油基油墨寻找代用品。在这种压力下,豆油基油墨应运而生,而且已越来越多地得到社会的承认。"
2010,"绿色出版,你准备好了么?--《编辑之友》",纸质出版 绿色印刷 中国出版业 环保意识 出版产业 传统出版业 再生纸 数字化时代 出版理念 电子阅读器,"在全球已达成发展低碳经济共识之际,我国政府在哥本哈根会议上正式宣布,到2020年,单位国内生产总值二氧化碳排放将比2005年下降40%～45%。而出版业作为一个资源和能源消耗密集型产业,其经济发展模式必然面临由""高碳""向""低碳""的转型。同时,塑造绿色的出版产业也是提升我国公民环保意识、实现环境教育的重要途径。事实上,我国低碳出版的概念早已经开始践行:从最初号召全民读旧书、借书读、换书读等一系列""环保阅读""活动开始,至2008年,弘文馆出版的少儿环保读物《阿米》,就直接以""中国第一本由100%再生纸印刷的环保图书""为宣传卖点;张抗抗、杨红樱、李银河、冯永峰等作者签署了《作家爱森林宣言》,成为支持绿色出版的成员。2010年,""环保""成为与""孔子、上海、中国当代艺术""并列的年度英语出版界四大中国主题。然而,中国出版业开始步入绿色出版时代的道路仍然不清晰,绿色出版的概念并未普及,在""绿色""转型的面前,尚有不少问题和困惑。为此,我刊特邀已践行在绿色出版一线的出版发行集团、民营书业代表、媒介观察员与相关学者,同我们共同探讨绿色出版可能面临的问题以及我们应如何顺应潮流,切实有所作为。"
2002,油墨新成员——大豆油墨--《印刷世界》,大豆油 印刷油墨 挥发性有机化合物 新成员 替代品 芳香族化合物 印刷质量 单张纸胶印机 资源保护对策 数字印刷机,"什么是大豆油墨印刷油墨的原料主要由树脂、颜料、溶剂组成。使用石油系溶剂的现有的油墨含有对人体颇为有害的芳香族化合物成份,并且还可能产生挥发性有机化合物—ＶＯＣ。作为其替代品的需求近年来不断增加。其替代品分两类,即芬香族成份小于"
2014,从过度到适度的绿色包装可持续发展之路--《中国包装》,过度包装 适度包装 绿色包装 可持续发展,"包装伴随商品流通的产生而出现,是商品不可或缺的附属品,有力地见证了现代社会的""抛弃型""文化。从这种文化中不难发现,大部分光鲜靓丽的包装背后,存在着一系列垃圾废弃、资源浪费和生态污染的问题。随着环境的不断恶化,过度包装逐渐成为社会焦点,""绿色思维""开始被有责任心的设计师重视。本文对过度包装的危害进行了分析,从源头遏制过度包装,提出可持续发展的绿色包装设计原则、改进方法和发展趋势,将包装设计的终极价值上升到与生态环境息息相关的层面,指出发展绿色包装是实现可持续发展的必由之路。"
2014,基于QSPM矩阵的DIC公司竞争战略研究--《太原理工大学》,竞争战略 低成本战略 QSPM矩阵 VMI销售模式 ABC分析法,当前包装印刷公司步入了低利润水平时期为了在残酷的竞争中得以生存包装印刷公司持续对油墨生产公司压低价格因为油墨领域准入门槛不高我国市场上已有三百多家油墨生产单位受到产品特征类似的影响公司间的价格竞争逐渐升级太原DIC油墨是一家以生产包装印刷油墨为重要业务的公司在原材料提供企业印刷公司对手油墨生产公司三方的价格竞争下其收益水平与市场占有份额不断下降已经威胁到了公司的生存与发展怎样快速脱离当前困境已是企业亟待解决的问题本文对太原DIC油墨有限公司所处的外部环境与内部环境进行了剖析分析了企业自身存在的实际问题和所面临的机遇与挑战为企业重新制定了成本领先战略且以此战略为引导重塑了企业的经营理念及价值链第一是提升运营能力降低运营成本具体包括开辟蓝海产品实行精细化生产管理实行全面质量生产管理第二是进行技术创新与设备改造降低生产成本第三是建立VMI销售模式降低销售成本第四是加强客户技术服务降低服务成本具体包括组织客户加强专业知识学习建立为客户培训技术人员的机制论文进一步提出了太原DIC公司竞争战略实施的保障措施第一是重新构建有利于降低成本的采购组织第二是利用ABC分析法挖掘新的利润源第三是采取降低人力资源成本的管理模式规范公司的预算管理控制费用成本不断优化公司的绩效管理和薪酬机制调整组织模式确保岗位和人才的相符性严格控制人员编制提高招聘质量提升员工的忠诚度减少离职成本第四是提升信息化水平降低行政成本不断提升信息化应用水准强化商业智能和决策支持系统的建设高度重视对信息化人才的培养为信息化人才培训提供保障新的企业竞争战略及实施保障将以新视觉新思路来解决企业当前面对的难题提高公司的竞争能力与盈利能力引领企业走上长足发展的道路
2014,低碳设计理念下甘肃省土特产包装设计研究--《西北师范大学》,低碳设计理念 甘肃省 土特产包装 设计构想,甘肃省幅员辽阔其独特的地理环境和不同的民族文化形成了种类多样独具特色的土特产然而甘肃省土特产企业及包装设计行业对土特产包装的绿色化设计不够重视设计中缺乏低碳理念缺失地方特色和品牌文化甚至一些包装仍在使用禁用或限用的材料这不仅造成了环境污染和资源浪费也给甘肃省生态环境的可持续发展带来了负面影响由此引起了人们对土特产包装的绿色化设计的普遍关注低碳设计理念的提出为我们找到了一个有效的解决方法低碳设计理念不仅引导人们健康生活也为包装设计指明了新方向因此甘肃省土特产包装设计应以低碳设计理念为主旨从包装的源头出发充分利用绿色包装材料和再生资源来减少碳排放量保持生态平衡实现可持续发展本文首先阐述了国内外土特产包装设计的研究现状分析了低碳设计理念及其影响其次通过调研比较分析和举例论证等研究方法总结了甘肃省土特产包装设计的现状最后在低碳设计理念下提出了甘肃省土特产包装设计的总体思路与构想指出土特产包装设计中应渗入品牌理念凸显地域文化优选绿色包装材料优化包装的形态与结构通过绿色化的印刷工艺来实现甘肃土特产包装的低碳化设计形式企图通过系统分析得出低碳设计理念在土特产包装设计中的重要性找到土特产包装低碳化的设计方法以此改变甘肃省土特产包装的设计现状
2009,我国油墨企业的绿色营销战略--《上海交通大学》,油墨企业 绿色油墨 绿色营销 营销战略,随着可持续发展观念在全世界范围被广泛接受环境保护在经济活动中越来越受到重视绿色营销是市场营销和环境保护相结合的产物它在传统市场营销的基础上增加了环保意识强调企业要承担高度的道德责任和社会责任它体现了对发展经济的终极目标的追问是经济发展中人文价值的回归企业实施绿色营销是顺应可持续发展的全球性潮流满足绿色消费需求的必然选择印刷油墨与我们的生活息息相关它给我们带来了浩瀚的知识海洋给我们带来了色彩缤纷的多彩世界但同时也给我们和给我们生存的环境带来各种污染在人们生态意识日益强烈的今天人们呼唤绿色的油墨绿色的印刷本文介绍了绿色营销理论的形成与发展对绿色营销的内涵及其产生的动因进行了分析并就绿色营销与传统营销进行了比较根据相关的理论及原理文章对我国油墨企业的营销现状和企业所面临的机遇和挑战进行了分析SWOT析指出绿色营销战略是我国油墨企业的必然选择本文对我国油墨企业实施绿色营销战略的相关策略进行了阐述同时对我国绿色油墨市场进行博弈分析最后提出了企业消费者政府应如何发展和支持绿色营销的对策
2010,热聚合反应条件对环保大豆油墨连接料黏度的影响--《中国油脂》,大豆油墨连接料 热聚合 响应面法,"采用热聚合反应使大豆油改性,以黏度为考察指标,通过响应面分析方法确定最佳热聚合工艺参数为:反应温度332℃,反应时间106 min,反应压力6 MPa,催化剂添加量5%。经过验证与对比实验可知,在最优热聚合工艺条件下产物黏度可达到107 mPa.s左右,与传统油墨连接料黏度110~120 mPa.s比较接近,基本符合环保大豆油墨连接料中对黏度指标的要求。"
2014,环保型大豆油墨的制备--《上海涂料》,大豆油甲酯 矿物油 油墨,"采用大豆油衍生物大豆油甲酯为溶剂,制备环保型大豆油墨,并与矿物油溶剂制备油墨的性能进行比较。试验结果表明:大豆油墨的总体性能与矿物油油墨相当,而在黏性、稳定性和光泽方面,大豆油墨更优于矿物油油墨。"
