1998,紫外线油墨和水基油墨的组合--《印刷杂志》,紫外线油墨 水基油墨," 紫外线固化技术在目前的标签行业应用得越为广泛,人们对它的兴趣越来越浓,正像对多项技术的组合感兴趣一样。最近,把紫外线油墨和水基油墨组合起来用在柔性印刷中引起人们的极大关注。在此,其中的一个主要想法是,利用它们各自的优势,减少其劣势,达到最佳组合。 比如,此项技术的使用者可能想先用白色印底色,然后再印图像。这样做的方法很多,但只能用"
2009,胶印紫外线(UV)油墨特性及应用--《中国包装工业》,紫外线油墨 油墨特性 胶印油墨 普通油墨 光敏剂 印刷品 同类产品 包装装潢 制造企业 技术指标,"随着我国印刷工业的进步,我国油墨制造业发展势头十分迅猛。国内大型油墨制造企业主要产品的技术指标已达到或接近国外同类产品的先进水平,除基本满足国内印刷业及包装装潢业的需要外,还远销世界许多国家和地区,实现了出口创汇。但我们必须认识到,与国际先进水平相比,我国"
1996,紫外线柔性版印刷的基本原理及其优缺点--《印刷技术》,柔性版印刷 紫外线油墨 基本原理 上光油 网纹辊 印刷机 紫外线灯 光引发剂 挥发性化合物 低聚物," 当今世界环境意识日益增强。紫外线(UV)柔性版印刷油墨和上光系统适应了环境保护的要求。紫外线油墨和上光油几乎不含挥发性溶剂,因而能有效地控制印刷厂和纸盒加工厂内的挥发物的散发。油墨或上光油在印刷机运转时也就不"
1992,新型桐油快干印刷油墨--《中国油脂》,桐油 水基油墨 环戊二烯 紫外线油墨 干印刷 连结料 改性树脂 马来化桐油 印刷品 耐擦性,"环戊二烯桐油改性树脂油墨是用桐油生产的油墨品种之一。开发这种树脂在油墨工业中的应用,不仅能促进桐油升值,更重要的是对目前国内开发利用不充分,相当大部分仅用作燃料的石油化工副产物C_5馏份的利用有重要意义。光固化油墨、水基油墨、热熔油墨等各具特点,在印刷普及型和高档印刷品时有很大意义。这些油墨都是桐油加工利用的一些途径。桐油——松香水基油墨是山区林副产品的利用课题,对山区经济发展将起到一定作用。"
2011,纳米SiO_2抗紫外线水性油墨的研究--《包装工程》,纳米SiO 水性油墨 抗紫外线率,"食品安全包装对油墨的环保性能和抗老化性能提出了更高的要求,研究了一种具备抗紫外线的纳米SiO2油墨,其中纳米SiO2微粒利用化学沉淀法制得,并用XRD和马尔文Zteaszier Nano-ZS表征,其结果表明,纳米SiO2为粒径分布在100 nm以下的无定形粉末。在自制的水性油墨中加入纳米SiO2及分散剂,超声波分散后测试该油墨对紫外光的吸收率,结果表明:研制的纳米SiO2水性油墨对紫外光具有90%以上的屏蔽率,在食品安全和油墨抗老化性方面具有很好的应用价值。"
1998,彩丽宝《UVK》紫外光固油墨--《网印工业》,光固油墨 紫外线油墨 重量计算 UV油墨 添加量 化学稳定性 油墨浓度 遮盖力 固化速度 洁净度," 随着印刷业的发展,具有高光泽、干燥快、遮盖力强、化学稳定性高的紫外线油墨正在逐渐取代溶剂挥发型网印油墨。由于紫外线油墨刚进入印刷界,不免有些问题存在,现为使用者提供有关应用知识如下:"
1994,丝网印刷油墨──第二部分　网印油墨的种类及其使用说明--《丝网印刷》,丝网印刷 油墨,本部份着重介绍了适用于各种承印材料，如纸张、塑料、玻璃陶瓷、金属木材、纺织品和电子工业所用的同印油墨，并对各种油墨的组份特点、使用方法及注意事项作了简要说明。
2003,圆盘式烘干机--《网印工业》,圆盘式 紫外线油墨 盘式烘干机 印刷企业 特种光源 保定市 操作人员 印刷操作 高清晰度 操作流程," 保定市特种光源电器厂针对一些印刷企业在圆瓶子等工件上印制条形码等不易被识别的难题,逐步采用紫外线油墨印刷。但是紫外线对人体有伤害,尤其是紫外线干燥时,长期工作在机器旁,对操作人员的皮肤、眼睛等危害更大。"
1999,UV柔印的聚合物印版--《印刷杂志》,紫外线固化油墨 柔性版印刷 光聚合物印版," 紫外固化油墨中的单体和光引发剂会损害光聚合物印版。本文详细叙述如何测定油墨与印版两者的相容性。 任何柔版印刷用的光聚合物印版,至少在开始印刷时,都能令人满意。但是,为了充分利用紫外线油墨高印刷质量的特性,我们在柔性版印刷中使用紫外线固化油墨印刷时,选择光聚合物印版时,应考虑下面几个因素:"
2000,碳黑颜料对紫外线油墨固化速度影响的研究--《影像技术》,UV油墨 碳黑颜料 固化速度,"由于颜料对紫外光的吸收作用 ,影响了光引发剂的光引发效率 ,因此它对UV油墨的固化速度有着很大的影响。本文采用不同的碳黑颜料在不同用量的情况下与不同的光引发剂配制丝印UV油墨 ,通过对油墨的印刷密度和固化速度的测试 ,研究了不同种类的碳黑颜料对UV油墨固化速度的影响。"
1995,紫外线油墨--《印刷技术》,聚合反应机理 紫外线照射 固化反应 紫外线油墨 工作原理 催化剂 激发状态 透射曲线 活性基因 光能转换," 光,无处不在,形形色色的发光体(含日光)伴随着我们的工作和生活,可是人们很少注意它的存在。为此有必要对光做一概述,特别是对紫外线工作原理的掌握,可使我们更安全有效地应用它。"
2018,规模化软包彩印企业VOCs减排的创新思维与经验分享--《塑料包装》,环保油墨 水性底涂液 环保胶粘剂 智能配色 VOCs排放与处理 堆肥与降解,"规模化软包彩印企业,应具备共挤吹膜、(共挤流延膜)、涂布、(蒸镀)、印刷、复合、分切、制袋等软包装制品加工工艺,从事食品、医药、日化、日用品、工业品、农产品、军用品等包装制品及包装材料综合研发、生产和服务。为控制大气污染物VOCs排放,改善环境空气质量,保护人类健康和生态环境,提升企业社会责任感,做好规模化软包彩印企业转型升级、绿色原料、绿色制造、绿色工艺、绿色产品、清洁生产、减排增效、绿色发展。"
2018,水溶膜袋农化使用检测方法及储存--《绿色包装》,PVA水溶膜VA水溶袋 聚乙烯醇膜 水溶膜储存 水溶膜溶化检测,"农化固体的包装普遍采用PP、PE、镀铝复合膜,特别是市场上普遍的化工助剂都存在对外包装腐蚀及用后丢弃对环境污染,众多的化合物用于水、乙醇等含水的物质,聚乙烯醇薄膜作为一种内包装袋出现,采用了一种隔离概念,避免外包装对环境的二次污染,但是目前市场上对聚乙烯醇薄膜溶化、储存没有完整的统一,特别是夏冬两季,希望本文的内容,有助于推广聚乙烯醇薄膜(PVA水溶膜、袋)的市场应用。"
2018,国内高分子封边条及其相关工艺研究进展--《广东化工》,封边条 水性油墨 热熔胶 激光封边,"通过阅读大量文献,笔者从功能和材料上介绍了板式家具封边条,并对封边条的印刷水性油墨、热熔胶和封边技术的最新研究进展做了阐述,为板式家具封边条的进一步发展提供一定的参考和借鉴。"
2018,融合发展中的绿色印刷--《传播与版权》,绿色印刷 污染 环保,"我国印刷业呈现快速发展趋势。文章对印刷业的污染状况进行了总结,对印刷过程中绿色设计理念进行了阐述,提出了实行绿色印刷的对策:树立印刷企业重视环保的观念;大力研制和开发新型油墨;控制空气、水体和噪音等污染;加强绿色包装材料的开发与研制。"
2018,乙烯副产C9综合利用技术及发展前景--《石化技术》,碳九 生产工艺 市场,"本文综述我国碳九馏分综合利用工艺的国内工业化技术和现状,分析了碳九馏分综合利用方向和前景,并对碳九馏分深加工得到的下游产品市场情况进行了浅析,为碳九产业的工艺开发和未来发展提供参考。"
2018,纸张性能对印刷质量的影响研究--《北京印刷学院学报》,纸张 印刷适性 白度 平滑 GATF色轮图,"纸张作为印刷过程中的重要材料,其性能直接影响印刷品质量。为了提高印刷质量,选择了5种不同类型的纸张,测定了每种纸张的定量、平滑度、白度、耐折度及抗张强度等重要的性能参数,通过印刷适性仪印刷样张,分析了不同纸张的性能与印刷色彩再现、密度的变化、油墨的转移等方面的关系,通过色彩管理技术保证输出色彩质量。最后,得出了纸张的特性与印品呈色效果之间的关系,研究表明,铜版纸、白卡纸、亚光铜版纸、胶版涂布纸、胶版印刷纸印刷适性依次降低。"
2018,新产品--《丝网印刷》,网版印刷机;溶剂型;网印机;感光胶;水性墨;耐水性;,"SEFAR Humicheck-感光胶湿度计SEFAR Humicheck是一款用来测量网版感光胶中残留水分的检验装置。当网版足够干燥可以正确曝光时,它会以绿灯显示。特点如下:1.LED指示灯,分成三种颜色选择(灯条读数);2.后面板上配备电容式传感器;3.2min后自动关闭;4.设有电池警报装置。SEFAR Humicheck可提高工艺可靠性,并缩短由于网版过早曝光引起的停工时"
2018,印铁工艺的现状与发展--《印刷杂志》,印铁 生产流程 检测 UV印刷 发展趋势,"在金属薄板上印刷图文并制作成包装容器称为印铁制罐,它是金属包装行业最重要的组成部分。金属包装是中国包装工业的重要组成部分,其产值约占中国包装工业总产值的10%,主要为食品、饮料、油脂、化工、药品、文化用品及化妆品等行业提供包装服务。一、印铁主要生产流程印铁生产流程主要为:马口铁表面涂布→制版→印铁→上光→烘干。"
2018,软包装印刷VOCs末端治理技术探讨--《湖南包装》,软包装印刷 活性炭吸附 VOCs末端治理 旋转式RTO蓄热式反应燃烧,"分析了当下软包装印刷行业VOCs治理现状;介绍了传统与新型活性炭吸附、RTO蓄热式反应燃烧等主流VOCs末端治理技术的装置结构原理、工艺路线;在比较分析传统与新型及传统装置之间的优缺点基础上,从浓度、成本控制、源头控制等多个方面对目前软包装印刷VOCs治理解决方案进行探讨。"
2019,绿色印刷政策实施效果与对策研究--《北京印刷学院》,绿色印刷政策 印刷企业 企业绩效 实施情况,印刷行业兼具文化产业和加工工业的双重属性是我国国民经济重要组成部分1自2010年我国政府提出绿色印刷战略以来已发布实施了多项相关的绿色印刷政策截至2017年底我国约有1300家印刷企业通过了绿色印刷认证为减少环境污染做出了贡献论文从绿色印刷的概念入手对国内外绿色印刷及其相关政策进行了系统梳理并以绿色印刷十环认证政策作为政策样本通过问卷调查的方式对223家印刷企业经营状况及其落实绿色印刷十环认证的情况进行了调查采用描述统计法对调查结果进行了分析并用实证分析法验证了绿色印刷政策对印刷企业绩效有正向影响结果表明存在绿色印刷政策本身和政策的执行方面的问题政策扶持的力度小政策标准要求过高缺少对印刷供应链的认证监管认证过程花销大环保部门人员专业知识缺乏究其成因有1政策制定忽视企业类型和规模差异2相关绿色印刷技术不成熟3重视程度不够地域性差异4绿色认证机构资源缺乏5政策落实反馈渠道不畅通论文针对问题提出了1降低认证费用门槛优化认证环节2将绿色供应链纳入可认证范畴3突破绿色印刷关键技术4建立约束机制规范自由裁量权5建立政策的评价反馈机制6增加认证机构引入行业竞争共6点对策这为政府制修订绿色印刷政策和实施环境管理提供参考同时也为企业的绿色转型扫清障碍为行业的绿色发展奠定基础
2010,塑料食品包装材料的卫生安全性分析--《包装与食品机械》,塑料食品包装材料 食品安全 迁移 加工助剂 油墨 树脂,"食品包装材料中有毒有害化学物质的迁移是引起食品污染的重要途径之一。本文主要根据近年来发表的有关食品包装材料领域的相关文献为基础,针对塑料食品包装材料中的加工助剂、油墨和树脂自身中的有毒有害物质等迁移物产生的危害进行了分析,为塑料食品包装材料的质量控制提供参考。"
2014,石墨烯的制备、表征及光电性质应用研究--《山东师范大学》,CVD 石墨烯薄膜 透明电极 饱和吸收体,石墨烯是由碳原子以sp2杂化轨道组成六角型呈蜂巢状的单原子层的二维晶体石墨烯独特的结构赋予了其超凡的物理性质石墨烯中电子载荷子的性质与相对论性的中微子非常相似其运动速度达到了光速的1300远远超过了电子在一般导体中的运动速度理论上石墨烯的电子迁移率可达到2105cm2Vs使其表现出非凡的导电性石墨烯具有优良的透明度单层石墨烯的透过率在可见红外区可以达到977因此石墨烯是一种良好的透明导电材料可以作为电极应用在透明触控屏幕液晶显示器甚至是太阳能电池等电子器件上除了独特的电子学特性石墨烯还表现出典型的可饱和吸收特性与传统的半导体材料不同石墨烯独特的零带隙结构使其对光的吸收没有选择性适用于工作在各种波长的激光器近几年石墨烯超凡的性能吸引了人们广泛的研究本论文在这些研究的基础上围绕提高石墨烯的透明导电性实现石墨烯的应用展开了一系列工作本文用化学气相沉积CVD方法在铜箔上制备了大面积的石墨烯薄膜设计了双温区结构的CVD系统实现了高品质石墨烯在绝缘石英基片上直接生长并以石墨烯为基础制备了石墨烯扬声器石墨烯生物传感器石墨烯饱和吸收体等器件主要工作如下1设计了一个双温区CVD系统在绝缘的SiO2基片上制备了高品质的石墨烯薄膜石墨烯薄膜的厚度可通过前驱气体的比例流量以及生长时间进行控制拉曼光谱和高分辨透射电子显微镜HRTEM分析表明石墨烯的晶粒尺寸可达到100nm霍尔测量表明室温下石墨烯的载流子浓度为1500cm2Vs石墨烯薄膜的电导性和光透射率可以媲美转移后金属催化的石墨烯本工作避免了石墨烯繁杂的转移过程为石墨烯的制备开辟了一条新的途径2基于石英基片上直接生长的石墨烯我们设计了场效应管FET结构的石墨烯生物传感器用于检测生命体内的能量分子三磷酸腺苷ATP该传感器显示了毫秒级时间分辨率为实时监测生命体动态的生命活动提供了可能此外此传感器测量的范围非常宽在00025mM的浓度范围内其电流的响应与ATP浓度对数呈现了良好的线性关系灵敏度达到50由于00025mM的浓度覆盖了真实生命体内的ATP浓度范围此项工作对研究生命体中动态的生命过程具有现实的意义3将石墨烯作为电极转移在聚偏氟乙烯PVDF压电薄膜的两侧利用PVDF的逆压电效应制备了一种透明可弯曲的薄膜扬声器测试表明该扬声器在几赫兹到几万赫兹极宽频率范围内都可获得较好的音频响应具有高声压级SPL低谐波失真THD和低功耗的特点与传统的商用扬声器相比石墨烯薄膜扬声器无磁透明可弯曲极有希望成为未来超薄超轻的可穿戴的电子器件4将二维石墨烯与一维纳米线复合制备了一种复合透明柔性电极这种复合薄膜的电阻仅为16而透过率却高达911展示了优异的化学稳定性和机械柔韧性这些性质要远远优于商用的ITO和最好的石墨烯电极本工作展示了一种制备低成本高性能柔性透明电极的方法5将石墨烯转移到单晶C面的石英基片上制备了石墨烯饱和吸收体由于生长的为单层石墨烯可通过转移次数精确控制石墨烯的层数使用这些饱和吸收体我们在NdYVO4激光器上实现了稳定的Q锁模在60W的泵浦功率下得到了16W的平均输出功率本工作证实了低成本宽频带的石墨烯饱和吸收体适合于超快高能的脉冲激光
2007,汉字印刷字体发展、设计与应用研究--《中央美术学院》,汉字 正字 印刷字体 印刷字体设计 版式编排,现代设计奠定了现代物质文明的形式和内容基础是20世纪文明发展史上的组成部分而文字设计在促进人类的交流与沟通方面扮演着一个重要角色20世纪以来的中国现代设计随着社会经济的开放与改革呈现着日新月异的趋势尤其是电脑技术的出现和发展给现代设计注入了新的活力反过来设计也从各方面促进了经济的发展国内设计的社会软性环境与设计的介质和载体等硬性环境不断的变化更新使得设计充满了种种变化的可能自然作为视觉传达的三个重要因素图形图像和文字也应当顺应其变以主动积极的姿态满足现代媒体和社会心理的功能需要但无可否认的现实是较之图形和图像的发展基本与国外同步的事实国内在计算机时代的印刷字体设计及应用水平与国外有差距滞后于前两个方面汉字印刷字体的应用现实也反映出整个社会以及设计师对字体的文化发景设计脉络及字体的应用尚缺乏足够的重视重实践而轻理论重内容而轻文脉也导致了汉字视觉环境的混乱无序有鉴于此中国应该建立良好的汉字印刷字体开发环境以及应用体系设计并推广大量的优秀的中文字体以满足现代设计的需要这涉及到文化传承的问题可以说它既是一种社会需要更是一种社会责任鉴此本论文将通过对汉字印刷字体设计及应用现状的研究与反思从文字字体字体设计字体在版面设计中的应用等四个主要方面进行系统性梳理与分析再加具体的设计实践尝试逐步建构起较为完备的印刷字体设计的研究框架从中总结出汉字字体设计的方法论本论文的第一部分首先阐述汉字的起源作为字体设计的本源汉字的发展流变也就成为印刷字体设计最为重要的基础字体设计的过程是一个体验汉文化的过程设计者对于汉字字源的明鉴显得异常重要它将避免设计过程中文字笔画不正确导致使用者将错误传播出去对社会造成不良影响另外对汉字的深入认识会使得设计者读字审视字和设计字体都会怀有一种特别的情感体会字的形声义和字体设计的联系这亦是对汉字文化应持有的一种尊重可以说字体设计承载着文化的博大与精髓论文的第二部分着重于印刷字体力图从字体的广义和挟义不同学科对字体的界定来重新审视印刷字体这个概念以及它和古文字今文字的关系论文分两个章节从设计的角度出发详细地分析印刷字体的发展历程和风格演变由此理清字体发展的历史脉络第三部分则是研究现代印刷字体设计手段及字库制作通过分析铅字铜模和照相制版的制作工艺原理结合英文字体设计的相关理论以及对字体字库的研究结果试图建立起一套基于电脑的科学的汉字印刷字体设计方法和营造实用的字体开发环境的方法第四部分通过对现有电脑字库的分析结合各种设计实践的范例将印刷字体与版面设计相联系阐述字体在版面上的作用好的版式应用需要依托于好的字体好的字体可以大大优化版面效果同时字体需要在长期的使用过程中不断调整和完善因此字体和字体应用始终密不可分本论文也强调我们正处于一个从单一纸媒介质向以屏幕媒体为主的多媒体发展过渡的时代作为信息传播的主要载体汉字其字体的应用也不可避免地要受到载体的影响我们在关注汉字字体设计本身的同时也应关注媒体技术的发展需求并对汉字的视觉需求和新的设计理念的研发予以更多的切实研究论文在以上总结出的方法论的基础上借鉴传统的印刷字体设计并注重其科学性人文性审美性为提高中文字体设计的整体水平根本上解决中文字体设计开发落后的局面做出自己力所能及的贡献以此推动国内汉字字体设计及应用的研究历程
2004,纳米二氧化钛可控制备及合成工艺的研究--《湘潭大学》,二氧化钛 纳米 低温 前驱体,TiO2又称钛白粉在无机化工产品中销售量位居第三仅次于合成氨和磷酸盐晶型有锐钛矿型板钛矿型和金红石型锐钛矿型和金红石型被广泛使用在涂料塑料造纸印刷油墨化妆品和光催化剂医药等化工和环保领域与普通钛白粉相比纳米TiO2是新型的无机化工原料其化学稳定性和化学活性更高比表面积大对可见光有很高的透射率对紫外线有非常强的吸收和屏蔽能力是一种附加值很高的功能精细无机材料纳米TiO2具有极大的市场价值和光明的发展前景目前具有代表性的TiO2工业生产技术主要有硫酸法和氯化法硫酸法是以钛铁矿为原料用硫酸分解对环境污染较严重氯化法以金红石或高含量钛渣为原料氯化得到四氯化钛再通过高温氧化制得国内的钛白粉生产仍在延续硫酸法同时氯化法在技术上有一定的难度仅由国外少数几家大公司垄断并且以传统的硫酸法和氯化法工艺都难以生产出纳米尺寸的二氧化钛国内对纳米级二氧化钛的制备尚处在实验室研究阶段大都采用价格较高的钛醇盐或具有发烟特性的四氯化钛作为原料使生产成本提高生产效益降低更重要的是没有很好地利用我国丰富的钛资源和已有的工业生产基础纳米二氧化钛的合成工艺的研究主要集中在以下几个方面1以采用廉价的原料和简单的工艺步骤为目的寻找适宜的新合成工艺2探讨新的合成工艺中各反应条件的影响机理主要研究了合成条件对前驱体的控制本课题任务主要是对纳米级二氧化钛的合成工艺进行选择和探讨以达到采用价廉易得的硫酸钛为原料简单操作生产出纳米二氧化钛的目的结合已有的实验条件和有关文献先对合成路线的选择进行了实验对比探讨的三条合成路线分别是超重力场制备纳米二氧化钛微波诱导均匀沉淀法制备二氧化钛低温控制中和水解法制备纳米二氧化钛并分别研究了各反应路线的影响机理WP4和最佳反应条件在实验的基础上确定了低温控制中和水解法制备纳米二氧化钛的合成新工艺考察了温度pH值等主要影响因素对反应和产品的综合影响得出的该工艺最佳反应条件为反应温度为15oC左右反应pH值为72硫酸钛反应液浓度为05molL为了使产品具有良好的锐钛矿晶型和在焙烧中晶粒生长缓慢我们首次提出在沉淀过程中控制前驱体的组成即得到的前驱体为具有锐钛矿晶型的H2TiO3并对其反应影响机理进行了探讨性的研究通过实验可得出以下结论低温控制中和水解法可以通过简单的控制温度pH值采用低廉的无机钛盐硫酸钛为原料制备纳米二氧化钛制备出的二氧化钛粒子粒径在515nm颗粒均匀粒度分布窄收率达到99以上
2014,紫外光固化脂环族聚氨酯丙烯酸酯涂膜的合成及其改性研究--《华东理工大学》,脂环族聚氨酯丙烯酸酯 脂环族环氧丙烯酸酯 脂环族环氧树脂 低分子量含硅丙烯酸酯KH570 紫外光固化共混涂膜,紫外光固化技术由于其成型迅速工艺简单节约能源环境友好适用于规模化工业生产等特点可以用来制备性能优异的清漆涂膜在紫外光固化涂料领域中脂环族聚氨酯丙烯酸酉CycloaliphaticpolyurethaneacrylateCPUA低聚物是一种重要的紫外光固化用树脂它结合了聚氨酯和聚丙烯酸酯的性能优点具有良好的附着力柔韧性耐磨性和耐低温性另外CPUA分子中环己基代替了传统涂料中的苯环提高了紫外光固化涂膜的耐黄变性和耐候性本论文探讨了四种常见的聚醚型二元醇软段聚乙二醇1000PEG1000聚四氢呋喃醚1000PTMG1000聚丙二醇1000PPG1000和聚丙二醇2000PPG2000对CPUA紫外光固化涂膜性能的影响并以性能最佳的CPUA紫外光固化涂膜为基础进行共混改性制备了脂环族聚氨酯丙烯酸酯脂环族环氧丙烯酸酯脂环族聚氨酯丙烯酸酯脂环族环氧树脂和脂环族聚氨酯丙烯酸酯脂环族环氧树脂低分子量的含硅丙烯酸酯KH570紫外光固化共混涂膜并考察了它们的微观形貌相结构与涂膜的热稳定性机械性能及涂膜表面性能之间的关系另外对采用自由基阳离子混杂紫外光固化技术制备的互穿聚合物网络InterpenetratingPolymerNetworkIPN体系UTC3的动力学成因和相分离行为进行了深入研究具体研究内容及主要结论如下1以异佛尔酮二异氰酸酯IPDI和甲基丙烯酸羟乙酯HEMA为硬段聚醚二元醇PEG1000PTMG1000PPG1000PPG2000为软段分别制备了四种不同的CPUA紫外光固化涂膜CPUA1CPUA2CPUA3和CPUA4这四种光固化涂膜的主要性能相差不大其中低聚物CPUA1由于PEG1000分子的链结构规则结晶性好涂膜硬度高但是其较高含量的醚键导致低聚物黏度较大涂装困难且涂膜耐清洗性差而低聚物CPUA3由于PPG1000分子侧基的存在降低了体系的结晶性低聚物黏度较小得到的紫外光固化涂膜各项性能指标良好比较适合规模化工业生产通过对聚醚型二元醇的分子结构与相应的紫外光固化CPUA涂膜性能之间关系的分析可知软段的结构和含量是决定CPUA涂膜性能的重要影响因素软段越柔软低聚物越容易结晶涂膜的硬度和耐热性就越好软段分子量越大硬段含量越少涂膜的硬度越低2紫外光固化脂环族聚醚型聚氨酯丙烯酸酯CPUA3和脂环族环氧丙烯酸酯CycloaliphaticepoxyacrylateCEA共混改性涂膜中CPUA3CEA和活性稀释剂三羟甲基丙烷三甲基丙烯酸酉TrimethylolpropanetriacrylateTMPTMA三者相容性良好在紫外光固化过程中发生自由基共聚无明显的相分离现象由涂膜液氮淬断面的扫描电子显微镜SEM图可知共混涂膜UEAT2CPUA3CEA和TMPTMA的组成质量比为302050的断裂面出现较长的断裂带且断面比较光滑表明该组成比时的涂膜具有良好的韧性此时涂膜的铅笔硬度摆杆硬度拉伸性能和耐热性各项性能指标最佳表面光滑无缺陷3紫外光固化CPUA3和脂环族环氧树脂CycloaliphaticepoxyresinCER共混改性涂膜中CPUA3CER和TMPTMA三者相容性良好在紫外光固化过程中CPUA3和TMPTMA发生自由基共聚反应聚合速率相对较高CER发生阳离子光聚合反应聚合速率相对较低两种不同的光聚合类型引发微观相分离现象体系呈现明显的两相结构当紫外光固化共混涂膜中CER的质量分数在5070范围内时两相形成IPN结构在各种组成配比的涂膜中具有IPN结构的紫外光固化涂膜UTC3CPUA3TMPTMA和CER的组成质量比为151570的综合性能最佳其力学性能热稳定性和表面性能均较好这主要是由于IPN体系中两相聚合物之间具有协同效应分子链之间存在大量的氢键能促进了两相之间的相容性表现为动态热机械分析DMA曲线呈单峰态势4紫外光诱导相分离的自由基阳离子紫外光固化共混改性体系中考察了体系固化前共混体系的差示扫描量热DSC曲线和相关玻璃化转变温度Tg黏流温度Tf及热聚合初始温度Ti建立了共混体系的温变相图随着CER含量的增加紫外光固化共混改性体系的相结构经历了海岛结构Ⅰ双连续结构和海岛结构Ⅱ三个阶段由于CPUA与CER之间存在黏度差异体系主体相发生的相反转的过程是不对称的以其中性能最佳的紫外光固化IPN涂膜UTC3为研究对象采用SEM测试跟踪了UTC3共混体系随时间变化的相分离演变过程发现CPUA3TMPTMACER共混体系的相分离行为受各组分的模量黏度光聚合速率等多种因素的影响相分离过程比较复杂基于以上对自由基阳离子紫外光固化诱导相分离过程的分析建立了三角亚稳相图并提出自由基阳离子紫外光固化体系的相分离分为以下几个阶段开始相分离自由基紫外光固化聚合主导期模量控制相分离的自由基阳离子紫外光固化共同聚合期阳离子紫外光固化聚合主导期和相分离终止5紫外光固化UTC3和低分子量含硅丙烯酸酯KH570共混改性涂膜中KH570与共混体系UTC3存在一定的相容性当KH570的质量分数低于10wto时四者能够混溶含单双键的低分子量丙烯酸酯KH570以侧链的形式进入交联网络降低了交联密度为光引发剂未反应的低聚物和活性稀释剂提供了流动空间提高了自由基阳离子紫外光固化共混体系的聚合速率和最终转化率由SEM图可以观察到KH570的空间位阻效应使得紫外光固化涂膜UTC3的微观形貌由IPN结构变为含有大量空穴和缝隙的复杂结构但是随着KH570含量的增加分子间氢键作用占主导涂膜液氮淬断面逐渐变得平滑而致密与UTC3紫外光固化涂膜相比UTC3KH570紫外光固化共混涂膜的机械性能有所下降但断裂伸长率增大阻尼性能和热稳定性有明显提高润湿性也有所改善另外由原子力显微镜AFM图和X射线光电子能谱XPS图可知UTC3紫外光固化涂膜表面的KH570的含量远高于KH570添加到体系中的含量表明KH570在光固化过程中会发生分子迁移现象其体相密度低于涂膜表面密度
2014,聚丙烯酸酯/纳米二氧化钛复合乳液的原位制备及结构与性能研究--《华南理工大学》,纳米二氧化钛 聚丙烯酸酯 原位聚合法 反相微乳液法 复合乳液,聚丙烯酸酯乳液具有无污染成本低成膜性能好等优点其乳胶膜的耐候性柔韧性附着力等性能优良在建筑汽车包装印刷等领域得到了较为广泛的应用但乳胶膜的耐热性硬度等较差在一定程度上限制其应用采用无机纳米二氧化钛改性聚丙烯酸酯乳液制备有机无机纳米复合乳液可以显著提高乳胶膜的硬度耐热性冲击强度等性能从而进一步扩大其使用范围然而由于纳米二氧化钛的比表面积大表面能高处于非热力学稳定态所制备的复合乳液易存在纳米粒子团聚复合乳液储存稳定性差制备工艺复杂等缺点本工作采取两条技术路线原位制备了聚丙烯酸酯纳米二氧化钛复合乳液探讨了制备过程中的影响因素通过红外光谱FTIR激光纳米粒度仪DLSX射线衍射XRD透射电镜TEM等手段对纳米二氧化钛和复合乳液的结构进行表征对乳胶膜的热性能力学性能紫外吸收性能等进行研究并分析了复合乳胶粒子的形成机理论文的研究内容和主要成果包括如下四点1采用溶胶凝胶法以钛酸丁酯TBOT为前驱体盐酸HCl为催化剂γ甲基丙烯酰氧基丙基三甲氧基硅烷KH570为改性剂制备了KH570改性纳米二氧化钛溶胶然后加入MMABAAA等丙烯酸酯单体并进行预乳化通过原位乳液聚合制备了具有良好稳定性的聚丙烯酸酯纳米二氧化钛复合乳液利用FTIRXRDDLSTEM等手段对改性纳米二氧化钛和复合乳液及乳胶膜进行了表征改性纳米二氧化钛的晶型为锐钛型随着盐酸用量的增加其晶型不变但晶化度提高与未改性纳米二氧化钛相比改性纳米二氧化钛的平均粒径减小且分布变窄当HCl与TBOT的摩尔比nHClnTBOT为048时KH570改性纳米二氧化钛的平均粒径最小且粒径分布最窄改性纳米二氧化钛与聚丙烯酸酯有良好的相容性适量改性纳米二氧化钛的加入可以改善复合乳胶膜的冲击性能硬度和耐热性但对附着力和弯曲性能影响不大2以甲基丙烯酸甲酯MMA为油相十六烷基三甲基溴化铵CTAB和丙烯酸AA分别为乳化剂和助乳化剂加入适量的水制备了CTABAAMMAH2O反相微乳液体系以该体系中的反相胶束为纳米反应器以TBOT为前驱体KH570为改性剂制备了KH570改性纳米二氧化钛溶胶绘制了体系的拟三元相图研究了影响纳米二氧化钛生成率的主要因素利用FTIRTEM等对KH570改性二氧化钛进行了表征当CTAB与AA的质量比为23时所形成的反相微乳液区域最大随着CTAB与AA的质量比mCTABmAA以及CTAB和AA占油相质量比mCTABAAmMMA的增大增容水量相应增大适宜的mCTABmAA和mCTABAAmMMA分别为23和55而温度对增容水量的影响较小当增容水量和KH570与钛酸丁酯质量比分别为445和06反应时间和反应温度分别为20h和25时二氧化钛的生成率为749KH570改性纳米二氧化钛的平均粒径在10nm左右与未改性纳米二氧化钛相比其亲油性得到了明显改善此外在纳米二氧化钛的制备过程中不需使用乙醇作为分散介质因此便于后续乳液聚合的稳定进行3在由反相微乳液法制备KH570改性纳米二氧化钛溶胶中加入适量的水使体系从WO型转变为OW型然后通过原位乳液聚合法合成出聚丙烯酸酯纳米二氧化钛复合乳液研究了聚合方法和反应温度以及过硫酸钾KPSTBOTKH570微乳液增容水等用量等对单体转化率凝胶率粒径Zeta电位等的影响结果发现适宜的乳液聚合工艺为间歇法当反应温度为75KPS用量为05KH570与TBOT质量比为06TBOT用量为5微乳液增容水量为445时聚丙烯酸酯纳米二氧化钛复合乳液具有低凝胶率以及良好的反应稳定性和储存稳定性4采用FTIR热重TGTEM等对反相微乳液法原位聚合法制备的复合乳液和乳胶膜的结构进行了表征对乳胶膜的热性能力学性能紫外吸收性能等进行了研究并探讨了聚丙烯酸酯纳米二氧化钛复合乳胶粒子的形成机理结果表明聚丙烯酸酯纳米二氧化钛复合乳胶粒呈明显的核壳结构其中纳米TiO2为核聚丙烯酸酯为壳粒径在100150nm之间KH570改性纳米二氧化钛在聚丙烯酸酯中具有良好的相容性和分散性通过引入纳米二氧化钛可在一定程度上提高聚丙烯酸酯乳胶膜的耐热性硬度和冲击强度当TBOT用量为9时复合乳胶膜的最大热失重速率温度铅笔硬度和冲击强度分别为40632H和43kgcm高于纯聚丙烯酸酯乳胶膜的39741H和39kgcm与纯聚丙烯酸酯乳胶膜相比聚丙烯酸酯纳米二氧化钛复合乳胶膜对紫外光的吸收强度明显增大并且随着TBOT用量的增加复合乳胶膜的吸收强度随之增加当TBOT用量为9时复合乳胶膜的最大吸收波长和吸光度从纯聚丙烯酸酯的298nm和040分别增大至314nm和175
2007,基于价值链重构的报业集团竞争战略研究--《山东大学》,价值链 竞争战略 报业集团 决策要素 重构,目前我国报业市场正处于一个体制与机制均发生剧烈变革的转型期报业传统的垄断经营地位已经丧失国内外的竞争者蜂拥而至市场竞争日趋激烈同时报业的生产方式和传播模式也发生了巨大变化即时性互动性虚拟性和多元化的特征日趋明显传统受众的忠诚度正经受着严峻的考验然而作为报业市场主体的报业集团对环境变迁的反应并不够敏捷应对的竞争策略也较为单一这就使我国报业集团面临着较为严峻的生存与发展压力本质上现代报业的竞争就是价值链的竞争但我国报业市场的竞争主体报业集团还存在诸多方面的问题对自身价值链缺乏应有的理解和重视增值环节识别不清价值链中的战略节点不明晰核心竞争力不突出价值链较短且利用不充分集团利润的来源途径单一主要依赖经营报纸的收入集团内部资源的配置不合理价值链条运转不顺畅存在极大的经营风险等这些因素无疑会影响到报业集团的市场竞争力和长远发展另外在报业价值链管理理论的研究方面国内外的多数研究尚处于相关概念原理等方面的定性探讨阶段对报业集团价值链自身形成机理特征的理解和认识尚不够深入因此对报业集团价值链的重塑和竞争战略的设计并没有实质性指导作用鉴于此本文结合经济学管理学和传播学的理论知识按照系统的观点对报业集团价值链进行系统地研究和分析并以此为基础对报业集团竞争战略设计进行系统的研究同样是面对动荡多变的竞争环境与一般产业不同的是报业经营的是信息产品具有两次销售的模式即由订阅和零售两种方式所进行的报纸对读者的销售以及通过读者阅读吸引其注意力进而促其转化为实际购买力的影响力销售获取两次销售收入即初次销售的发行收入和二次销售的广告收入还要面对两个市场即由报纸和广告构成的有形市场和由影响力而形成的无形市场由此决定了报业集团的价值链也有别于一般企业而报业集团要获取持续竞争优势就必须同时在两个市场上展开竞争并培育相应的竞争能力从而能满足政府读者和广告商的需求现实中影响报业集团价值链构成的外生要素有宏观政策行业变化和社会文化等而内生要素则包括受众需求盈利模式资源结构和配置方式等根据对上述要素的精确分析可以将报业的价值链构成分为基本价值链延伸价值链拓展价值链虚拟价值链和价值网络其中基本价值链包括办报印务发行和广告四个环节其中的核心环节是办报延伸价值链是基于基本价值链各战略环节通过采取纵向一体化延伸形成的价值链条拓展价值链是在基本价值链基础上向报业产业之外拓展而形成的价值链条虚拟价值链是基本价值链在市场空间中的延伸是对基本价值链在信息领域的新发展而价值网络则是报业集团为创造资源扩展和提供产品或服务而建立的合资或联盟合作系统不同的价值链对于价值的生成具有不同的作用而所有价值链共同作用则会形成合力使报业集团具有更强的竞争力基于对价值链的深刻剖析和全新分类我国报业集团的价值链重构可以采取两种方式专业化延伸式和多元化拓展式前者是将报业集团价值链的关键核心环节做足做大形成多点产出多点支撑的价值链条使目前单一竞争环节的成本得到补偿和降低该种方式又可以有两种选择喷泉式由内向外延伸和漩涡式由外向内聚集喷泉式由内向外延伸是指借助核心信息源优势信息处理模式优势运营模式优势打造核心内容产品通过多种形式的媒介形式将核心优势在地域空间或业务范围上向外拓展培养高忠诚度的核心客户群体同时为报业集团开辟新的收入渠道漩涡式由外向内聚集是以核心报纸充任行业沟通平台以此为基础吸引各种社会资本与资源主动汇集过来在资源的碰撞之中不断产生新的灵感与商机后者是将存在互补优势的媒介组织与非媒介组织以战略联盟形式构筑并拉长产业链条一般可借助于企业的品牌优势向其他相关产业拓展以形成新的价值增值途径实践中报业集团可以根据本文提出的价值链重构模型进行重构即以内容产品为核心以报纸电视广播杂志图书光盘等为发布渠道以策划制作印刷发行广告以及相关非相关产业开发为工业流水线构筑商业价值运作体系当然报业集团在进行价值链重构时要使重构的新价值链运转顺畅还必须注意在重构过程中对相应的关键节点进行有效管理例如在基本价值链和延伸价值链中内容生产应把握信息的多次充分利用体现其边际成本递减效应印务经营保证印能的最大化实现规模收益发行经营实现对渠道的合理控制和网络的综合运用广告经营要创新广告模式延伸对受众的服务手段和功能在拓展价值链中要实现规模和品牌效应通过适当的多元化经营分散投资风险拓展价值空间在虚拟价值链中借助基本信息增值活动和附加价值活动实现信息在网络空间中的充分增值在价值网络中根据价值创造和实现的方式不同有效集成相关主体拥有的资源在合作中实现价值的增值环境的变迁引致了报业集团价值链的重构而价值链的重构要求对企业的竞争战略进行重新设计当然竞争战略的重新设计也会影响到价值链的重构为此本文提出了价值链与竞争战略的对接互动模型根据该对接互动模型尽管报业集团可以采用的竞争战略很多但在进行战略选择时必须考虑自身的价值链构成并根据价值链的特征选择相应的竞争战略例如在基本价值链层面报业集团可以根据自身的特点选择一般竞争战略中的某一种或几种在延伸价值链层面可以选择一体化竞争战略在拓展价值链层面可以选择围绕核心力的多元化竞争战略在虚拟价值链层面可以选择外包战略而在价值网络层面报业集团则可以选择互利共赢的竞合战略本文的创新点主要表现在如下几个方面1首次提出了报业集团价值链的新分类为我国报业集团价值链重构奠定了理论基础本文运用经济学管理学和传播学理论针对报业产业的特殊性在反思传统价值链构成的基础上将报业集团的价值链分为五部分一是基本价值链即报纸内容生产印刷发行广告二是延伸价值链即依托报纸实行价值联结点的横向与纵向的产业扩张三是拓展价值链即利用报业品牌在非相关领域内的扩张四是虚拟价值链充分利用市场机会实现报业集团个别环节的外包五是价值网与报业集团以外企业实现价值链的对接充分发挥竞争合作的潜力2根据报业集团价值链的新分类提出了重构我国报业集团价值链的新模式对称模式根据该模型我国报业集团的价值链重构可以采取两种方式专业化延伸式和多元化拓展式前者是将报业集团价值链的关键核心环节做足做大形成多点产出多点支撑的价值链条后者是将存在互补优势的媒介组织与非媒介组织以战略联盟形式构筑并拉长产业链条该模式把握了动态环境下报业产业价值链最根本的发展趋势并对这一趋势及其决策过程的内外生决策要素以及重构过程中对相应的关键节点的有效管理作出了深入分析3基于价值链的重构模型提出了设计我国报业集团竞争战略的新模型靶形模型根据该模型尽管报业集团可以采用的竞争战略很多但在进行战略选择时必须考虑自身的价值链构成并根据价值链的特征选择相应的竞争战略而其出发点和根本目的就是提高受众读者广告商价值提高我国报业集团竞争优势
2006,有机颜料的表面纳米包覆改性及其在涂料中的应用研究--《复旦大学》,有机颜料黄109 联苯胺黄G 二氧化硅 二氧化钛 层层自组装 溶胶-凝胶法 耐候性 耐酸性 润湿性,有机颜料具有着色力强色泽鲜艳色谱齐全等优点已经广泛地应用于油墨涂料塑料和橡胶等的着色而且是近期聚合物着色剂研究开发的热点但多数有机颜料品种存在着水相分散性差和耐光牢度耐候性不好等缺点文献中曾采用聚合物包膜有机颜料包核表面活性剂处理等方法来改善有机颜料的性能但到目前为止仍不尽理想本论文则采用层层自组装技术和溶胶凝胶法对有机颜料颗粒表面进行了二氧化硅二氧化钛等纳米无机氧化物的包覆改性试图将无机纳米氧化物的紫外屏蔽特性高耐候性亲水性化学惰性等优点赋予有机颜料从而提高有机颜料在水相中的分散性耐候性以及耐酸碱性等性能同时又不牺牲有机颜料的高装饰特性因为纳米无机氧化物具有可见光透过特性本论文选用有机颜料黄109和联苯胺黄G作为有机颜料体系研究内容包括纳米二氧化硅胶体粒子在有机颜料颗粒表面的层层自组装包覆二氧化硅纳米薄膜在有机颜料颗粒表面的溶胶凝胶包覆二氧化钛纳米薄膜在有机颜料颗粒表面的溶胶凝胶包覆以及包覆改性后有机颜料的性能研究等关于纳米二氧化硅胶体粒子在有机颜料颗粒表面的层层自组装包覆研究方面首先采用聚电解质聚二烯丙基二甲基氯化铵PDADMAC和聚4苯乙烯磺酸钠PSS交替吸附处理有机颜料颗粒表面使其带上正电荷再通过静电作用将纳米胶体二氧化硅粒子吸附到有机颜料颗粒表面上研究结果表明纳米二氧化硅粒子通过层层自组装方法可以成功地包覆到有机颜料颗粒的表面而且吸附到有机颜料颗粒表面上纳米二氧化硅的量随着预吸附聚电解质层数的增加而增加但当吸附六层聚电解质以后进一步增加聚电解质吸附层数对增加纳米二氧化硅吸附量没有太大意义包覆到有机颜料黄109颗粒表面二氧化硅层的厚度可以通过吸附多层纳米二氧化硅来控制表面元素分析结果表明有机颜料颗粒表面的纳米二氧化硅粒子包覆率随着纳米二氧化硅包覆层厚度增加而增大接触角的实验结果表明包覆了纳米二氧化硅的有机颜料的润湿性发生了明显的改善可以完全被水浸润能够很方便地应用于水性体系中紫外可见光谱分析结果证明了包覆纳米二氧化硅的有机颜料紫外屏蔽性能大大加强在二氧化硅纳米薄膜在有机颜料表面的溶胶凝胶包覆方法方面首先也是利用上述的两种聚电解质对有机颜料颗粒表面进行改性使其表面带上一定量的正电荷之后将带一定正电荷的有机颜料颗粒转移到乙醇溶液中然后将前驱体正硅酸乙酯TEOS和氨水加入到该体系中进行反应透射电镜照片结果表明在表面活性剂聚乙烯吡咯烷酮PVP辅助作用下通过控制氨水和水的用量可以控制包覆到有机颜料颗粒表面二氧化硅的形态使水解和缩合的TEOS能够在有机颜料黄109颗粒表面形成一层致密的二氧化硅纳米级厚度的膜二氧化硅层的厚度可以通过控制TEOS的用量来调控XPS分析结果表明随着二氧化硅层厚度的增加硅含量同样增加氯元素含量降低表明二氧化硅包覆层愈来愈致密紫外可见漫反射光谱数据表明用这种方法包覆的二氧化硅同样可以屏蔽紫外线热分析结果表明包覆了二氧化硅的有机颜料的热稳定性有所提高在二氧化钛纳米薄膜在有机颜料表面的溶胶凝胶包覆方法方面以钛酸正丁酯TBOT为前驱体采用类似于溶胶凝胶法二氧化硅包覆有机颜料工艺成功实现了二氧化钛在有机颜料颗粒表面的包覆研究结果表明可通过调节TBOT的滴加速度水和氨水的加入量等工艺参数得到致密的二氧化钛包覆层二氧化钛包覆层的厚度可通过TBOT的加入量来控制XPS测试结果表明随着二氧化钛层厚度的增加改性后颜料颗粒表面钛元素的含量也是逐渐增加的紫外可见漫反射光谱分析结果表明包覆二氧化钛后的有机颜料的紫外屏蔽性能大大加强与纳米二氧化硅粒子包覆有机颜料的紫外屏蔽性能相类似优于二氧化硅溶胶凝胶法包覆的有机颜料有机颜料包覆二氧化钛后耐热性也有一定程度的提高在改性后有机颜料的性能方面研究结果表明纳米无机物改性后的联苯胺黄G润湿性能都有所改善但用层层自组装方法制备的二氧化硅包覆联苯胺黄G的润湿性能明显优于溶胶凝胶法制备的二氧化硅二氧化钛包覆的联苯胺黄G不管用什么方法进行无机物包覆改性后的颜料耐酸碱性都增强将改性后的联苯胺黄G色浆加入乳胶漆配制成水性建筑涂料进行涂层性能测试发现包覆到联苯胺黄G上的无机物的壳层越厚越致密则改性后的联苯胺黄G配成的涂料涂层颜色就越鲜艳纳米无机物包覆后颜料的耐候性都有提高
2001,稀土元素发光特性及其应用--《化学研究》,稀土 发光材料 激光材料 荧光探针,"近年来 ,稀土元素及其化合物已成为现代尖端科技领域不可缺少的特殊材料 ,本文就其发光特性和应用作一介绍"
2015,我国挥发性有机物定义和控制指标的探讨--《环境科学》,挥发性有机物 定义 控制指标 监测方法 大气污染,"挥发性有机物(VOCs)种类繁多,对人体健康和生态环境危害大,是最为复杂的一类污染物.世界各国对其定义以及控制指标有所区别,我国的国家标准和地方标准对其也没有统一的定义,控制指标和对应的监测方法也各有不同.通过对国内外现行VOCs定义和控制指标的深入分析,提出VOCs的定义应根据""空气质量管理""与""污染源排放管理""关注问题的不同而有所区别;从生产源头、工艺过程、末端排放、总量控制等不同控制途径,建立的VOCs控制指标体系由10项指标构成;在制订行业VOCs排放标准时,应根据行业生产工艺特点、VOCs排放方式、可能采取的控制措施等,从中选择最有效的控制方式和指标(或指标组合)."
1995,超细二氧化钛的合成技术进展--《西北大学学报(自然科学版)》,超细粉 二氧化钛 合成技术,超细二氧化钛具有许多独特的性能，应用范围很广。对超细二氧化钛的合成技术进展进行了回顾，并指出研究和应用方面有待解决的问题。
2000,新型荧光材料的应用及其发展趋势--《化工新型材料》,荧光 特性 应用 发展趋势,"本文主要介绍目前新型荧光材料的荧光特性 ,着重介绍了荧光材料在农业、工业、医药学方面的应用 ,并探讨了新型荧光材料的研究及发展趋势"
2005,纳米氧化铁的结构性质及用途--《唐山师范学院学报》,氧化铁 纳米 性质 用途,"纳米氧化铁是一种多功能材料,在催化、磁介质、医药等方面具有广泛的应用。本文综述了纳米氧化铁的结构性质及其用途。"
1999,光致变色化合物及其应用--《湖北工学院学报》,光致变色 光异构化 光化学反应 吲哚啉螺吡喃 偶氮化合物 萘氧基萘并萘醌 俘精酸酐,介绍了一些光致变色化合物的结构类型、合成方法、变色特性、变色机理和某些应用实例，以及目前光致变色化合物的研究动向.
2001,紫外光固化设备与光固化合物的研究--《感光科学与光化学》,紫外光 辐射固化 多官能团单体 低聚物 光引发剂,"涂层紫外光固化技术由于在能源节省、产品质量以及环保方面的优势 ,正在不断的迅速发展 .本文综述了近年来辐照设备的进步 ,以及紫外光固化体系所涉及的单体、齐聚体和光引发剂的研究发展情况"
2008,微纤化纤维素的制备及其对纸张增强效果的应用研究--《广西大学》,微纤化纤维素 竹子 均质化处理 纳米材料 纸张增强,近年来随着人们环保意识的不断加强及对可再生资源合理利用方面关注程度的日益提高使得在材料科学方面利用可再生的植物纤维原料的改性产品来替代不可再生性资源产品方面的研究成为全球热点本文介绍了一种新型纤维素产品纳米级微纤化纤维素简称MFC并对其制备及其在纸张增强效果方面的应用进行了相应研究MFC由于高度微细纤维化而使其具有极大的比表面积使纤维表面裸露出大量的极性羟基从而使MFC具有了一些常规纤维素产品所不具有的独特的性质本文以漂白硫酸盐竹浆为原料结合浆料的PFI打浆和化学预处理以及后续的高压均质化处理制备出直径尺度在011nm范围内的纳米级微纤化纤维素产品并通过SEM对竹子微纤化纤维素产品的表面形貌进行了观察同时通过物理和化学的方法对所制备的微纤化纤维素产品的相对保水值流变特性及羧酸基团等进行了测定结果表明与常规纤维素产品相比MFC具有极高的相对保水值且MFC胶体产品表现出典型假塑性流体剪切稀释的特征另外经初步研究得出MFC产品的羧酸基团含量与其相对保水值之间存在着一定的线性相关性本文还对MFC在造纸工业中纸张增强效果方面的应用进行了研究实验中将MFC阳离子淀粉及MFC与阳离子淀粉复配物分别加入到纸浆中进行抄片研究他们对手抄片物理强度等方面性质的影响结果表明将竹浆MFC产品加入到纸浆中能提高手抄片的物理性能且MFC与阳离子淀粉协同使用时的增强效果要明显好于仅仅单独使用MFC或阳离子淀粉时的增强效果
1995,紫外线固化涂料与油墨的最近发展动向--《化工新型材料》,固化涂料 紫外线固化树脂 阳离子固化 低聚物 紫外线固化油墨 稀释单体 电子束固化 反应性 紫外线灯 环氧化合物,紫外线固化涂料与油墨的最近发展动向黄汉生（武汉化工研究所）１．紫外线固化树脂市场概况￣［１－２，５］由于限制溶剂排放的环保法规日益严格、紫外线固化技术渐趋完善以及辐射固化（主要是紫外线固化）技术应用领域不断扩展，紫外线固化树脂成为当今发展最快的特殊功...
2011,紫外线固化印铁油墨的研制--《化学工程与装备》,紫外线固化 印铁油墨 研制,"介绍了UV印铁油墨的配方和生产工艺;分析了UV印铁油墨的技术指标,并与国内外同类产品进行了成本比数;探讨了颜料对光固性能、颜料对贮存稳定性能、阻聚剂对油墨稳定性能、光敏剂量对涂膜性能对紫外线固化印铁油墨的影响,同时还对UV印铁油墨贮存效果进行了分析。"
2004,塑料热成型及应用的紫外线固化油墨--《网印工业》,塑料热成型 真空热成型 紫外线固化油墨 塑料制品 热成型工艺 三维立体 丝网印刷油墨 玻璃化温度 柔韧性 热成形工艺," 为使塑料制品对顾客更具吸引力,同时也有出色的使用功能,在三维立体塑料制品表面印上色彩斑澜的图案,已经成为近几年一个被关注和迅速发展的领域。例如:一个色彩鲜艳的三维立体塑料娃娃,会使儿童爱不释手,争相购买;一个色彩鲜明的三维立体塑料装饰品,非常醒目,又美化环境,给人以美的享受。塑料制品表面印刷主要是依靠丝网印刷来实现的,这也是伴随着塑料自身性能的不断改善以及新型丝网印刷油墨体系的进步得以迅速发展起来的。 在众多常见的三维立体塑料制品"
1993,国外对紫外线固化油墨的开发现状--《化工新型材料》,紫外线固化油墨 丝网印刷 丙烯酸系 平版印刷 阻焊油墨 低聚物 光引发剂 连接料 颜料 环氧丙烯酸醋," 紫外线固化油墨是国外近十几年来才开发成功的一种功能性油墨。由于它具有普通油墨所没有的许多优异性能,因此引起了人们极大的兴趣。从1969年开始,美、日等国大力进行了开发,并陆续推出了适用于平版印刷,凸版印刷、凹版印刷及丝网印刷等印刷方法的系列产品。仅日本就有30家工厂生产紫外线固化油墨,年销售额已达65.1亿日元。本文将对国外紫外线固化油墨产品开发,应用及市场等方面情况作一介绍。"
