2017,LED-UV油墨--《丝网印刷》,印刷领域;耐溶剂性;墨膜;摩擦性;光泽度;热收缩膜;板基;水转印;,"中山中益油墨涂料有限公司早在2014年就开始专注LED-UV油墨的研发,目前已成功研发几款满足市场的LED-UV油墨,并得到多个印刷领域的认可。特点如下:1.固化能量低,产生热量小,固化后可堆积,进入后加工,无背面粘脏问题;2.不使用溶剂,固化时不排放、不释放挥发性有机化合物,有利于环保;3.固化后墨膜层光泽度高,且具有很好的耐热性、耐溶剂性、耐摩擦性等;4.墨膜100%固化,硬度高,适用于对墨"
2015,《紫外光固化(UV)油墨用阳图热敏计算机直接制版(CTP)版材》行业标准将于2016年1月1日施行--《印刷技术》,紫外光固化;计算机直接制版;CTP;UV;版材;阳图;行业标准;检验规则;直接制版机;工业和信息化部;,"7月29日,工业和信息化部批准发布543项行业标准,其中包括HG/T 4865-2015《紫外光固化(UV)油墨用阳图热敏计算机直接制版(CTP)版材》。该标准规定了紫外光固化(UV)油墨用阳图热敏CTP版材的要求、试验方法、检验规则、包装及标志、储存和运输,适用于以铝板基为支持体涂布热敏感光层而制成的耐UV油墨阳图热敏CTP版材,该版材用于波长为830nm激光光源的计算机直接制版机的制版。该标准将于2016年1月1日起施行。"
2013,专业油墨，尽在爱克发——唯一UV油墨及全线工业喷墨没备生产商--《中国报业》,油墨 安全标准 环保标准 保存期 创新 同类 研发 玩具 经验 生产商,"·爱克发超过140年经验创新,1992年开始油墨研发;·通过全球ISO环保标准ISO 9001:2000及ISO 14001:2004:·通过全球玩具安全标准(EN 71-3:及ASTM F963-96a)·气味接近零,为同类UV油墨中最轻;保存期达18个月,为同类UV由墨中最长;"
2009,EFI为超大幅面打印机提供新一代UV油墨--《广东印刷》,超大幅面 打印机 油墨 承印物 分阶段 副总裁 总经理 客户开发 升级 公司,"EFI公司于近日为自己的超大幅面打印机QS2000和QS3200推出了新一代UV油墨。已经拥有了QS2000或QS3200打印机的客户可以分阶段对自己的系统进行升级。EFI公司油墨部的副总裁兼总经理Scott Schinlever说:""与原有的QSUV油墨相比,新一代油墨能在各种承印物"
2016,2020年UV固化油墨市场有望达35亿美元--《印刷质量与标准化》,标签印刷;饮料行业;市场研究机构;包装食品;亚太市场;固化速度;消费行业;出版领域;法规限制;快速固化;,"据Allied Ma rket Research(美国联合市场研究机构)推出的题为""全球UV固化油墨——2014—2020年市场机会及预测""的报告预计,全球UV固化油墨市场将于2020年达到35亿美元,2015—2020年间的复合年均增长率超过15.7%。由于包装食品及饮料行业的增长带动了标签印刷需求的上升,成为UV油墨的主要增长领域。新型的UVLED油墨技术将在多个方面逐步替代UV油墨。鉴于药品和消费品标签应用需求的增长,亚太市场有望见证UV标签油墨技术的快速增长。"
2018,乐凯华光印刷科技有限公司  耐UV油墨热敏阳图CTP版材--《创新科技》,印刷科技;CTP;UV;,"企业简介乐凯华光印刷科技有限公司(简称""乐凯华光"")隶属于中国航天科技集团有限公司旗下的中国乐凯集团有限公司,是同时具有胶印版材、印刷胶片、柔性树脂版等产品生产能力、全方位为印刷业服务的国有大型企业,为我国印刷工业告别""铅与火"",进入""光与电""和数字化时代,并向数字化和绿色环保并重发展方面做出了突出贡献。主要产品""十二五""以来,实现印刷技术的绿色环保成为行业发展的必然要求。由于UV"
1998,杜比生产的UV油墨--《丝网印刷》,UV油墨 丝网印刷油墨 高光泽 聚乙烯 杜比 质量认证 质量和可靠性 专业生产厂家 组合印刷 光盘印刷,杜比生产的ＵＶ油墨ＤＵＢＵＩＴＥＮＣＲＥＳ建立于１９７０年。由于致力于开发ＵＶ油墨，因而发展很快。作为ＤＵＢＵＩＴ集团的一部分，它是生产瓶子和ＣＤ光盘印刷设备的私人公司，现已成为丝网印刷油墨专业生产厂家，并且已逐渐扩展到许多新的丝网印刷领域，成为工业...
2013,伊藤油墨推出UV耐水丝印玻璃油墨--《新型建筑材料》,,"UV油墨非常适合于玻璃产品的印刷,但其耐水性不佳,一直困扰着国内外油墨研发者,也阻碍了UV油墨在玻璃上的推广应用。针对这一情况,伊藤油墨涂料化工技研株式会社总结多年UV油墨研发经验和教训,突破传统思路,最新开发出一款耐水煮UV丝印玻璃油墨N-GL9000,其特点如下:(1)极佳的耐水性。UV固化好的玻璃产品,能经得起自来水浸泡30 d以上,再用开水浸泡24 h,固化膜硬度和附着力不受影响。(2)UV快速固化,无需后加热处理。新型UV玻璃油墨印刷后,直接UV固化,不需要后加热处理,就能赋予墨层极佳的耐水性能。"
2002,美国丽色达公司在中国推广水性UV油墨--《包装世界》,中国市场 生产基地 经销商 普通型 公司 油墨制造 丝网印刷 水性 市场推广 合成纸," 美国丽色达公司最近加大了水性UV油墨在中国市场的推广力度。美国丽色达公司是北美最大的丝网印刷油墨制造商,在北美,丽色达有5家生产基地,在全球有50多家经销商。丽色达公司在中国市场主要推广其普通型的"
2013,低温酒瓶水转印花纸UV油墨印刷工艺--《丝网印刷》,,"酒瓶贴花用途的低温水转印花纸是近年来为适印低能耗、环保及美观的要求而开发的水转印花纸产品。通常这类花纸都是由溶剂挥发型油墨进行印刷,因此印刷环境较为恶劣,生产效率也较低。为改变这种状况,目前国内已有油墨生产厂家着手研发环保和印刷效率更高的UV固化型油墨。本文就杭州恒基油墨涂料有限公司研发和生产的酒瓶用花纸印刷的UV系列油墨作一简单的介绍。"
2013,伊藤推出新型UV耐水玻璃油墨--《丝网印刷》,,"近日,伊藤油墨涂料化工技研株式会社总结多年UV油墨研发经验开发出一款耐水煮UV玻璃油墨N-GL9000。这种新型UV油墨有以下几个特点:一是极佳的耐水性。经过UV油墨固化好的玻璃产品,能经得起自来水浸泡30天以上,并且固化膜硬度和附着力均不受影响。二是这种UV油墨固化快,无需加热处"
2012,走进标签印刷油墨的炫彩世界--《标签技术》,印刷油墨 标签印刷 油墨市场 市场需求 水性油墨 色彩 世界 生活中 载体 特性,"生活中不能缺少色彩。标签印刷油墨作为一种非常重要的色彩载体,在标签材料上勾勒出美仑美奂的图文效果,赋予了标签多姿多彩的特性。可以说,标签印刷油墨的应用让标签和商品更加炫丽,让我们的生活变得更加美好。根据市场需求,当前我国标签印刷油墨市场处于UV油墨为主,其他种类油墨为辅的格局。本期专题我们将共同走进标签印刷油墨"
2018,海中辉  为行业树立新标杆--《印刷技术》,LED;展位号;UV;固化系统;固化速度;,"深圳市海中辉油墨制品有限公司成立于1998年,专业生产UV油墨,是集研发、生产、销售为一体的国家级高新技术企业。公司座落于美丽的石岩湖边,年产值5亿元以上,是集工作、生活、学习、休闲为一体的花园式工业园。公司拥有科学的技术配方、先进的工艺设备、严谨的现场管理、绿色的工作环境。海中辉为您提供性能更优异、品质更稳定的UV油墨。海中辉为国内外客户提供颜色定制、特殊效果产品调制、附着力"
2010,如何提高UV油墨在PET材料上的附着力--《丝网印刷》,附着力 油墨 材料表面 网版印刷 环保要求 表面特性 表面张力 油性 问题 电火花,"众所周知,UV油墨在PET材料上的附着力一直较低,所以在PET材料上用油性油墨印刷的比较多,但是随着环保要求的越来越高,UV油墨因其环保等特性而使用逐渐广泛起来。所以如何提高UV油墨在PET材料上的附着力问题变得尤"
2016,如何提高UV油墨对底材的附着力--《中国包装》,空气喷嘴;电晕处理;正负极;接地面;打印机打印;吸收性;光油;涂剂;墨层厚度;底涂;,"在使用UV平板打印机打印一些材料时,因为UV油墨瞬时干燥的原因,有时会导致UV油墨对底材附着力低的问题。此篇文章就是研究如何提升UV油墨对底材的附着力可。电晕处理笔者发现,电晕处理是一种能有效提高UV油墨附着力的方法。电晕装置的正负极分别接地面和诱电空气喷嘴,利用高电压高周波使电击分子从诱电空气喷嘴喷出,带着高能量的游离电子加速冲向正极,这样便可以改变非吸收性材料的极性并增加表面粗,增强与油墨结合的"
2003,光固化油墨--《丝网印刷》,紫外线 固化 油墨,"光固化油墨有许多优点,因此受到薄膜开关、广告、灯箱、光盘、包装印刷等领域的青睐。介绍了光固化油墨的成分、特点、工艺参数及应用范围。同时对操作中的一些关键问题进行了详细论述。"
1994,使用水基UV油墨改进印刷质量--《丝网印刷》,UV 油墨,水基ＵＶ油墨有许多优点，适合在涂料纸和纸板上进行加网印刷和四色印刷。文章介绍了水基ＵＶ油墨的种类和组份。为了使ＵＶ油墨达到最佳性能，必须配备高质量的耐水模版和平纹丝网。水基ＵＶ油墨可用于一切网印设备并适用于高速滚筒印刷机。目前，水基ＵＶ油墨还不能满足所有网印厂家的要求，随着对其更加深入的研究，定将逐渐扩大应用范围并取代普通ＵＶ油墨。
2015,印刷工艺中的UV固化技术--《辽宁省交通高等专科学校学报》,UV 上光 胶印 水墨平衡 油墨乳化 效率 成本,"快速、高质量、多色一次印刷是现代印刷工业追求的终极目标。而欲达到此目标需解决的一个主要问题就是加快印刷品上油墨的干燥速度,印刷在承印物上的UV固化型油墨经紫外线的照射可在极短的时间内干燥固化,该技术被称为UV固化技术。UV固化技术在近期因市场的需要而发展的较快,但仍有一些问题需要解决。"
2003,紫外光固化油墨发展综述--《丝网印刷》,油墨 紫外线固化 网版印刷,"综述了紫外线固化油墨(UV油墨)的基本概念和成膜原理,UV油墨和传统油墨的组成比较,优势比较,介绍了影响UV油墨固化性能的因素及使用方法和注意事项,对UV油墨的市场作了预测。"
2019,"为中国酒瓶后加工提供自动化、智能化服务,为员工实现价值——成都市德工智动科技有限公司--《网印工业》",后加工;五粮液;自动化印刷;工艺产品;泸州老窖;智能制造;四色机;印刷行业;印刷材料;成都市;,"成都市德工智动科技有限公司(以下简称德工公司)于2015年7月20在成都市高新技术开发区成立,定位于""中国玻璃酒瓶直印专家"",是中国第一家真正实现玻璃酒瓶直印工艺规模化量产的科技企业。德工公司的企业文化德工公司积极秉承""做酒瓶自动化后加工引领者""的企业愿景,真诚履行""为中国酒瓶后加工提"
2019,数码光油烫金的工艺应用--《今日印刷》,UV;局部上光;工艺效果;烫金工艺;电化铝箔;,"数码印刷是与传统印刷完全不一样的一种印刷方式,如今的传统印刷,无论是在印刷速度上还是印刷品质上,都达到了相当高的程度。数码印刷由于无须传统印刷繁杂的工序,只需由计算机发往印刷机即出成品,因此在急件印刷、可变印刷、按需印刷领域,数码印刷的优势是传统印刷不可达到的。因此,数码印"
2019,第1000台机组正式下线  ROLAND 700 EVOLUTION卓越版印刷机不断成功的故事--《今日印刷》,印刷机;ROLAND EVOLUTION;,"自首台测试机在奥地利Samson印刷公司问世以来,ROLAND 700 EVOLUTION的卓越表现不断给人留下深刻印象。2018年10月17日,我们再次见证卓越版印刷机的另一个里程碑——第1000台印刷机组在德国奥芬巴赫曼罗兰平张总部装配线上正式下线。这台六色并配备双上光单元的印刷机附加各种自动化功能,计划安装在位于比利时瓦雷的Impritex包装印刷公司。"
2019,基于胶版印刷的LED-UV印刷固化系统设计--《北京印刷学院》,印刷固化 LED-UV 反激电源 FLUENT仿真 STM32单片机,LEDUV紫外线印刷固化是一种利用LED光源固化UV油墨的新型绿色印刷固化技术目前已经成为印刷固化领域的研究热点与传统的UV汞灯光源固化方式相比具有节能环保使用寿命长工作效率高热辐射小等优点但仍存在着的有效辐射能力低散热效果差可控程度低等问题针对以上问题本文进行了基于胶版印刷的LEDUV印刷固化系统设计主要内容如下为了提升固化系统工作可靠性进行了光源系统结构设计和串并联方式设计光源系统固化幅宽达到520mm由24块基板组成基板上的LED以分组并联再组间串联的方式连接实现了任意LED损坏系统仍可在较长时间内稳定工作任意基板损坏只需更换小面积基板减少更换成本为了使光源系统稳定工作利用单级有源APFC有源功率因数校正变换器设计了工作在断续模式下效率高可在线调整的反激式恒流驱动电源实现了固化系统长时间工作时紫外辐照度一直保持在6000mWcm2以上为了提升固化系统散热效果进行了传热路径热阻分析和散热板流道结构设计分析了从LED的PN结到散热板表面的传热路径中各部分热阻的影响因素建立了不同流道结构散热板的三维模型和有限元模型仿真了相同入口截面在不同流速下板面温度场分布状况并分析了流速流量和流阻三者之间的关系以及对水泵功耗的影响实现了入口水冷液为30时PN结最高温度不超过42为了提升固化系统可控程度设计了可采集固化系统电压电流印刷速度幅面宽度和温度的控制系统并可根据承印物幅面变化自动调节固化幅宽根据速度变化自动调节输出功率控制系统以具有抗工业干扰能力的STM32单片机为主控制器以触摸屏为上位机可实时监测和控制印刷固化系统的工作状态
2011,光引发剂的进展--《影像技术》,光固化 光引发剂 紫外光引发剂,"光引发剂是光固化(射线固化)材料的关键组成部分,对光固化速度起着决定性的作用。本文全面、系统地阐述了近年来光引发剂的技术进展,并在光引发剂分类的基础上,详细介绍了数种市售新型光引发剂的化学结构、性能和用途。"
2011,紫外光固化涂料的研究进展及发展趋势--《精细与专用化学品》,紫外光固化涂料 齐聚物 光活性单体 光引发剂 性能 应用,"紫外光固化涂料是一种新型绿色环保节能涂料,近年来发展迅速。本文重点综述了紫外光固化涂料的国内外发展概况,介绍了光固化涂料的固化原理、组成及性能,阐述了其研究及应用现状,指出水性化和粉末化将是紫外光固化涂料未来的发展方向。"
2009,数字印刷技术的发展及现状--《影像技术》,数字印刷机 喷墨数字印刷 印刷技术 喷墨技术 单张纸 卷筒纸 计算机技术 电子油墨 喷墨打印技术 高精度,"随着计算机技术、喷墨打印技术、高精度喷涂装置、超细染料制备等技术、装备和原料的不断发展、更新,明显地加速了数字印刷的工业化和实用化。在2008年德鲁巴国际印展会(Drupa)上,数字印刷成为最大的亮点,而喷墨数字印刷更成为亮点中的亮点。本文较全面地阐述了数字印刷和数字印刷技术,重点介绍了喷墨数字印刷技术和各种品牌的数字印刷机,并对数字印刷技术的发展前景进行了展望。"
2004,光固化涂料的应用进展--《信息记录材料》,光固化涂料 UV油墨 光引发剂,"光固化涂料是 1种新型的绿色环保节能型涂料 ,近几年发展很快。本文介绍了光固化涂料的基础理论、各个组成部分、国内外的近期发展、研究现状及其应用 ,指出了光固化水性涂料和粉末涂料是其发展的 2大热点 ,同时介绍了光固化涂料在抗蚀剂中的应用 ,制造印刷电路板及制成UV光固化油墨等。"
2007,丝网印刷工艺与参数研究--《江南大学》,丝网印刷 丝网几何特性 数字加网 表面粗糙度 网距 油墨附着量 正交实验,丝网印刷以其众多的优点在近年来得到了迅速发展并呈现出勃勃生机丝网印刷的发展是建立在生产实践技术之上的缺少理论和数学模型的指导发展受到阻碍尤其是产品的高精度印刷受到限制丝网印刷工艺主要参数的研究分析对提高丝网印刷品的精度和质量实现丝网印刷工艺的规范化和数据化管理有着重要意义影响丝网印刷精度的因素比较多可变因素就达90个之多本文主要就如何提高丝网印刷的精度进行了分析丝网几何特性是丝印的基础在对目数及丝径等参数的分析基础上对比了最小网点的计算公式提出分辨率的计算应在张力的影响下进行才能得到较为精确的结果龟纹是影响精度的一大因素采用数字加网可有效避免龟纹提高精度印版特性影响到印品精度应用粗糙度对印版的表面状况进行了研究讨论了提高光滑度及印刷精度的方法网距的存在使印刷图文产生形变和位置的改变为此建立了模型并进行模拟实验得出了网距与印刷精度及位置变化之间的关系曲线油墨的流变性表面张力关系到油墨附着量和印迹扩大文中用实验数据分析对比对油墨的附着公式进行了修正使墨层厚度的计算结果提高最后设计实验验证了粗糙度对印迹的影响引入正交实验的方法得出在丝网印刷中目数对精度的影响起主要作用其次为粗糙度和网距对于一定的印品可以用正交实验的方法得到最佳的工艺条件为生产实践提供了参考
2012,“自然而然”生态设计理念介入下的食品包装设计研究--《浙江农林大学》,自然而然 生态理念 生态设计 食品包装设计,自然而然生态设计理念是在建设生态社会背景下在以自然为本的生态设计理念渐而取代以人为本的设计理念潮流中以生态理念在包装设计领域的发展为研究切入点结合现今社会的食品安全问题而提出的食品包装设计理念本文从食品包装设计的各要素入手对自然而然生态设计理念进行阐释在包装材料设计方面主要阐述食品包装的生态环境材料特性包括良好的保护特性易于加工操作与方便使用的特性便于外观视觉设计的特性易于回收处理的特性可再生可循环利用的特性等把包装材料分类为天然包装材料可再生或可回收包装材料可降解包装材料可食性包装材料等并引用相关设计案例进行阐述在包装造型与结构设计方面主要阐述包装造型与结构的设计原则包括造型合理成本节俭原则运输存储安全便利原则功能结构多用易拆原则引用相关设计案例具体从生态食品包装的独特性造型设计功能性结构设计两个方面进行分析在包装的视觉设计方面主要从图形设计文字设计色彩设计编排设计四个方面进行阐述并引用相关设计案例进行分析通过色彩图形文字的有意味的和谐的编排设计使其有较强的传达功能审美功能和情感渲染功能要求能达到生态性的统一在包装的清洁生产方面主要从包装的绿色印刷工艺加工工艺两个方面进行阐述说明油墨与黏合剂的环保性很大程度上决定了该包装的生态可执行性在食品包装的生态理念宣传设计方面从生态理念宣传的必要性和设计策略两方面说明包装也应承担宣传生态理念的重任自然而然生态设计理念强调设计师要对现有的食品包装进行更为环保的设计不仅要实现包装传统的三大功能保护商品免受损坏便于运输与仓储促销还要注重在流通处理的整个生命周期中对自然环境的生态环保功能以及对人类食用使用和精神的作用
2001,UV固化油墨的研制--《湖南大学》,紫外光固化UV固化油墨 自由基光固化油墨 阳离子光固化油墨 混杂光固化油墨,紫外光固化UV固化技术应用于涂料油墨粘合剂等领域高效节能无环境污染且产品性能优异为行内竞相开发的新技术本文根据UV固化机理对自由基阳离子及自由基阳离子混杂体系油墨进行了研究并自行合成了自由基体系油墨的粘结料环氧丙烯酸酯EA和聚氨酯丙烯酸酯PUA在自由基体系中实验着重于引发剂与颜料的紫外吸收波长配伍在测定了四种基本颜色各自紫外吸收波长的基础上寻找出与不同颜色体系相匹配的引发剂配方得出用于红黄兰黑色油墨的引发剂分别为I369I819I180OITXI369自由基体系油墨粘度为21002200cP固化温度80固化时间为086S附着力7086丙酮擦拭20O次铅笔硬度为H2H在阳离子体系中出于降低成本的考虑实验选用了较便宜的双酚A环氧树脂为粘结料探索了与其它原料的配比筛选出E5lUVR6128polyol0301UVI6974的最佳阳离子油墨配方阳离子油墨粘度为1280180OcP固化温度80固化时间为1336S附着力100丙酮擦拭200次铅笔硬度为HB2H自由基和阳离子体系油墨的性能均达到或超过了相关技术指标在自由基和阳离子油墨优化配方的基础上本文通过改变两体系的配比进行了自由基阳离子混杂体系油墨配方的探索混杂体系油墨粘度为15802100cP固化温度80固化时间0823S附着力85100丙酮擦拭108200次铅笔硬度为H2H固化后的混杂体系涂层固化速度界于自由基与阳离子体系固化速度之间价格适中但附着力和耐溶剂性欠佳有待进一步研究建议改变混杂体系中的树脂连接料采用同一分子上既有丙烯酸酯官能团又有环氧官能团的单体
2003,环氧丙烯酸酯光固化体系及积层电路板用感光成像油墨的研究--《华南理工大学》,紫外光固化 积层电路板 环氧丙烯酸酯 碱溶性感光树脂 感光成像油墨 混杂聚合,在整个涂料工业中紫外线UV固化技术是发展最为迅猛的领域UV固化技术具有低毒性原料价格便宜固化速度快配方简单和操作方便等诸多优点本文对光化学光聚合光引发剂光敏树脂UV固化等的研究进展进行了综述采用UV固化技术可以使含有不饱和官能团的活性单体预聚物在光引发剂的作用下进行光聚合反应发生交联光引发剂主要起到吸收光能并经过化学变化产生活性中间体的作用常见的光引发剂可以分为阳离子型和自由基型两大类积层印制电路板简称积层板是由独立的印制电路板或内层间被绝缘材料分隔的电路板组成内层的电路依靠普通孔和电镀通孔进行连接积层板的电路是三维排列的与传统印制电路板相比极大地节省了空间因为后者最多只能排布两层电路即双面板积层板微孔的制作方法包括激光钻孔光致蚀孔和等离子体蚀孔法在本研究中采用一种不仅能光致成像而且能硬化成为永久绝缘材料的UV油墨来形成积层板的内层UV油墨可用多种方法涂布如丝网印刷静电喷涂帘涂等涂布UV油墨后将板进行曝光再用适当的显影剂显影将已曝光或未曝光的部分洗掉显影后进行蚀刻蚀刻液可以是碱性蚀刻液或是酸性的氯化铜或氯化亚铜溶液可将脱去抗蚀层的金属层蚀刻掉UV油墨不是在曝光显影和蚀刻后被剥离而是作为一种预浸物的补充物或取代物留在内层上形成内层间的绝缘层采用光差扫描量热法DPC来监测环氧丙烯酸酯体系的光固化动力学讨论了反应的影响因素利用DPC数据计算出反应速率与各种影响因素的关系光引发剂的浓度指数小于05单体浓度指数介于1和2之间环氧丙烯酸EA树脂在辐射固化领域中是一种重要的感光树脂其中双酚A型环氧丙烯酸树脂的应用最为广泛本文着重研究了该种树脂的合成工艺讨论了原料投料比反应温度催化剂及操作方法等因素对树脂性能的影响并通过正交试验确定了最佳反应条件用NN二甲基苯胺作催化剂合成了酚醛环氧丙烯酸酯通过酸值和环氧值的测定研究了反应时间反应温度反应物配比及催化剂用量对丙烯酸转化
2006,产品绿色设计理论及应用研究--《昆明理工大学》,产品设计 绿色设计 绿色包装设计 设计流程,传统设计主要是根据该产品的性能质量和成本等指标进行设计设计过程中很少考虑产品的维护性拆卸性回收性报废产品的处理以及对生态环境的影响按传统设计生产制造出来的产品在其使用寿命结束后不能有效地回收而且其生命周期的全过程都可能造成生态环境的污染并造成资源的大量浪费影响了经济发展的可持续性绿色设计是80年代末开始出现的一股国际设计潮流绿色设计要求在设计产品时必须按环境保护的指标选用合理的原材料结构和工艺在制造和使用过程中降低能耗不产生毒副作用其产品易于拆卸和回收回收的材料可用于再生产绿色设计要求设计师具有更广博的知识和对人类持续发展的责任感以及更明晰的设计理论和系统化的设计体系因此产品设计中可行的绿色设计方法和设计流程的研究是非常必要的本论文首先分析了产品对环境的不利影响接着介绍了绿色设计的概念历史现状和发展趋势分析了绿色设计与传统设计的关系在此基础上总结了绿色设计的主要方法和具体流程然后对当前绿色设计中容易被忽视的绿色包装设计进行了详细的分析和探讨接着对绿色设计的生命周期评价方法及其运用过程中的缺陷和问题进行了讨论最后本论文以手机为实例进行了绿色设计实践
2007,UV胶印油墨的研制及其印刷适性的研究--《北京印刷学院》,UV油墨 胶印 固化速度 乳化 流变性能,UV胶印油墨由于优质高效环保等优点在印刷行业中的应用已经日益广泛本论文通过大量实验对UV胶印油墨的各种组分进行筛选优化最终确定了UV胶印油墨的基本配方采用研磨分散的方法自主研发制备了各项性能良好的UV胶印油墨样品对研制的UV胶印油墨样品进行了流变学性能及印刷适性的测试探讨了UV胶印油墨各组分对流变学性能印刷适性的影响并研究了乳化对油墨固化转移率及触变性的影响研究结果表明UV胶印油墨表现出非牛顿流体的特征具有触变性不同的单体预聚物结构的差异对颜料粒子的分散状态有较大影响最终影响油墨样品的流动特性和触变性引发剂的光谱吸收特性和含量单体和预聚物的官能度影响UV胶印油墨样品的固化使用对颜料粒子的润湿分散能力较强的单体和预聚物制备的油墨样品具有较高的光泽度UV胶印油墨的乳化率与预聚物的乳化率有关混合预聚物中环氧预聚物含量增大时油墨乳化率升高UV胶印油墨的固化速度随乳化率升高而降低转移率随乳化率的增加呈先上升后下降趋势乳化后的油墨触变性降低研制的UV胶印油墨的色域范围较宽具有良好的色彩再现性能本文研究结果为制备高质量具有良好印刷适性的UV胶印油墨具有一定的参考意义
2000,光引发剂、颜料对紫外光（UV）固化油墨固化速度的影响--《北京化工大学》,UV油墨 UV固化 光引发剂 颜料 固化速度 光谱吸收曲线 印刷密度,UV油墨由于干燥速度快无污染印刷质量高等优点在印刷行业正在被越来越广泛的应用在UV油墨中固化速度是一个比较重要的问题UV油墨的固化是依靠光引发剂吸收辐射能后形成自由基或阳离子引发单体和预聚物发生聚合交联和接枝反应形成交联的立体网状结构的高分子聚合物从而使油墨固化另外由于油墨含有颜料而不同的颜料对紫外光也有不同程度的吸收反射和散射从而影响油墨的固化速度所以无论是光引发剂还是颜料它们对UV油墨的固化速度都有着很重要的影响本论文利用了9种光引发剂11种颜料在相同的条件下改变光引发剂颜料的种类及用量配制四色丝印UV油墨测试了所用颜料的光谱吸收曲线配制油墨的固化速度以及在改变颜料时的印刷密度研究了光引发剂颜料对于UV油墨的固化速度的影响研究结果表明光引发剂颜料对UV油墨的固化速度的影响很大要提高UV油墨的固化速度首先必须选择好光引发剂和颜料的种类这是非常重要的光引发剂吸收光谱要与光源的辐射光谱相匹配同时应与油墨的颜料相匹配即光引发剂的吸收峰尽可能在颜料光谱窗弱吸收范围内颜料对UV油墨固化速度的影响主要由于它对紫外光的吸收不同种类的颜料对UV油墨固化速度的影响是不同的颜色的影响尤为严重UV油墨固化速度的顺序依次为品红墨黄墨青墨黑墨油墨中光引发剂颜料的含量要适量颜料的含量应在保证印刷密度的前提条件下越低越好通过本论文的实验可以得到光引发剂819与BK2碳黑颜料匹配最佳最佳颜料的含量约为7光引发剂ITX与C3酞菁蓝颜料匹配最佳最佳颜料的含量约为6光引发剂ITX与Y2联苯胺黄颜料匹配最佳最佳颜料的含量约为6光引发剂ITX与M四色版宝红颜料匹配最佳最佳颜料的含量约为6运用本论文的研究结果配制UV丝印光盘油墨由油墨生产厂进行中试并在光盘印刷厂进行印刷通过对研制的油墨的性能印刷质量与同类进口墨相比较结果表明研制的油墨的固化速度以及印刷性能印刷质量都很好北京化工大学硕士学位论文完全可替代进口油墨关键词UV油墨UV固化光引发剂颜料固化速度光谱吸收曲线印刷密度
2011,涂布纸油墨渗透的表征及影响油墨渗透因素的研究--《华南理工大学》,涂层微观结构 油墨渗透 胶黏剂Z向分布 胶黏剂迁移 印刷色斑,在涂布纸上能否实现理想的油墨光学密度取决于油墨在纸张上的渗透性然而油墨渗透性又受到纸张本身的表面结构和光学性能的影响油墨的渗透性是纸张本身非常重要特性之一油墨转移到纸张上并在涂层表面固着渗透其固着渗透情况最终影响印刷品的质量和油墨的使用目前有关油墨渗透的研究报道中较为精确的是切割法但切割的过程对于纸张有一定的损伤性使测量结果的可靠性大大降低本论文用激光共聚焦显微镜法表征涂布纸的颜料胶黏剂涂布及印刷过程对涂层结构和油墨渗透的影响进行了分析并对其渗透深度和渗透轨迹进行定量化研究胶粘剂的迁移是影响油墨渗透均匀性的重要因素目前有关胶黏剂迁移的表征停留在定性和半定量上且测量的误差较大本论文通过荧光染色法对胶粘剂在纸张中的三维分布实现了定量化表征分析了影响胶黏剂迁移的因素并对胶黏剂的迁移程度对油墨渗透均匀性的影响进行了研究利用AFM和SEM分析发现颜料的形状会影响粒子在涂层中的堆砌状态片状高岭土颜料比纺锤形碳酸钙状颜料填充得更紧密有序可以较好的覆盖在纸张的表面高岭土涂层表面更加平滑细腻涂层的孔隙度小纺锤体形状的碳酸钙则使涂层孔隙度增大利用激光共聚焦显微镜对印刷油墨进行光学切片对其在纸张中三维分布进行了研究高岭土颜料涂布的纸样油墨渗透的深度小渗透的均匀性好碳酸钙涂布的纸样其油墨吸收性增强油墨的渗透深度较大渗透均匀性较差通过SEMEDS和AFM分析发现随着干燥温度的升高涂层表面的C元素含量不断增加丁苯乳胶在AFM相位图中所占的面积也不断增加丁苯乳胶在涂层表面的含量不断增加用罗丹明B对丁苯乳胶进行染色标定涂布纸Z向任何一个XY平面的胶黏剂含量都能精确的计算出对胶黏剂在纸张中三维分布的定量化进行了研究过低的干燥温度加剧了丁苯乳胶向原纸内部的迁移太高的干燥温度使丁苯乳胶向涂层表面的迁移程度增大130的干燥温度有利于丁苯乳胶在涂布纸上的均匀分布随涂布固含量的增加的增加可供蒸发的有效水分的量减小水分携带胶粘剂迁移程度也就减弱真空干燥使水分有更多的时间携带胶黏剂在纸张内部移动使胶黏剂的迁移程度增大红外干燥使涂层内部的温度的升高很快在一定程度上破坏了涂层内水分与羧基丁苯胶乳之间的氢键结合导致乳胶的迁移程度降低增加丁苯乳胶的用量颜料粒子排列的有序性和紧密性增强涂层表面的开放性减弱涂层的空隙体积减小涂层表面的粗糙度变小油墨吸收性下降胶黏剂的迁移使胶黏剂在涂层内部分布不均匀纸张的空隙体积变大大孔和中孔的数量增多油墨渗透的均匀性变差纸张的网点再现性变差出现网点变形网点边界模糊引起印刷色斑的发生增加涂布厚度可以提高纸张的印刷适应性减少油墨的消耗压光作用使纸张表面的封闭性增强纸张的空隙体积降低油墨吸收性减弱油墨渗透更加均匀涂布速度在5mmin到40mmin之间变化时不会引起纸张印刷性能和油墨渗透情况的显著的变化涂料的固含量的增加降低了纸张的油墨吸收性同时油墨渗透的均匀性增强印刷光泽度提高红外干燥使涂层表面更加光滑光泽度增大油墨渗透的均匀性增强减少了印刷色斑的形成可能热风干燥降低了油墨的渗透深度但油墨渗透的均匀性较差真空干燥方式使油墨的渗透深度增加增加了油墨的消耗的同时印刷密度下降增大印刷压力油墨的渗透深度和印刷光泽度不断增加印刷密度随着印刷压力的增加不断增大当印刷压力增大到700N印刷密度增加变缓并逐渐稳定当印刷压力增大到750N时印刷光泽度开始减小随着印刷速度的增加纸张和橡皮布接触的时间变短减少了转移到纸张上的油墨的量油墨的渗透深度不断的下降印刷实地密度和光泽度不断下降普通胶印油墨的渗透深度比UV油墨的渗透深度大而且渗透的均匀性比UV油墨差高岭土碳酸钙的紫外吸收范围对UV油墨干燥没有影响UV油墨的紫外干燥波长在丁苯乳胶的紫外吸收范围内随着丁苯乳胶含量增加丁苯乳胶吸收紫外光的能力增加UV油墨的固化程度减小紫外干燥时间对UV油墨的渗透没有影响
2008,UV喷墨油墨的研究--《北京印刷学院》,UV喷墨油墨 分散性 混合单体 固化性能,喷墨打印及印刷所使用的油墨主要包括水性墨溶剂型油墨和UV油墨其中UV喷墨油墨以其节能环保高效等优势成为目前受到最多关注的新型油墨并拥有巨大的发展前景技术发达国家在此领域的研究已经走在前列并有部分产品问世我国相关领域的技术研究与开发还处于起步阶段所以对UV喷墨油墨的研究具有现实意义本论文通过改变分散技术分散剂的种类和含量预聚物以及颜基比研究了UV喷墨色浆的分散性通过考察不同的单体对UV喷墨油墨性能的影响选出三种单体组成混合单体并利用配方试验方法优化了各混合单体的比例通过考察不同的光引发剂对UV喷墨油墨固化性能的影响分别选用三种光引发剂进行配方试验可以得出光引发剂的最优比例研究结果表明采用电机驱动产生高压并可循环样品实现多次剪切的意大利NiroSoavi实验型高压均质机能够均匀地分散颜料并且颜料粒径较小分散剂的种类和含量对UV喷墨色浆的分散性有很大的影响当分散剂含量达到一个最佳值时颜料颗粒分散均匀粒径较小不同的预聚物和颜基比对UV喷墨色浆的分散性也有很大的影响当颜基比达到一个最佳值时颜料颗粒分散均匀粒径较小单一单体的使用不能使体系具有良好的综合性能混合单体却可以满足体系的性能要求不同的光引发剂对UV喷墨油墨的固化性能影响不同复配光引发剂可以得到更好的固化性能
2006,紫外光（UV）固化聚氨酯丙烯酸酯涂料的合成及其性能研究--《南京理工大学》,紫外光固化 聚氨酯丙烯酸酯 清漆 合成 性能研究,紫外光固化涂料因其迅速成型绿色环保及其优良的性能近年来获得了高速的发展并很快应用到各个工业领域聚氨酯丙烯酸酯光固化涂料是由聚氨酯丙烯酸酯PolyurethaneacrylatePUA树脂为主体树脂与稀释单体外加其它填料助剂共同配制成的涂料体系本论文通过对PUA合成工艺成膜性能各种影响因素的试验研究制得性能较优异的清漆漆膜总结了配制性能优异的PUA树脂涂料一般性原则为今后的进一步研究提供了一些参考在PUA树脂的合成部分主要从原料的选择预处理合成方法的选择以及合成条件的控制几个方面进行了详细的论述实验采用IPDITDIPPG2000HPMA通过本体法两步反应分别在70左右和50以下反应制得柔韧性耐黄变性良好的PUA预聚体并对各个过程的工艺条件对合成过程及产品性能的影响进行了研究总结给出了合理的解释得到了优化的工艺条件通过对自制涂料体系固化膜的多种主要性能参数如硬度附着力收缩性柔韧性耐黄变性等分析可以看出合成的涂料与市售同类产品相比具有更加优良的综合性能文中分析了体系性能优异的原因并针对每种性能的影响因素和性能控制进行了多方面研究找出了一般性的规律为今后的研究提供了一些原则性的依据本文最后在一系列试验和分析的基础之上结合当前国际趋势对PUA涂料目前的不足给予今后的一点设想
2015,UV型纳米银导电油墨的制备及性能研究--《华南理工大学》,纳米银 UV固化 超支化聚氨酯丙烯酸酯 导电油墨 电阻率,导电油墨广泛应用于PCBRFID天线传感器太阳能电池电子纸等多方面导电油墨的研究有助于印制电子技术的发展和成熟促进电子制造工业的高效化低成本化和环境友好化大大提高国民经济效益目前市场上的导电油墨多是高温烧结干燥模式而且导电银浆多是微米级的银粉在导电性能和干燥方式上阻碍了电子印刷产业的发展本文旨在研制一种UV光固化型纳米银导电油墨其中导电填料为自制球形纳米银和自制片形纳米银的混合体预聚物自制超支化聚氨酯丙烯酸酯和环氧丙烯酸酯以硝酸银为前驱体水合肼为还原剂PVP为分散保护剂采用水合肼滴入硝酸银PVP混合液的液相还原法制备纳米银颗粒分析了PVP用量还原剂浓度整体反应浓度等对纳米银平均粒径的影响确定了球形纳米银颗粒的最佳实验条件并确定了球形纳米银制备的实验方案SEM和NanoZetasizer的表征表明所制备的球形纳米银为平均粒径在30nm左右的类球形颗粒且粒径分布曲线基本呈正态分布其PDI值仅为029大于60nm的粒子几乎没有XRD分析表明纳米银为面心立方晶系UVvis分析表明纳米银粉的紫外可见光吸收峰在420nm设计了四因素三水平的正交实验用于研究和分析分散剂用量反应时间反应温度和搅拌速度等对纳米银的形貌和粒径的影响利用正交试验的结果优化片形纳米银的制备条件制备了平均粒径在180nm径厚比为91的片状纳米银颗粒以甲基丙烯酸羟乙酯HEPA与异佛尔酮二异氰酸酯IPDI为原料DBTDL为催化剂合成氨基甲酸酯丙烯酸酯UA以季戊四醇PER与22二羟甲基丙酸DMPA为原料在丙酮和乙醇为溶剂下制备超支化聚酯多元醇HBPE用UA对HBPE3进行封端接枝反应制备一种新型的超支化聚氨酯丙烯酸酯HPUAFTIR分析表明产物存在氨基甲酸酯基团和丙烯酸酯基团的吸收峰且NCO基的吸收峰基本消失证明试验成功制备了了超支化聚氨酯丙烯酸酯DSC分析表明其玻璃化转变温度为3556冷结晶温度Tc为11092融化温度Tm为13474可以实现低温熔融TGA分析表明其热稳定性好分解温度为214分解50时温度是312分解速率达到最大时的温度为30977终止分解温度为450通过核磁共振分析并估算出超支化聚氨多元醇的支化度为058选择球形纳米银粉和片形纳米银的混合体为油墨的导电填料自制超支化聚氨酯丙烯酸酯和环氧丙烯酸酯为预聚物TMPTA和NPGDA为稀释单体ITX173为光引发剂配制UV光固化型纳米银导电油墨实验研究了预聚物单体光引发剂对油墨光固化速度和粘度的影响实验结果表明单体与预聚物的配比量为115时环氧丙烯酸酯与自制超支化聚氨酯丙烯酸酯配比为23时当光引发剂为油墨除去导电银粉量的10时油墨的光固化速度和粘度达到最佳状态光固化时间只要6s油墨附着力测试高达2重点分析了纳米银的填充量和形貌对油墨导电性的影响实验结果表明当银粉填充量在60时球形纳米银和片形纳米银配比在37时油墨的电阻率达到106Ωm数量级低于目前市场导电油墨一个数量级别以400目的涤纶丝网印版为印刷版采用丝网印刷方式实验分析了油墨导电性能与光固化时间的关系得出光固化时间为7s时油墨的电阻率达到最小值为221106Ωm从外观和扫描电镜图上分析油墨的粘附力得出油墨的粘附力高抗撕拉能力强且撕拉前后的电阻值相差不大实验分析了油墨印刷厚度与导电性的关系油墨导电性随着厚度的增加而迅速增加而当厚度增加到25um以后油墨的导电性几乎没有什么变化本论文以自制的片形球形纳米银粉为导电填料自制的超支化聚氨酯丙烯酸酯为主体预聚物研制了一种附着力高光固化时间短的高导电率油墨印刷实验结果表明所研制油墨的附着力测试高达2UV光固化时间为7s印刷厚度为25um时印刷样品的电阻率达到221106Ωm所研制导电油墨的电阻率相比目前市场上的导电油墨降低了一个数量级论文的研究成果对于改变了传统导电油墨的高温烧结的干燥方式绿色和环保意义明显且在油墨的导电性能和印刷性能上得到显著提高对于印刷电子技术的发展具有重要的现实意义
2004,持续快速发展的中国光固化产业--《精细与专用化学品》,辐射固化 涂料 油墨 丙烯酸酯,"高效、优质、环保是推动光固化技术广泛应用的主要因素 ,我国光固化产业在 2 1世纪快速持续发展。2 0 0 3年我国光固化原材料总产量达到 4 75 6 6  5t,比 2 0 0 2年增长 5 6  4 % ;光固化产品总产量为 2 5 5 97t,比 2 0 0 2年增长2 3 5 %。 2 0 0 3年生产功能性丙烯酸酯 2 4 739t,比 2 0 0 2年增长 78 5 % ,出口 6 5 0 0t,从原来的进口国变成了重要的出口国 ;低聚物产量为 8930t,但一些特殊用途和高档涂料、油墨用的产品还不能生产 ;光引发剂产量 13897 5t,比 2 0 0 2年增长 4 6  0 % ;光固化配方产品产量 190 0 7t;UV光源 38 4万支 ;光固化和涂装设备 14 89台 /套。"
2008,聚氨酯油墨的研究进展--《聚氨酯工业》,油墨连接料 聚氨酯涂膜 进展 双组分 光固化 相对分子质量 聚氨酯树脂 挥发性有机溶剂 环保意识 水性,"简述了聚氨酯油墨的分类和特点,重点介绍了单组分聚氨酯油墨、双组分聚氨酯油墨、光固化聚氨酯油墨和水性聚氨酯油墨的特点以及国内外最新研究成果,并对聚氨酯油墨的应用前景进行了展望。"
2004,紫外光固化材料的技术和市场趋势--《涂料技术与文摘》,紫外光固化 涂料 光引发剂 述评 发展趋势,"综述了紫外光固化材料在国内外市场的最新发展与应用,讨论了紫外光固化技术的几种新趋势。"
2006,紫外光固化油墨的应用现状和发展--《株洲工学院学报》,紫外光固化油墨 印刷 光引发剂,"概述了国内外紫外光固化油墨的发展进程,分析了紫外光固化油墨的成膜原理及其组成,并对紫外光固化油墨的特点和应用进行了阐述。综述了影响紫外光固化油墨性能的因素,并指出了紫外光固化油墨目前存在的问题和今后的发展方向。"
2005,辐射固化技术的现状和发展趋势--《信息记录材料》,辐射固化材料 现状 发展趋势,介绍了近年来辐射固化材料应用和市场现状。论述了辐射固化技术及产品今后的发展趋势。
2011,印刷行业职业病危害及预防控制--《职业与健康》,印刷行业 职业危害 健康效应,"印刷行业是一个存在较多职业病危害因素的传统行业。笔者综合介绍了目前印刷工艺的流程、分类、产生的职业病危害因素和对劳动者健康的影响,以及预防控制印刷行业职业病危害的进展,以引起管理者和从业人员的重视。"
2011,紫外光固化聚氨酯丙烯酸酯的研究进展--《包装学报》,紫外光固化 聚氨酯丙烯酸酯 合成,"介绍了紫外光固化聚氨酯丙烯酸酯的合成原理及方法,综述了紫外光固化水性、超支化聚氨酯丙烯酸酯及有机硅改性聚氨酯丙烯酸酯的研究进展,概述了紫外光固化聚氨酯丙烯酸酯涂料、胶黏剂、油墨等应用现状。"
2007,国内外水性紫外光固化涂料研究进展及应用--《涂料技术与文摘》,水性紫外光固化涂料 现状 进展 应用,水性紫外光固化涂料技术因其符合环保、节能、清洁生产理念而成为当前国内外研究热点。本文考察了水性UV涂料的技术特点及预聚体、光引发剂、表面活性助剂等的研究现状;介绍了该涂料的研究进展、应用情况以及存在的问题。
2011,水性聚氨酯丙烯酸酯紫外光固化低聚物研究进展--《化工新型材料》,紫外光固化 水性 聚氨酯丙烯酸酯 应用,"水性紫外光(UV)固化低聚物以其多种优点而成为紫外光固化体系发展的主流;对水性UV固化体系的研究,不仅具有环保效应,而且还具有很大的经济效益。介绍了水性紫外光固化低聚物的种类及特点,综述了近年来水性UV固化聚氨酯丙烯酸酯(PUA)低聚物的研究进展及其应用情况。并对水性UV固化PUA低聚物的四大发展趋势进行了展望,其中包括添加线性功能聚合物改性、超支化体系、添加微粒/纳米改性、混杂固化体系。"
2007,单体对UV喷墨油墨体系固化速度的影响--《包装工程》,混合单体 黏度 固化率 正交试验方法 喷墨油墨 固化速度 双官能团单体 最优比例 体系 三官能团,"不同官能团的单体对油墨的黏度和固化速度影响不同。设计了由单、双、三官能团单体EOEOEA、TPGDA和TMPTA组成的混合单体体系,采用正交试验方法设计改变混合单体比例的配方,测试了由混合单体体系组成的UV喷墨油墨的黏度和固化率。实验结果表明混合单体的最优比例为5.5∶2∶1.5。"
2006,化学芯片的喷墨快速成型技术研究--《南京理工大学》,快速成型 喷墨 UV固化 化学芯片 模拟,本文以粘性流体力学多相流体力学和快速成型技术为理论基础研究了可用于化学芯片制造微尺寸快速装药的喷墨快速成型技术该技术工艺结合了光固化成型工艺和喷墨三维打印成型技术利用光固化树脂固化和喷墨喷涂原理把含能材料配制成紫外光UV固化油墨按照原型层片数据经喷头的喷洒在紫外光照射下快速固化成型该系统主要由UV光源三维成型平台成型控制系统喷头和喷洒作用机构五部分构成主要研究内容包括喷墨快速成型系统的建立成型喷头的优化设计成型工艺参数的选择和成型结果分析通过ANSYS软件FLOTRANCFD流体模拟分析喷头设计UV光源选择流体理论计算UV光固化树脂的配制固体颗粒的选取喷射实验和喷墨成型实验开展理论和实验研究研究内容及结果如下1建立了UV喷墨快速成型实验装置2配制出3种性能良好的光固化树脂具有低粘度低气味固化附着好的优点3在陶瓷基片和玻璃基片上进行了线条喷墨快速成型实验表明陶瓷基片上的附着力较好4获得了一系列适合于化学芯片喷墨快速成型的工艺参数喷口喷洒速度涂层厚度光照时间颗粒度固含量等5分析影响油墨固化的因素总结得出了适合大颗粒UV油墨的固化经验公式6分析了加入固体颗粒对光固化反应速度的影响实验表明颗粒度为75μm和02μm的两种颗粒成型效果不好7结合实验表明文中建立的ANSYS微流体模型在低载荷下与实验基本吻合在高载荷下产生失真
2009,纸塑复合包装材料UV墨光引发剂迁移试验与理论研究--《江南大学》,迁移 光引发剂 纸塑复合材料 迁移模型 稳定性 UV墨 食品安全,紫外光Ultraviolet简称UV固化墨以其本身的优异特性被广泛用于食品包装印刷虽然它不存在溶剂挥发问题但是所用的低分子量光引发剂具有一定毒性对皮肤有一定的刺激性而且容易挥发和迁移给被包装食品带来难闻气味甚至毒性对人体健康是一种威胁论文就纸塑复合包装材料纸中助剂及光引发剂的检测技术光引发剂迁移试验及理论迁移预测模型的建立进行了系统性的研究主要内容包括以下几个方面1GCFIDgaschromatographyflameionizationdetection气相色谱氢火焰离子化检测器检测方法的确立研究确定UV墨中光引发剂α羟基环己基苯基甲酮184和22二甲氧基苯基甲酮651标准品GCFID检测条件研究确定纸塑复合包装材料纸中助剂光引发剂184和651的GCFID检测条件HP5毛细管柱检测器温度250进样口温度250不分流进样进样量1μL载气为氮气升温程序初始温度100以5min升至200保持2min再以35min升至300保持5min2UV墨光引发剂稳定性试验研究试验研究了2040和60温度条件下184和651在1095乙醇水溶液和异辛烷中的避光稳定性同时考察了光稳定剂对羟基苯甲醚HQMME的加入在避光条件下对稳定性的影响结果表明避光条件下光稳定剂对184和651的稳定性影响不显著除60温度条件下651在10乙醇水溶液中存在不稳定外其它条件下184和651都是稳定的利用GCMS对651的分解产物进行了定性分析3纸塑复合包装材料纸中光引发剂的迁移试验研究试验研究了2040和60温度条件下纸塑复合材料40156515中184和651向1095乙醇和异辛烷的迁移材料4025中184和651向10乙醇和异辛烷的迁移材料3312中184和651向95乙醇和异辛烷的迁移结果表明同一污染物向同一食品模拟物的迁移受温度影响显著在同样的试验条件下分子量大的651的迁移速率低于分子量小的184的迁移速率同一污染物在同一试验温度下向异辛烷中的迁移速度最快向10乙醇水溶液中的迁移速度最慢随着低密度聚乙烯lowdensitypolyethyleneLDPE淋膜量的加大迁移量明显减少聚丙烯polypropylenePP的阻隔特性优于LDPE的阻隔特性同种试验条件下松厚度大的纸中污染物的迁移速度相对较快迁移量随污染物初始浓度的增大明显增大文中还从微观角度分析了温度污染物分子结构食品模拟物的溶胀淋膜层厚度淋膜层种类和纸张性质对迁移的影响4迁移预测模型的建立建立了无限厚纸层迁移预测模型和有限厚纸层迁移预测模型模型分别将纸的厚度作为无限厚相对于塑料涂层厚度和有限厚进行考虑包装食品体系作为有限包装无限食品进行研究模型引入新的参量纸和塑料界面处的分配系数kCP考虑了污染物在纸和塑料涂层中不同的扩散系数DPDC最终给出扩散方程初始条件和边界条件用拉普拉斯和反拉普拉斯变换对方程求一系列解析解并分析了各参量kCPDPDC和纸中污染物初始浓度CP0等对迁移行为的影响5有限厚纸层迁移预测模型通用性及与实验值的对比分析讨论了有限厚纸层迁移预测模型简化后作为双层复合塑料和单层塑料中污染物向食品中迁移的预测模型通用性简化的双层塑料预测模型表达式最终与著名的LaoubiVergnaud模型一致简化的单层塑料预测模型最终为著名的Crank迁移扩散表达式根据试验测定的纸塑界面处分配系数及结合其它参数将不同纸塑复合包装材料中污染物184和651向不同食品模拟物的迁移实验值与有限厚纸层迁移模型预测值进行了对比得出结论当预测模型中采用的污染物在塑料涂层中的扩散系数为高估扩散系数时预测模型能最大限度的保证包装的使用安全性另外得出结论无限厚纸层迁移预测模型不适合纸厚度较薄的纸塑复合包装材料中污染物向食品或食品模拟物中迁移量的预测
2007,UV金属油墨的特性与用途--《丝网印刷》,UV油墨 金属油墨 网版印刷,"介绍了UV金属油墨的种类、特性与使用范围,并就UV金属油墨的印刷色序、固化工艺以及正确选用进行了详细论述。"
2017,可逆温变转色UV油墨及其变色特性--《包装工程》,可逆温变转色 微胶囊 UV油墨 变色特性,"目的制备环保、适用范围广的温变转色防伪油墨。方法利用隐色染料(热敏黑)、显色剂(双酚A)及溶剂(十四醇)组成可逆温变转色复配物,然后用原位聚合法对复配物进行微胶囊包覆,最后将微胶囊加入UV连接料体系中制成可逆温变转色UV油墨,分析油墨的色度学特性。结果当乳化转速为16 000 r/min、p H值为2~3、乳化温度为45℃、乳化时间为30~40 min时,微胶囊粒径较小,显色效果较好。对该可逆温变转色UV油墨样品进行CIE-Lab色度学特性分析,在整个加热/冷却循环后,温变转色油墨又回到初始明度值,油墨样品明度发生滞后现象,整个过程中样品的明度值形成一个闭环的回路。结论该法制备的可逆温变转色油墨具有检测方便、变色效果明显等优点,在包装防伪印刷中具有广阔的应用前景。"
2014,水性UV油墨的制备及表征--《包装工程》,水性UV油墨 高速分散法 配方设计 包装印刷行业,"目的为了确定水性UV油墨的制备、表征及其配方。方法采用高速分散法将连接料、颜料、去离子水和助剂分散均匀即可制得水性UV油墨,探讨了连接料的含量、光固化时间对水性UV油墨附着牢度的影响,以及光引发剂用量、墨膜厚度对墨膜光固化时间的影响。结果连接料的较佳质量分数为60%,墨膜的适宜固化时间为6 s,光引发剂的较佳用量为2%,墨膜的适合厚度为10μm。当m(连接料)∶m(颜料)∶m(乙醇和水)∶m(光引发剂)=6∶1∶2.8∶0.2时,水性UV油墨的综合性能较佳。结论该水性UV油墨具有干燥速度快、无污染、印刷质量高等优点,可广泛应用于包装印刷行业。"
2012,UV油墨固化速率的影响因素研究--《中国印刷与包装研究》,光引发剂 UV油墨 固化速率,"UV油墨固化速率不仅受到油墨中各组分的影响,而且与墨膜厚度有密切关系。本研究分别使用不同种类的预聚物、单体、光引发剂配制油墨,研究油墨各组分对UV油墨固化速率的影响;进而固定油墨其他组分,改变光引发剂种类及其含量配制油墨,并制备不同墨层厚度的样品,测试不同墨层厚度下的油墨预聚物双键转化率,分析光引发剂种类及其含量与不同厚度墨膜固化速率的关系。测试不同UV光源功率下的双键转化率,研究含不同光引发剂的油墨在不同功率下的固化速率。研究结果表明,油墨各组分对UV油墨固化速率有一定影响,此外,随着墨层厚度的增大,油墨双键转化率降低;当光引发剂含量小于10%时,UV油墨的固化速率随着光引发剂含量的增加而增大;UV油墨的双键转化率随着UV光源功率的增大而增大。"
2018,改性UV油墨对印刷薄木耐光变色性能的影响--《浙江农林大学学报》,木材科学与技术 薄木 紫外光固化(UV)油墨 纳米二氧化钛 纳米氧化锌 耐光变色,"利用纳米二氧化钛和纳米氧化锌作为改性剂改性红色紫外光固化(UV)油墨和黄色UV油墨,并使用改性后的UV油墨印刷杨木薄木,采用激光粒度仪、紫外可见分光光度计和色彩分析仪表征了改性UV油墨的物理性能和老化前后印刷薄木的颜色变化。结果表明:改性后的UV油墨粒径变化较小;纳米二氧化钛和纳米氧化锌均能提高UV油墨在紫外区的吸光度,随着添加量的增加而增强;采用适量的纳米二氧化钛或纳米氧化锌改性UV油墨能够改善印刷薄木的耐光变色性能,但纳米氧化锌改性UV油墨印刷薄木的耐光变色性能优于纳米二氧化钛。纳米氧化锌在红色UV油墨中添加的较优质量分数为1.5%,印刷薄木的色差(ΔE*)为0.41,比未改性红色UV油墨印刷薄木降低了78.1%;纳米氧化锌在黄色UV油墨中添加的较优质量分数为0.5%,印刷薄木的ΔE*为3.12,比未改性黄色UV油墨印刷薄木降低了66.9%。"
2016,UV油墨光引发剂在食品包装材料中的残留分析--《包装工程》,光引发剂 UV油墨 残留量 包装材料,"目的研究UV油墨光引发剂在食品包装材料中的残留行为。方法以2种常用的UV油墨光引发剂EDB和907为研究对象,分别以PET薄膜和铜版纸为承印材料,通过IGT印刷适性仪控制印刷膜层厚度,IGT UV干燥器控制紫外光固化时间,研究光照能量、墨层厚度和油墨浓度对光引发剂在食品包装材料中残留的影响。结果光引发剂残留量会随着光照能量的增加而减少,随着墨层厚度增加而增加。对于PET薄膜,油墨含量高时光引发剂的残留量比油墨含量低时大,而铜版纸结果相反,油墨含量高时光引发剂的残留量较小。结论在实际UV油墨印刷中,应提高光照能量,对于不同的承印材料应采用含量不同的油墨,以减少光引发剂的残留,降低其迁移风险,增加食品包装的安全性。"
2010,UV油墨及应用技术--《中国印刷与包装研究》,UV油墨 分散性 固化速度 附着力,"UV技术在诸多领域有着广泛应用,UV油墨具有固化速度快、印刷质量高、无VOC排放等优点,作为一种环保型油墨,在各种印刷方式中的应用越来越受到重视。本文阐述了UV油墨体系的主要成分——预聚物、单体等的结构特点及UV固化机理;结合UV油墨技术发展趋势,探讨了UV喷墨油墨分散性及其评价方法、流变学特征;根据实验研究结果,从反应动力学的角度论述了UV油墨的固化速度及氧对聚合反应的影响规律;考察了UV胶印油墨的转移率及其在低能表面承印材料的附着力。"
2012,引发剂对UV油墨固化速度影响的研究--《应用化工》,引发剂 固化速度 复配 UV固化 油墨,"为提高UV油墨的固化速度,研究了羟烷基苯酮类1173、胺烷基苯酮类907、酰基磷氧化物类819、二苯甲酮类BP、硫杂蒽酮类ITX 5种引发剂及复配对UV油墨固化速度的影响。结果表明,引发剂浓度为2%,颜料浓度为4%,单体浓度为30%时,引发剂1173、BP的固化时间分别为20.88 s和70.56 s,引发剂907的光固化时间为7.14 s,引发剂819和ITX的光固化时间均可达到1.5 s。引发剂1173与BP进行1∶3复配时,固化速度是BP的4.9倍;引发剂907与BP进行1∶3复配时,固化速度是BP的4.3倍;引发剂ITX与907进行1∶1复配时,固化速度是907的2.3倍。"
2009,UV油墨的制备与性能优化--《精细化工中间体》,UV油墨 正交实验设计 配方 单体,"探讨了预聚物、单体、光引发剂、颜料等组分对UV油墨固化速度、附着力、耐抗性等性能的影响,应用正交实验设计方法对UV油墨各组分种类进行选择,对正交试验结果做极差分析及方差分析,结果表明:根据预先设计的组分比例,采用预聚物PQ611,单体A,光引发剂B,活性氨为加速剂,获得性能较好的UV油墨。"
2009,UV油墨光引发剂与颜料匹配的研究--《包装工程》,光屏蔽 透光窗口 颜料匹配 固化速率 光引发剂 固化油墨 吸收光谱 固化体系 低聚物 活性稀释剂,"UV油墨固化体系的关键组分是光引发剂,确定颜料的透光窗口是选择光引发剂的主要依据。阐述了影响油墨固化的相关因素,提出了确定UV油墨透光窗口的方法,并以此为基础讨论了UV油墨光引发剂与颜料匹配和印刷工艺色序的问题。"
2017,LED铝基板用UV油墨的制备及性能研究--《中国胶粘剂》,混杂型 紫外光固化油墨 固化速率 膜性能,"以环氧丙烯酸酯树脂(牌号6233)、聚氨酯丙烯酸酯树脂(牌号6112-100)和脂环族环氧树脂(牌号TTA26)为预聚体,并引入活性稀释剂、光引发剂和填料等助剂,采用自由基和阳离子UV(紫外光)固化工艺制备了LED(发光二极管)铝基板用UV油墨。研究结果表明:制备混杂型UV油墨的最佳工艺条件是m(6112-100)∶m(TTA26)=35∶65、w(活性稀释剂)=11%、w(光引发剂)=5%和w(钛白粉)=27%(均相对于预聚体总质量而言),此时该油墨的固化速率适中、附着力(为96%)相对较大、折射率(为1.60)相对较高且不发生黄变现象,并且膜性能优异。"
2014,基于UV油墨的3D地形图呈现--《包装学报》,D打印 等高线 UV油墨 地形图,"根据地形图的特点及UV油墨快速干燥的特性,提出一种运用3D建模和分层设色的方法,并通过实验,完成了中国台湾省主岛部分3D地形图的打印。选择台湾省主岛部分等高线图,在图形处理软件中,根据其高程,提取多幅等高线矢量图;根据墨层厚度与打印层数的定量关系,得到实际海拔高度与打印层数的对应关系,再根据等高线分层设色原理,设计分层设色对应表,并设定适当的比例尺,确定打印方案;使用喷墨打印机,打印得到具有一定立体感的3D彩色地形图。实验结果表明:根据UV油墨快速干燥的特点,使用UV喷墨打印机,可以打印得到具有立体效果的3D彩色地形图。"
2012,UV油墨、UV技术与UV艺术装饰--《丝网印刷》,发泡油墨 艺术装饰 玻璃装饰 特殊效果 技术 双重固化 个性化 金属化 艺术化 喷墨印刷,"UV油墨、UV技术与UV艺术装饰三者是相互关联的。要进行艺术装饰,不管是家电玻璃面板、还是家庭装饰中的艺术吊顶、橱柜面板、玻璃背景、隔断、移门等产品,首先都离不开新材料、新油墨。使用UV油墨,采用UV"
