2006,植物油墨的特性和发展前景--《今日印刷》,植物油墨 大豆油墨,"油墨是印刷行业的主要耗材,根据油墨组分及含量、承印物、用途、印刷设备、印刷方式和使用方法等可分为多个种类。现有的多数油墨中大多都要含有有机(或无机)溶剂、颜料等,不符合环保绿色印刷的要求。现如今,"
2007,树立品牌形象  抢占油墨市场——访大兴油墨化工(香港)有限公司--《今日印刷》,水性油墨 油墨市场 植物油 有限公司 大兴 印刷适性 香港 环保 福州 大豆油,"《今日印刷》:大兴油墨化工(香港)有限公司是一家专业从事印刷材料、油墨开发、研究及销售于一体的港资企业,为了让读者更好地了解贵公司,请详细介绍一下贵公司近年来的发展情况。大兴油墨公司:大兴油墨公司(香港)有限公司成立于20世纪80年代初,总部设在香港。近十年来,公司更锐意开拓中国国内市场,已在深圳、广州、上海相继成立分公"
1991,植物油基油墨--《上海包装》,印刷油墨 植物油 油基油墨 石油 印刷工业 分馏物 颜料 包装 生产者 挥发性有机化合物," 目前,在纸板包装和其它相应的印刷工业方面,人们对使用植物油墨比使用石油分馏油墨更有兴趣。这并不是一个新的想法。追溯到四十年代早期,印刷油墨生产者成功地在活版印刷油墨方面用从植物中分离出来的植物油代替了石油,采取这一做法的理由"
2010,浅谈在丝网印刷中实现低碳印刷--《网印工业》,丝网印刷 普通油墨 工业文明 农业文明 印刷工业 信息化 低碳化 印刷油墨 大豆油 固体污染物,"在人类发展进程中,世界文明先后经历了农业文明、工业文明和信息化三次浪潮,每次浪潮都有不同的显著内涵和特点。例如,农业文明的浪潮实现人类农耕文明的兴起,带动农业的辉煌发展;工业文明的浪潮使农业文明向工业文明转变,带来工业化的飞速发展;信息化的浪潮引领着信息化改革,使全球进入知识经济时代。"
2017,印刷生产向“绿色”发展--《广东印刷》,绿色印刷;印刷生产;印刷产品;环境问题;社会比较;社会经济发展;版材;上机印刷;居住环境;印刷流程;,"随着可持续发展理念深入人心,资源、环境、健康等问题逐步成为社会经济发展的主要关注点,印刷产品在日常生活中随处可见,其产生的污染也不容小觑,绿色环保已成为印刷行业发展的主要目标。一、绿色印刷概述1.绿色印刷的概念环境问题是现代社会比较关注的问题之一,如今全球人类的居住环境正在不断受到损坏,这关系到我"
2016,环保视角下包装印刷技术的发展趋势--《今日印刷》,水性油墨;印刷技术;印刷产品;易挥发性;人体健康;发展趋势;无溶剂型;生物降解材料;食品包装技术;承印物;,"本文对包装印刷产品中几种环保油墨的应用进行了详细介绍,并对绿色包装技术的应用进行分析,基于环保视角对包装印刷技术的发展趋势提出了几点个人看法,以供参考。包装印刷产品中环保油墨的应用1.水性油墨的应用就环保而言,水性油墨的应用具有十分重要的意义。它通过水作为溶剂,对环境与人体健康都不会构成威胁。此外,水性油墨的应用能够使由于易挥发性或易燃溶剂而"
2016,金属印刷油墨的制备及性能研究--《上海涂料》,醇酸树脂 催干剂 金属印刷油墨,研究了植物油改性醇酸树脂的合成工艺。探讨了不同醇酸树脂及催干剂对金属印刷油墨性能的影响。
2007,植物油基印刷油墨清洗剂--《上海包装》,植物油基 油墨清洗剂 脂肪酸 溶剂型 橡皮布 橡胶布 植物油脂 毒性 成分 挥发性有机化合物,"挥发性有机化合物简称VOC(Volatile Organic Compounds),一般是作为溶剂使用后而散发到大气中的。VOC的成分复杂,具有的特殊气味能导致人体呈现种种不适应,并具有毒性、刺激性、致癌作用。如苯列为可疑潜在致癌物质。卤代烃类物质能引起神衰征候群及血小板减少、肝功能下降、肝脾肿大等病变,还可能导致癌症。CFC类物质对大气臭氧层有破坏作用。所有这些促使世界各国尤其是发达国家纷纷颁布法律对VOC的排放进行控制。"
2014,科斯伍德获防菌抑菌油性油墨发明专利--《广东印刷》,油墨 抑菌 植物挥发油 油性 科斯 防菌 国家知识产权局 中华人民共和国 股份有限公司 专利证书,"苏州科斯伍德油墨股份有限公司于近期收到中华人民共和国国家知识产权局颁发的《发明专利证书》。本发明涉及一种防菌抑菌的油性油墨,所述防菌抑菌的油性油墨含有重量百分比为0.0005%~10%的植物挥发油。本发明通过将抗菌抑菌的植物挥发油添加到油性油墨,并对油性油墨的配方进行了适应性改进,提出了防菌抑菌的油性油墨。"
2008,大豆油油墨的发展及其应用--《大豆科学》,大豆油油墨 环境保护 印刷油墨,"大豆油油墨采用了可再生的大豆油作为原料,大大节省了全球石油资源,具有鲜明的环境保护的优点。将其应用于印刷生产中,使油墨污染程度降到最低程度,符合了世界环境保护的要求,是造福全人类的一项先进技术。本文介绍了环保型大豆油油墨的特点、发展及其应用。"
2014,回用和化学工艺对纤维性能的影响及机理的研究--《华南理工大学》,纤维性能 超分子结构 氢键 脱墨 漂白,随着保护森林资源发展低碳经济的需要废纸已成为造纸工业的重要原料之一但纤维一经回用其性能发生衰变导致纤维回用品质降低直接影响了废纸的利用率因此突破废纸纤维衰变抑制与品质提升关键技术的难题有利于实现废纸纤维的高效循环利用对于造纸工业可持续发展具有重要意义本文针对纤维性能衰变的缺陷从纤维的微观结构入手着重研究了不同工艺条件下纤维素超分子结构氢键等结构的变化进一步探讨了纤维微观结构与宏观性能的作用机制最后提出了抑制纤维性能衰变的调控方法研究结果表明随着回用次数的增加纤维长度和细小纤维的含量变化不明显XRDFTIR测得的纤维素的结晶度002面微晶尺寸和微晶横截面积均呈增大趋势纤维发生共结晶现象导致了纤维性能的衰变FTIR分析表明纤维间氢键逐渐增强形成了致密的网络结构促进了纤维性能的衰变回用过程中纤维超分子结构氢键强度的变化最终影响了纤维的润胀性能和成纸物理性能经五次回用后纤维保水值减少220抗张指数下降5471撕裂指数下降935耐破指数下降3741不同的脱墨工艺对纤维性能的影响存在一定的差异研究结果表明经碱性脱墨中性脱墨和酶法脱墨后纤维长度和细小纤维含量均降低表明脱墨过程对纤维有不同程度的损伤其中碱性脱墨后损伤最大中性脱墨次之酶法脱墨最小从SEM图像中也能得出相同结论三种脱墨方式处理后纤维素结晶度由6356分别降低至55315898和6129002面微晶尺寸和微晶横截面积均呈下降趋势同时纤维分子间氢键的键能和相对含量都呈下降趋势表明三种脱墨方式对纤维结晶区有破坏作用纤维微观结构的变化导致纤维的保水值分别上升了203133和280同时成纸的抗张指数撕裂指数耐破指数也有所提高不同的漂白工艺对纤维性能的影响也存在一定的差异研究结果表明经过氧化氢漂白连二亚硫酸钠漂白漆酶漂白后纤维长度变化不大表明三种漂白方式能较好的保持纤维形态同时细小纤维含量升高SEM发现漂白后纤维表面变得光滑推测可能是纤维表面出现了剥离现象过氧化氢漂白后纤维素的结晶度降低002面微晶尺寸从47nm下降到42nm而经连二亚硫酸钠漂白和漆酶漂白后结晶度上升002面微晶尺寸上升至50nm53nm纤维分子间氢键的键能和相对含量的变化趋势与纤维晶态结构相同说明过氧化氢漂白能破坏纤维晶区稳定性和有序性而另两种漂白方式的作用与过氧化氢漂白相反漂白后过氧化氢漂白浆纤维保水值增大连二亚硫酸钠漂浆纤维保水值基本不变漆酶漂白浆纤维保水值增减小在以上研究基础上本文进一步探讨了抑制废纸纤维品质衰变的调控方法研究表明优化脱墨漂白工艺适用于废旧新闻纸和混合办公废纸的脱墨和漂白与常规工艺相比成纸的物理性能大幅度提高同时优化脱墨工艺还具有污染负荷小等优点
2009,沙蒿籽水浸液絮凝性能和应用的研究--《西北农林科技大学》,天然絮凝剂 絮凝活性 高岭土悬浊液 水性油墨废水 模拟果汁废水,当前我国水处理剂的生产面临着挑战一是来自国外的竞争越来越激烈二是人们对环境质量的要求越来越高新型絮凝剂的开发已显得愈发重要开发新型高效的絮凝剂是实现絮凝过程优化的核心技术也一直是广大水处理工作者致力研究的热点天然高分子絮凝剂由于其原料来源广泛价格低廉无毒易于生物降解无二次污染等特点受到了国内外众多研究工作者的重视和关注本论文在系统地论述近年来天然有机高分子絮凝剂的研究开发现状和在水处理中的应用情况的基础上以沙蒿种子为原料对沙蒿籽水浸液的絮凝性能影响因素絮凝活性成分提取条件和应用进行了研究通过物化措施开发一种成本低廉使用安全对处理水体无毒副作用的新型天然植物絮凝剂主要内容如下1以高岭土悬浊液作为标准水样考察了pH值投加量温度静置时间金属离子对沙蒿籽水浸液的絮凝活性的影响实验结果表明pH值对其活性影响很大在pH值为3050范围内沙蒿籽水浸液表现出了良好的絮凝活性而在中性和碱性条件下则不会显示其絮凝活性沙蒿籽水浸液的絮凝活性受温度的影响不大一般常温下20左右即可金属离子可以在中性条件下显著改变沙蒿籽水浸液的絮凝活性Al3离子促进效果尤为显著2沙蒿籽水浸液Al3离子复合使用条件的优化表明Al3的加入扩大了沙蒿籽水浸液的pH值使用范围沙蒿籽水浸液Al3离子复合使用的效果比单独使用AlCl_3和PAM的效果好3选用提取温度搅拌速度搅拌时间和沙蒿粉粒度大小作为考察的4个因素每个因素各选出3个水平用L_934正交试验确定了沙蒿籽絮凝活性物质提取的最佳条件为提取温度50搅拌速度200rmin搅拌时间10min沙蒿粉粒度大小为0150mm4将沙蒿籽水浸液对水性油墨废水和模拟果汁废水进行了预处理经过试验得到主要处理参数在pH值为40投加量为2mL100mL的条件下沙蒿籽水浸液对水性油墨废水的处理效果良好COD和色度的去除率分别达到914和996模拟苹果汁废水的处理条件为pH40投加量为1mL100mL的条件下SS的去除率达到817而COD的去除不是很好
2015,纸质文物的保护包装技术研究--《天津科技大学》,纸质文物 植物源防霉剂 保护包装技术,本课题以植物源防霉剂为主要研究对象探索其在纸质文物防霉领域的应用并与纸盒包装相结合探索开发一种具有防霉效力的纸质文物保护盒首先对具有抑菌效力的植物的有效成分进行提取研究了水蒸馏超声辅助溶剂索氏提取等方法对柠檬草等中草药的提取效果采用抑菌圈法确定提取优劣筛选出牛至柠檬草丁香提取的精油抑菌活性较突出测试了提取的精油对纸张主要致病菌的最低抑菌浓度得到牛至精油对黑曲霉和草本枝孢霉的最低抑菌浓度MIC均为05μLmL对球毛壳菌的MIC达025μLmL柠檬草精油对黑曲霉草本枝孢霉的MIC均为1μLmL对球毛壳霉的MIC为05μLmL丁香精油对黑曲霉草本枝孢霉的MIC均为2μLmL对球毛壳霉的最低抑菌浓度为1μLmL并对上述三种防霉剂进行两两复配得到最优复配配方为1μLmL的柠檬草精油025μLmL的牛至精油通过GCMS技术对柠檬草精油和牛至精油进行了定性定量分析分析得到柠檬草精油的主要化学成分为柠檬醛其中柠檬醛b柠檬醛a分别在11747mmin和12578mmin出峰柠檬醛的绝对含量为89636mgmL牛至精油的主要化学成分为香芹酚于13527mmin出峰其绝对含量为1140295mgmL用牛至柠檬草精油及其复配防霉剂处理宣纸打印纸纸样在35相对湿度为90的湿热条件下存放纸样定期测试纸样的抗张强度pH值色差和表面基团变化对不同颜色油墨样张的影响以及防霉效果结果表明防霉剂在纸张保存过程中对纸张上述理化指标影响微小牛至精油单独使用时会引起油墨印刷样张的明显变色但与柠檬草精油复配时可消除此类影响柠檬草精油在模拟实验中防霉效果不显著1倍MIC的复配防霉剂的防霉及保护效果最为突出在3590的温湿度条件下对比了内壁涂布防霉剂的纸盒和内置防霉小包的纸盒对纸样的防霉效力利用GCMS技术对包装中复配防霉剂的含量变化进行了分析内壁涂布型包装内的精油在第5天时达到最高浓度防霉小包型包装内牛至精油和柠檬草精油的浓度分别在第13天和第9天达到峰值随后其含量逐渐下降当实验天数达到41天时两种精油均难以检出最终得到结论在352相对湿度为902的条件下防霉包装可以有效控制内置纸制品的霉变与对照组相比内壁涂布防霉剂的纸盒可将内置纸制品霉变周期延后37倍内置防霉小包的纸盒则可将内置纸制品霉变周期延后46倍内置防霉小包纸盒的防霉效果优于内壁涂布防霉剂的纸盒
2019,不上墨发生的规律及解决办法--《今日印刷》,水墨平衡;油墨乳化;润版液;,"提到印刷不上墨,应该是每个印刷厂都会遇到的问题。操作人员对于不上墨的态度一般就是""没有办法了"",就这样用吧,当然是在概率比较低的情况下。如果频率比较高,印不出活件,影响开机产量了,那就建议换机台印刷。当时看似""解决了问题"",但是过一阵子问题又频繁发生。所以今天笔者要来讨论一下不上墨问题的成因和解决方法。大家知道,谈到不上墨给人的感觉就是随即发生的,摸不着头脑。因为一般发生比较偶然,过"
2019,环烷基产品的需求预测及环烷基减二线利用方式调研--《润滑油》,环烷基原油 产品结构 需求预测 环烷基减二线,"文章对环烷基油的产品结构和未来需求进行了全面分析,结果表明:有效利用环烷基原油资源的产品结构是,以环烷基润滑油为主,副产沥青和燃料油;未来几年,全球对环烷基的橡胶油、高端变压器油、冷冻机油和环烷基油溶剂等润滑油的需求量会有明显增长。文章还总结了环烷基减二线的加工工艺和主要产品,其中乳化炸药专用油是一种新颖、前景很好的利用方式。"
2019,耐晒黄G的合成与结构表征--《山东化工》,耐晒黄G 合成 晶体结构 傅里叶变换红外光谱,"本文通过重氮化反应和偶合反应合成了耐晒黄G,C_(17)H_(16)N_4O_4(Mr=340.34),利用单晶衍射和红外光谱对其进行了结构表征,并对其单晶和红外光谱进行了分析。"
2019,安徽思敬齐环保材料年产万吨水性聚氨酯合成项目--《乙醛醋酸化工》,水性聚氨酯;环保材料;,"该项目位于安徽省合肥市循环经济示范园化工集中区,由安徽思敬齐环保材料有限公司投资建设,年产水性聚氨酯热熔胶7000吨,水性聚氨酯纺织胶35000吨,水性聚氨酯油墨3500吨,水性聚氨酯木器漆2700吨,水性甲油浆料350吨,水性聚氨酯功能浆料7000吨,水性聚氨酯板树脂3500吨的生产能力。项目总投资29000万元。"
2019,讲好绿色化妆品故事系列报道  让绿色“包装”化妆品的全生命周期--《中国化妆品》,化妆品行业;绿色化;全生命周期;,"当前,国家已经吹响了改革开放再出发的号角。站在新的出发点,面对国际市场,化妆品行业如何讲好中国化妆品故事?面向国内市场,化妆品企业如何讲好民族品牌故事?故事的素材来源于行业上下游,种类多种多样,讲故事的人各有各的立场与角度。但万变不离其宗,一是贴合消费者的需求讲故事,二是与一流企业站在相同的起跑线上讲故事。放眼全球,绿色,既是需求又是标准。1992年初,世界观察研究所发布的世界环境状况年度报告,用大量数据说明世界环境正在恶"
2018,新型食品包装材料的发展概况及趋势--《食品安全质量检测学报》,食品包装材料 可降解材料 可食性材料,"食品包装是食品的外部保护,可以防止食品免受外界因素的影响而収生感官或营养成分的变化。传统的食品包装材料不仅会给环境带来巨大压力,而且从食品包装迁移至食品中的化学物质也会给食品安全和质量带来负面影响。随着人们对食品包装材料的安全性越来越兲注,很多新型的食品包装材料成为研究热点。本文对几种具有较大应用前景的可降解材料、可食材料迚行了综述,包括天然高分子材料、微生物合成高分子材料、聚乳酸(poly lactic acid, PLA)等新型食品包装材料的研究现状和亜待解决的问题,简要介绍了活性包装和智能包装的収展,幵对未来食品包装的収展趋势提出方向。"
2018,纸质食品包装材料的矿物油迁移研究进展--《食品安全质量检测学报》,食品包装材料 回收纸 迁移 烷烃矿物油 芳烃矿物油,"食品中的矿物油污染物是指石油来源的C_(10)～C_(50)烃类化合物,包括烷烃矿物油(mineral oil saturated hydrocarbons, MOSH)和芳烃矿物油(mineral oil aromatic hydrocarbons, MOAH)2大类。近年来的研究表明,食品中的矿物油污染物主要来源于食品的回收纸包装材料迁移。本文综述了国外近十年来纸质包装材料的矿物油迁移研究情况,包括纸质包装材料迁移的矿物油分析方法——液相色谱-气相色谱联用法;矿物油迁移至食品的2种方式:气态扩散迁移和包装材料接触迁移;降低矿物油迁移的技术方法,即食品包装纸质材料的回收工艺,向包装纸质中添加活性炭等吸附剂以及增加阻隔层以阻挡矿物油的迁移。旨在为相关企业和机构提供数据与技术参考。"
2018,饮料高速产线的OEE帮手——多米诺智能平台亮相2018饮料展--《食品安全导刊》,智能平台;多米诺;OEE;,"现如今,越来越多的饮料生产商及OEM商开始监控产线设备的综合效率OEE,相信未来的生产技术能够支持OEE监控,并提供反映生产线生产能力的具体数据。在赋码标识环节,多米诺智能平台将对赋码设备大数据进行有效的管理与分析,以往对于生产的预测和假设"
2018,光谱分析法鉴定出入境证件紫外荧光油墨成分的研究--《武警学院学报》,紫外荧光油墨 形态学检验 文检仪 光谱分析技术,"紫外荧光油墨是出入境证件中最为常用的防伪技术之一,不同类型的紫外荧光油墨呈现不同的图文特征。形态学检测方法通常是根据激发光波长的差异以及所呈现的颜色差别进行区分,这种主观上的观察势必会带来一定误差,严重时甚至误判。借助光谱分析技术,通过分析荧光光谱数据,客观揭露紫外荧光油墨的成分。实际案例表明:形态学检测方法具有很强的迷惑性,容易导致误判,而量化比对分析方法是一种鉴定油墨成分的有效方法,具有较强的科学性和规范性。"
2019,新型复配漆蜡的加氢工艺及性能研究--《中国油脂》,漆蜡 氢化 硬脂酸 熔点 复配蜡,"针对漆蜡的加氢工艺和复配漆蜡的复配加氢工艺进行研究。结果表明,在钯碳催化剂用量0. 5%、氢气压力0. 3 MPa、反应时间2 h、反应温度150℃、转速500 r/min的条件下,加氢后漆蜡中硬脂酸相对含量提高到23. 89%,熔点由49. 6℃上升到50. 9～52. 6℃。在相同的加氢条件下,将加氢后的漆蜡与LH蜡(精制乌桕蜡)按复配比1∶1进行复配加氢,得到硬脂酸含量为17. 48%的新型复配漆蜡,接近日本精制白蜡中硬脂酸含量17. 60%。由于LH蜡的市场价格远低于漆蜡的市场价格,能够降低生产成本,因而这种新型复配漆蜡有很好的发展前景和市场竞争力。"
2019,古登堡机器印刷术引发的系列变革研究--《北京印刷学院》,古登堡机器印刷术 印刷媒介 印刷业 传播变革 社会变革,随着移动互联技术的发展人类社会正经历重大的传播变革这与500多年前古登堡机器印刷术产生的时代背景极其相似500多年前以古登堡机器印刷术为代表的传播技术进步加速了科技文学与艺术等信息在欧洲地区的扩散由此引发了系列变革开启欧洲发展的新篇章回顾历史不是为了站在今天看昨天而是站在今天看未来站在当下我们需以史为鉴纵观前人研究笔者发现从新闻传播学意义上探究古登堡机器印刷术引发的系列变革在国内学术领域仍属空白因此通过回顾梳理500多年前古登堡机器印刷术引发的变革将有助于个人媒体和社会层面以史为鉴反观现今传播变革现状而这也正是笔者开展此研究的主要目的本研究立足于新闻传播学和历史学双视角从古登堡机器印刷术这一重要的传播技术着手对古登堡机器印刷术印刷媒介传播变革社会变革等关键词进行把控运用定性研究法跨学科研究法和文献研究法全面系统地论述古登堡机器印刷术引发的系列变革在结构上本文首先从研究背景概念界定文献综述等方面厘清文章的研究问题和研究路径进而于第二第三章讨论了古登堡机器印刷术的产生及其印刷业的发展延续前三章的行文思路笔者在第四章中大胆提出假设结合新闻传播学理论和历史学知识不断求证以此检验印刷业的发展引发传播结构的变化这一假设的成立第五章在假设成立的前提下以新的工商产业为切入点从人力资本贸易交换规模和文明角度探讨传播结构变化如何影响社会变革本文从新闻传播学的角度对古登堡机器印刷术引发的系列变革给予了新的解释即一项全新的传播技术古登堡机器印刷术促使新的印刷行业产生印刷业的蓬勃兴起导致了传播结构的变化而新的传播结构影响了社会人力资本工商业贸易规模并最终促成了现代文明的出现实现了人类文明的进阶通过历史回顾梳理对现今人类社会在新技术革命的背景下如何转型和演进具有重要的启迪和借鉴意义
2018,涂料硝化棉应用及检测技术研究--《西北大学》,硝化棉溶液 硝基漆片 苯及其衍生物 增塑剂,一般含氮量在115122的硝化纤维素是基本成膜的涂料业内简称硝基漆或硝基涂料硝基涂料应用最大的领域是木器漆和油墨为了保障硝化棉运输贮存与使用的安全性人们提出将硝化棉制成硝化棉溶液和硝基漆片的方法即在溶剂类物质中加入硝化棉溶解分散过滤得到硝化棉溶液通过增塑剂塑化硝化棉通过碾压烘干切片工艺制得硝基漆片本文结合作者所在企业的实际研究了硝化棉溶液的制备工艺针对长途运输降低费用的需要探讨了高粘度高固含量硝化棉溶液的生产方法针对国家环保要求探讨了有苯生产线改无苯生产线的方法建立了无苯棉液的分析指标探讨了无苯硝化棉溶液的生产方法同时建立了与生产工艺相匹配的分析检测方法分析了影响分析结果的环节并对分析方法进行了优化本文从硝基漆片的生产路线出发研究了硝基漆片生产的主要环节研究出塑化工艺参数卧式碾压与立式碾压相结合的碾压工艺烘干工艺参数得出硝基漆片的生产工艺流程图研究出了与连续化漆片生产线配套的安全处理工艺碱洗工艺摸索出碱洗周期建立了与生产工艺相匹配的硝基漆片增塑剂和硝基漆片的分析方法用环保型增塑剂代替了逐渐被禁用的邻苯二甲酸酯类增塑剂建立了产品的验收标准
2013,食品包装的最新研究进展--《中国食品学报》,食品包装 活性包装 智能包装 包装材料 食品安全 迁移,"随着消费者对食品安全和品质要求的不断提高,传统的食品包装已经不能满足当今市场的需要。一些先进的包装技术和环境友好型包装材料被不断开发应用于食品包装。本文总结了近几年食品包装技术和包装材料的最新研究进展,着重探讨活性包装、智能包装技术以及绿色包装和纳米包装材料,并对不良食品包装导致的安全问题及其有毒有害物的迁移进行归纳,在此基础上提出可行的解决方案。"
2014,聚合物/石墨烯复合材料制备研究新进展及其产业化现状--《高分子学报》,石墨烯 聚合物复合材料 产业化,"对石墨烯及其聚合物基复合材料进行简单的介绍和分类,着重介绍了几种主要聚合物/石墨烯复合材的制备方法及其产业化应用研究情况,同时综述了聚合物/石墨烯复合材料最新的研究进展,评述了聚合物/石墨烯复合材料产业化状况及其发展过程中所面临的机遇与挑战."
2015,3D打印技术的理论与实践--《中共中央党校》,3D 打印 增材制造 知识产权 战略 “三个世界”理论,经过30多年的发展3D打印技术正在改变着人类原有的生产模式逐渐被应用于制造业航空航天生物医学电子机器人建筑行业等行业目前德国实施的工业40计划视3D打印技术为实现智能生产的关键技术而且德国总理要求研究与创新专家委员会制定该技术发展的国家战略目前美国政府成立了首家国家制造业创新中心国家增材制造创新中心以便促进3D打印技术的发展从而推动制造业的回归2015年两会前中国政府公布了国家增材制造产业发展推进计划20152016制定了短期发展目标和相应措施从而推动3D打印产业有条不紊地发展加速我国产业结构调整提升我国制造业整体水平同时3D打印等先进制造业技术与信息网络技术的融合将推动李克强总理提出的互联网计划的实现在此背景下3D打印技术已成为研究热点本文从多维度研究该项技术并提出笔者对该技术发展的个人见解本文第一部分通过追述打印技术的演变历程总结出打印技术发展的整体规律即从虚拟到存在简单到复杂无机到有机并且阐述了3D打印技术的应用领域以及发展趋势通过研究3D打印技术及其特点总结出其本质和内涵即信息世界3材料世界1产品世界1这将有助于科研人员抓住该项技术发展的核心问题从而加强3D打印材料的研究开发以及提高产品创造和设计能力本文第二部分主要从科学技术哲学角度诠释3D打印技术根据波普尔三个世界理论以及王克迪教授对该理论的改进3D打印的生产过程展示了世界3和世界1之间的相互作用关系由此过程产生出新的世界3和世界1因为3D打印技术有助于实现个性化社会化生产这将使世界3和世界1的内容急速扩大3D打印生产方式信息材料产品可以极大地发挥人的能动性和创造性相对原有的生产方式能够彰显人类的主体性因为科学技术的内在风险性3D打印技术的使用将与传统伦理道德产生冲突本文通过分析潜在的伦理问题提出了相应对策本文第三部分主要从马克思政治经济学角度分析3D打印技术将推动生产力的发展进而影响甚至改变现有的生产方式3D打印的技术特性决定其能够实现分布式个性化定制生产这有望解决现有生产方式所引起的生产和消费鸿沟以及产能过剩问题本文第四部分主要讨论3D打印技术通过改变生产方式将会影响社会各个领域并且通过选择具有代表性的行业展示了其对经济政治军事环境文化带来的冲击本文第五部分主要从知识产权保护和违禁物品生产等方面探讨3D打印技术可能引起的社会风险并且具体列举了潜在的风险以及提出了相应的对策建议本文最后详细分析了美国可持续发展战略和德国工业40国家战略通过借鉴欧美发达国家的强国战略提出适合我国工业发展现状的战略规划并借助新工业革命到来的契机优先发展3D打印等战略性新兴技术实现跨越式发展最终完成从工业大国向工业强国的转变
2012,我国汽车产业的产业关联及效率演进研究--《吉林大学》,汽车产业 产业关联 效率 投入产出 聚类分析 因子分析 DEA-Malmquist,汽车产业是我国重要的主导性支柱产业汽车产业的产业关联性强技术密集汽车产业的发展直接影响着国民经济众多部门的发展同时也影响着工业化进程中产业结构的优化和升级近年来我国汽车产业发展迅猛2010年我国汽车产量达182647万辆占世界第一尽管汽车产量占据了世界第一的位置但是与世界上汽车产业发达的国家相比我国汽车产业在技术结构管理和效率方面还存在很大差距目前我国汽车产业的规模与结构如何汽车产业的产业关联和波及效应如何汽车产业对其他产业以及就业的拉动效应如何汽车产业的效率怎样汽车产业的产业关联效应和效率是如何演进的这些都成为政府企业和学界关注的问题本文依据相关理论利用大量统计数据对我国汽车产业的规模结构和集群发展特征等进行了系统分析利用投入产出模型对我国汽车产业的产业关联性产业波及性以及动态演进进行了研究并基于投入产出理论建立了汽车产业的完全就业拉动模型实证分析了我国汽车产业的直接完全就业贡献以及动态演进趋势在利用增加值率指标分析了我国汽车产业整体效率后选取基于DEA的Malmquist生产率指数分行业分地区对我国汽车产业的效率及其动态演进进行了研究为深入了解汽车产业发展状况及存在的问题掌握汽车产业发展规律制定汽车产业发展政策促进汽车产业健康快速发展从而推动经济增长提供参考本文共分6章具体内容如下第1章绪论首先介绍了本文的研究背景与意义并对基于投入产出理论的产业关联和产业效率问题在国内外的研究现状进行了综述最后介绍了本文的研究框架主要内容以及研究方法第2章相关理论概述本章是全文分析的理论基础阐述了产业结构理论产业分工理论产业集群理论和效率理论最后介绍了汽车产业的相关理论第3章我国汽车产业发展的动态特征本章首先从汽车产业的生产规模经济规模就业规模和企业数量规模等几个方面分析了我国汽车产业19912009年的规模特征及演变规律其次从汽车产业主导产品结构企业经济类型结构地区结构和进出口结构等角度应用经济指标比较聚类分析等方法全面细致的分析了我国汽车产业的结构特征本章最后一节详细分析了我国汽车产业集群的发展特征从能够反映集群高级化水平的绩效特征和专业化特征两个方面应用因子分析相对指标比较等方法对我国六大汽车产业集群的发展现状进行了评价第4章我国汽车产业的产业关联与波及效应演进本章首先利用投入产出的理论与方法依据199720022007年中国投入产出表数据分析了我国汽车产业与其他产业的供需关联及其演进研究结果表明汽车产业与其他产业部门的需求与供给关系并没有发生太大的变化除了对自身的直接消耗系数完全消耗系数最大以外其他与汽车产业保持紧密联系的部门多数为制造业部门同时对商务服务业的直接消耗完全消耗关系逐渐凸显表明了第三产业所提供的服务已经成为了对汽车产业的一种重要的中间投入另外从其他产业部门对汽车产业的直接消耗完全消耗关系来看直接消耗系数值比较大的多为道路运输公路货运商务服务业等部门表明汽车产业为这些产业部门提供了不可或缺的中间投入体现了其基础产业的特性三个时期汽车产业中间需求率均大于50体现了其具有提供生产资料的基础产业的特点而中间需求率的下降预示了汽车产业向满足最终需求的产业转变的趋势中间投入率大于50说明我国汽车产业低附加值高带动性特点明显汽车产业的带动效应数量模型测算结果表明从三个时期平均看汽车产业增加1元的产出就能为国民经济创造49元的增加值体现了其对国民经济的发展具有较强的带动效用其次以产业影响力产业感应度以及生产诱发系数三个指标为核心动态分析了我国汽车产业的波及效应研究结果表明三个时期的汽车产业的影响力系数均大于1说明其对国民经济各部门的影响程度高于各部门的平均水平对国民经济具有比较强的拉动作用并且这种拉动作用呈递增态势感应度系数虽然有所波动但数值均大于1表明汽车产业受到产出增加的感应程度高于国民经济的平均水平生产诱发效应分析表明三类最终需求中投资需求对汽车产业生产诱发额是最大的汽车产业总产出中有50以上是受到投资需求诱发的结果第5章我国汽车产业的就业拉动效应演进首先建立汽车产业产出对各产业的就业拉动模型利用199720022007年中国投入产出表数据的实证分析结果表明三个时期内汽车产业产出的直接完全就业贡献都呈现下降趋势直接就业与间接就业贡献之比从1997年的1409下降到2007年的1273汽车产业对第二产业就业的拉动作用最为显著但对第三产业就业的拉动作用较小其次应用汽车产业最终需求对各产业的就业拉动模型计算各项最终需求的就业拉动作用结果显示三个时期内投资需求对自身部门的直接就业贡献最大消费需求与出口需求的直接就业贡献在增大从完全就业贡献额来看三个时期我国汽车产业投资需求所拉动的直接就业和间接就业的总和是最高的本章最后分析了消费投资和出口对汽车产业就业的影响及动态演进研究结果表明投资对我国汽车产业的就业系数要大于消费和出口对汽车产业的就业系数说明投资是拉动我国汽车产业就业增长的有效手段但是投资的拉动系数在下降消费与出口的拉动系数在上升说明最终需求对就业拉动的结构效应在发生改变第6章我国汽车产业效率动态演进首先介绍了我国汽车产业效率的评价指标其次应用增加值率对近10年我国汽车产业的效率进行测量结果表明增加值的年平均增长速度为2214略低于总投入的2293的年平均增长速度因此增加值率年平均下降064此外还得到几点带有启发性的结论当某年的增加值的增长速度高于总投入的增长速度时增加值率为正向增长即增加值率上升反之增加值率负向增长即增加值率下降当某年新增中间投入贡献系数r高于上一年的中间投入贡献系数r时对应年份的增加值率的变化ΔR为正即总体增加值率上升最后应用Malmquist生产率指数计算了我国汽车产业各行业地区集群效率演进研究结果表明我国汽车产业各行业地区集群的全要素生产率均呈现上升态势并且技术进步是主要推动力量最后是本文的结论
2009,上海市空气污染排放清单及大气中高浓度细颗粒物的形成机制--《复旦大学》,气溶胶 细颗粒物 理化特性 来源 排放清单 空气污染指数(API) 上海,上海是中国经济活动总量最大工业门类最全能源消耗强度最大污染物排放密度最高的城市近年来随着产业结构和工业布局的调整清洁能源替代及工业区环境综合整治等系列污染控制措施的实施上海市环境空气质量总体上得到了改善2008年上海市环境空气中PM_10的年日均浓度为0084毫克立方米比2004年下降了15SO_2年日均浓度同比下降了56NO_2下降了97但是与国际大都市相比上海环境空气质量仍处于较高污染的水平以PM_10为主的大气污染指标是发达国家城市的25倍特别是细颗粒物PM_25的年平均浓度高达00500059mgm3超过国际卫生组织年平均值标准0015mgm3的34倍以PM_25为代表的细颗粒物已成为制约上海市环境空气质量改善的关键问题本博士论文以上海市环境空气中PM_10和PM_25的污染因子为研究对象以大气污染物排放清单的建立和分担率研究为核心结合现场监测实验室分析统计分析和数值模型开展了上海市细颗粒气溶胶污染的时空分布化学组成形成机制和来源研究本研究通过对污染源的全面识别和梳理结合全国污染源普查及重点国控企业大气污染物排放核查的创新工作方法应用及修订多种污染物排放定量技术方法和手段探索了石化行业VOCs无组织排放的定量难题建立了以气溶胶污染为控制目标以常规大气污染物PMPM_10PM_25SO_2NOxCOVOCs和NH_3为目标污染物的2006年上海市大气污染物排放清单及改进的2007年点源大气污染物排放清单该清单空间精度为11km2网格精度高度1km涉及33种工业行业点源12896家工业企业20种民用与工业面源以及机动车船舶飞机和火车在内的流动污染源2006年排放清单研究显示上海市各类污染源向环境空气中排放的总量分别为PM582万吨PM_10279万吨PM_25111万吨SO_2564万吨NOx464万吨CO1417万吨VOC574万吨和NH_314万吨是全世界污染物排放量最多的城市面源是PMPM_10PM_25VOC和NH_3的首要来源点源是SO_2和NOx的第一来源流动源是CO的第一来源分担率为46其中道路扬尘是上海市一次颗粒物PMPM_10和PM_25的首要来源对全市总量的分担率为5445和26造成上海环境空气中气溶胶二次组分的主要污染物SO_2的主要来源是电站锅炉和工业分散燃料其分担率分别为57和12主要污染物NOx的主要排放来源是电站锅炉和机动车分别为全市总量的36和18有机气溶胶的来源即污染物VOC的主要排放源是涂料生产工艺储罐和机动车其分担率分别为2823和16NH_3的排放主要来自畜禽养殖和点源生产工艺分别占全市总量的667和197本研究还应用MODELS3CMAQ数值模型对上海冬季污染的来源开展了情景模拟分析测试了电厂非电工业源流动源和面源等主要污染源类别对上海市细颗粒污染的贡献和影响2008年冬季数值模型模拟结果显示上海市气溶胶PM_10PM_25的浓度受面源排放的影响较其它排放源更大浓度贡献率为683其次是流动源和非电站点源排放电站点源是造成SO_2连续多天较高浓度的最主要排放源浓度贡献率为321其次是流动源和非电站点源周边外来源的影响占153造成NO_2高浓度的最主要排放源则是流动源其次是电站点源和非电站点源本研究利用20042008期间上海市环境空气中PM_10及PM_25自动监控网络和气溶胶滤膜现场监测深入分析了所采集的35万余个监测数据结果表明上海细颗粒污染呈现冬春季节高13411和12月夏秋季节78和9月较低日变化双峰60080018001900双谷以及东部沿海区域低西北部污染浓度高的时空间分布特点PM_25PM_10常年平均值在05以上不同污染类别下气态污染物与颗粒物的污染呈现出显著差异重霾污染日SO_2PM_10038和NO_2PM_10024明显低于优良日051和062而PM_25PM_10比值显著升高达到61PM_25中水可溶性组分占到59硫的转化率SOR和氮的转化率NOR分别达到067和061表明一次SO_2和NOx转化成的硫酸盐硝酸盐以及铵盐是形成上海PM_25高浓度的主要因素在受沙尘输送影响下的高污染日上海市环境空气中SO_2PM_10NO_2PM_10PM_25PM_10进一步降至00660073和155SO_2PM_10NO_2PM_10和PM_25PM_10比值可作为判断沙尘日非沙尘日和霾污染日的重要指标本研究成果揭示了上海市细颗粒气溶胶的污染特性及变化规律阐明了沙尘长距离输送影响条件下上海市气溶胶尤其是典型重霾污染的特性来源形成机制及其对大气空气质量的影响本研究已经在国际SCI杂志和中国核心期刊书籍上发表了9篇论文其中第一作者4篇还有1篇已投到国际SCI杂志1篇拟投国际SCI杂志均为第一作者本研究主要成果已获得2008年度上海市科学技术进步奖二等奖
2002,新型高效气浮絮凝剂及设备的开发应用研究--《昆明理工大学》,絮凝剂 形态分布 混凝 设备 设计理论 废水处理 分形 模型,气浮设备和絮凝剂是气浮净水技术的核心研究新型复合聚硅硫酸铁铝絮凝剂及CAF涡凹气浮设备将解决实际问题具有十分重要的现实意义用钛白废酸和粉煤灰为原料设计出一条新工艺流程制取新型复合聚硅硫酸铁铝PFASSi其最佳工艺条件为当酸浸时间为15hNaCl助溶剂与粉煤灰的质量比例为0051固液比为110浸取温度为90时铝的酸浸取率最大可达3926当碱浸时间为2h浸取碱液浓度为5molL固液比为110浸取温度为90时硅的碱浸取率最大可达3588在常压40的条件下以NaNO_2为催化剂空气为氧化剂KI为助催化剂氧化反应时间为2h以氧化聚合一步法制取聚合硫酸铁铝然后加入聚合硅酸复合即可制得聚硅硫酸铁铝的红棕色液体产品在混凝处理焦化废水滇池含藻水和三种再生造纸废水时与PACPFS相比PFASSi具有用量少沉降速度快费用低对藻类油CODcrSS色度或浊度的净化效率高适用的pH值范围较宽等优点PFASSi的形态分布和混凝研究表明针对不同的废水研究开发了不同的专一复合PFASSi絮凝剂它的最优技术指标为B1520FeAlSi或FeAl摩尔比均为101pH为2040论文初步建立了CAF涡凹型气浮机工作及设计计算理论体系设计制作了小型CAF样机同时采用PFASSi絮凝剂为主要絮凝剂对四种废水进行了气浮净水试验研究结果表明用小型CAF样机气浮处理滇池含藻水两种再生造纸废水以及焦化废水预处理是可行的具有用药量低气浮时间短净化效果好的优点除藻率和除油率分别可达99和998SS和浊度的净化效率分别可达96和92以上预处理焦化废水时COD的净化效率可达565气浮除藻后的水可作为工业用水再生造纸废水处理后可回用单独使用絮凝剂时无机絮凝剂的净化效果顺序为PFASSiPFSPAC复配药剂的处理效果要优于单一用药而且无机与有机絮凝剂配合使用有利于降低药耗和提高净水效果应用分形理论研究分析PFASSi及与PAM复合处理废水时生成的絮体的形成生长和不规则程度生成的絮体分形维数为153165或155173解释了混凝过程的吸附架桥沉淀网捕作用机理和气浮过程的凝聚絮粒与气泡粘附及上浮作用机理建立了絮体生成的DLA分形模型V_nknup经过理论推理建立了理想化的气浮絮体分形模型其分形维数为提高结合气浮絮粒的个数n有利于提高分维D_f和气浮效率将无机高分子和有机高分子絮凝剂复合使用通过CAF气浮机叶轮或涡轮的长时间高强度机械搅拌使气浮絮体发生脱水收缩促进致密型气浮絮体的生成气浮效果更好
2003,白炭黑的制备、表面改性及应用研究进展--《材料导报》,白炭黑 特性 改性 应用,"简述了白炭黑的结构、性质、制备方法,并重点综述了其表面改性的作用、改性机理、常用的改性剂及其近年来在工业生产中的应用情况,分析了国内外白炭黑工业的市场现状及我国与国外的差距,提出了研究和生产发展的方向。"
2008,5-羟甲基糠醛制备及应用的研究进展--《化工进展》,羟甲基糠醛 生物质 平台化合物,"综述了利用可再生资源制备羟甲基糠醛的方法及研究进展,讨论了其重要衍生物及其应用:2,5-呋喃二甲醛可用于合成许多新化合物;呋喃二甲酸可以作为合成聚酯类材料的初始原料,还可应用于药理学的研究;乙酰丙酸制取各种产品,包括树脂、医药、香料、溶剂、涂料和油墨、橡胶和塑料助剂、润滑油添加剂、表面活性剂等,还可以作为农药、染料的中间体。分析了目前利用生物质制备羟甲基糠醛研究中存在的问题,对其今后的研究发展提出了建议。"
2001,阳离子型有机絮凝剂研究进展--《现代化工》,阳离子型絮凝剂 有机絮凝剂 高分子絮凝剂 水处理,"絮凝剂是絮凝法水处理技术的核心 ,目前阳离子高分子絮凝剂作为龙头产品受到人们广泛关注。就国内外阳离子有机絮凝剂的研究开发和应用进行评述 ,内容涉及阳离子型聚丙烯酰胺接枝共聚物、羟基醚化类、烷基烯丙基卤化铵类和环氧氯丙烷与胺反应物 ,特别是淀粉等天然高分子改性阳离子型絮凝剂和人工合成的无毒有机阳离子高分子絮凝剂"
1997,高分子材料在微胶囊新技术中的应用--《高分子材料科学与工程》,高分子材料 微胶囊 新技术,对高分子材料在微胶囊新技术中的应用状况进行了综述。介绍了制做微胶囊的高分子材料种类、制备微胶囊的方法。讨论了影响微胶囊性能的因素，并展示了微胶囊新技术的应用场合。
2006,油桐的生产现状及其发展建议--《经济林研究》,油桐 桐油 生物质能源 利用,"油桐是原产我国的世界著名的工业油料树种。油桐在我国16个省、市、自治区有栽培分布,栽培分布范围广,品种资源丰富,结实早,产量高。简单介绍了油桐的资源分布、栽培与利用及其栽培的优势,并提出把油桐生产列入国家生物质能源发展的范畴、把油桐生产列入“十一五”规划项目、开展油桐作为生物柴油使用的试验研究、恢复原来的油桐研究会、迅速搜集保存油桐种质资源等建议。"
2002,复方液吸收法处理低浓度苯类废气--《合肥工业大学学报(自然科学版)》,苯 有机废气 复方液吸收法,"低浓度苯类有机废气的常用处理方法有催化燃烧法、活性炭吸附法、微生物处理法及吸收法等 ,其中吸收法投资费用少 ,运行成本低 ,在中小型企业中得到广泛应用。文章结合具体应用实例 ,在传统吸收法的基础上 ,针对低浓度苯类有机废气提出了一种新的复方液吸收法 ,提高了吸收效率 ,使低浓度苯类废气的净化处理效率达到 87.5 %。该项技术具有投资省、运行成本低、净化效率高、易操作等特点 ,有很好的推广应用价值"
2003,松香改性的研究进展--《天然产物研究与开发》,松香 改性 酯化,"本文综述了近年来松香改性的研究进展情况 ,对其进行了分类阐述 ,即基于羧基的改性、基于双键的改性、基于羧基和双键的改性以及其它方面的改性 ,并展望了此领域的发展趋势和前景。"
2001,国内外酶制剂工业及其应用--《工业微生物》,酶制剂 工业 应用,"综述了国内外酶制剂工业生产的安全卫生管理 ,以及酶制剂在食品、纺织、造纸等工业领域中应用的进展"
2007,硅太阳能电池的丝网印刷技术--《电子工业专用设备》,丝网印刷 背银 背铝 正银 丝网 浆料 基片,简要介绍太阳能电池的生产工艺。针对背银、背铝、正银三工序的印刷工艺要求从刮刀、丝网、浆料、设备及基片5方面进行分析。
2007,纸质食品包装材料中的残留污染物--《包装工程》,纸质食品包装材料 残留污染物 毒性 迁移,"食品包装材料中的残留污染物是引起食品污染的重要途径之一。根据国内外研究结果的有关资料,对纸质食品包装材料中存在的微量元素、荧光增白剂、有机氯化物、增塑剂、芳香族碳水化合物、有机挥发性物质、固化剂、防油剂以及杀菌剂等化学残留物的来源、毒性分析、其迁移到食品中的可能性及对人体的危害作了综合的论述,为相关食品包装企业的质量控制和科研工作者提供参考。"
2002,稀土光致发光材料的研究现状和应用--《北京工商大学学报(自然科学版)》,稀土 无机光致发光材料 有机光致发光材料 荧光灯 长余辉材料,"本文就稀土光致发光材料进行了分类 ,对其发光特性作了简要介绍 ,综述了其开发与应用的历史与现状 ,并介绍了其目前在各个领域的应用产品 ."
2018,植物纤维提取物还原纳米金属粒子制备导电油墨的研究--《华南理工大学》,银包覆二氧化硅 玉米秸秆提取物 纳米银 导电,银纳米粒子因其优异的电磁性能被用于制备导电油墨但银的成本很高这一点极大地限制了它的使用因此在保证银的电磁性能的前提下减少银的使用量是降低导电油墨制备成本的关键根据复合材料的理念将银包覆在粉体上形成核壳结构不仅能够保持其电磁性能而且大幅度降低银的使用量从而降低导电油墨制备成本二氧化硅作为一种无机材料其获得方式简易原料来源范围广低成本理化性质稳定因此常被用来做复合材料的基材本研究采用玉米秸秆提取物作为还原剂还原制备包覆在二氧化硅表面的银纳米粒子获得银包覆二氧化硅导电粒子将其应用到导电油墨的制备中首先本文采用葡萄糖作为还原剂合成银纳米粒子并利用合成的银纳米粒子制备导电油墨得出最佳油墨配方经研究发现葡萄糖还原制备粒子半径均一的银纳米粒子的最优合成条件葡萄糖与硝酸银的摩尔比为21PVP与硝酸银的摩尔比为151PH值为11PVP与AgNO_3摩尔比151反应温度50反应时间120分钟制备的银纳米粒子的粒子半径均匀分散性好另外本章还得出了制备UV固化导电油墨的配方银含量90浆料投粉量为25的情况下导电油墨的导电率达到37104Sm导电性能高成本适中然后本文探讨了另一种还原剂玉米秸秆提取液的合成金属粒子的方法针对玉米秸秆提取物的超声细胞粉碎时间合成过程中的硝酸银的量反应时间和反应温度对银纳米粒子的粒子半径及尺寸分布范围的影响研究表明利用玉米秸秆提取液还原制备银纳米粒子的最佳实验条件是超声时间为20min反应时间为30min反应温度为80硝酸银用量为020g获得的AgNPs的粒径分布窄主要分布在1023nm颗粒主要形态为是球形最后对经表面处理后的二氧化硅镀银探讨了银含量MPTMS与二氧化硅质量比反应物用量对导电油墨的导电性的影响后发现银含量70MPTMS与二氧化硅质量比15硝酸银浓度008molL时制得的银包覆二氧化硅粒子的导电性最佳本论文对粒径为80nm的硅球进行包覆银含量90浆料投粉量为225的情况下镀银导电油墨的电阻为109Ω导电率为917104Sm银的使用率降低254验证了本研究方法的确能够大幅度降低了使用银的成本的目的
