2017,环保水性油墨制备技术与应用现状分析--《科学技术与工程》,水性油墨 连接料 制备 改性 水性柔印 水性凹印,"研究国内外水性油墨最新制备技术,并重点分析水性油墨在我国的应用现状。通过大量查阅国内外文献资料,归纳整理水性油墨连接料制备技术与改性研究进展,分析水性油墨应用现状,预测未来发展方向和趋势。水性油墨的研究焦点集中在制备性能优良的新型水性连结料树脂,即水性聚丙烯酸酯,水性聚氨酯,以及纳米改性连接料的制备和改性研究。水性油墨在柔印中所占的比例与日俱增,但在凹版塑料薄膜印刷中尚处于起步阶段。国内外关于水性油墨的研发取得了巨大进展,应积极鼓励水性油墨的承印基材从单一的瓦楞纸、纸张向多种非吸收材料发展;印刷方式从水性柔印向水性凹印方向逐渐推广。"
2011,水性油墨研究进展--《中国印刷与包装研究》,水性油墨 水性连结料 助剂,"水性油墨因其优良的环保性,受到越来越多的关注,成为现今油墨行业发展的方向和趋势。本文系统介绍了水性油墨的组成和质量控制指标,指出了影响水性油墨印刷质量的关键因素,综述了水性油墨研究发展历程,简要分析了我国水性油墨研究现状和技术方向,展望了水性油墨的发展趋势。"
2009,超细水性油墨的研制--《包装工程》,水溶性分散剂 水性油墨 超细色浆,"以苯乙烯和丙烯酸为聚合单体,甲苯为溶剂,采用溶液聚合法合成了水溶性颜料分散剂。以水溶性分散剂、颜料及助剂制备了超细颜料色浆,以自制乳液为连接料,加入超细颜料色浆,经分散、研磨制成了超细水性油墨,对超细油墨的细度、耐水性、光泽度等性能指标进行了测试。结果表明:超细水性油墨的细度为0.5～0.8μm,耐水性为5级,光泽度为0.8,优于目前水性油墨企业标准,其它性能指标符合水性油墨企业标准。"
2018,废纸回用过程中水性油墨杂质再吸附与分离的研究进展--《中国造纸》,水性油墨 连接料 再吸附 电荷特性 空间位阻,"介绍了水性油墨的组成及性质,总结了水性油墨杂质的再吸附性能以及影响其与纤维分离的因素,分析了导致水性油墨印刷废纸再制浆后白度降低的根本原因;同时从理论上系统分析了抑制水性油墨杂质再吸附和分离的途径,并就目前开展的针对水性油墨印刷品再制浆过程中水性油墨杂质高效分离的解决方法进行了论述。"
2018,水性油墨连结料对PVC印刷耐光色牢度的影响--《工程塑料应用》,水性油墨 连接料 耐光色牢度 水性聚丙烯酸树脂 水性聚氨酯–丙烯酸树脂,"为了研究水性油墨连接料对聚氯乙烯(PVC)塑料耐光色牢度的影响,采用乳液聚合法和共混法制备了水性丙烯酸树脂乳液和水性聚氨酯–丙烯酸树脂乳液两种水溶性树脂作为水性油墨连接料,分别配制成水性油墨并印刷到PVC塑料表面。利用傅立叶变换红外光谱和扫描电子显微镜等检测手段分析了水性油墨连接料影响PVC塑料印刷耐光色牢度的原因。测试结果表明,水性聚氨酯–丙烯酸树脂乳液配制的水性油墨在耐光色牢度、附着牢度、耐水性能方面都比水性丙烯酸树脂乳液配制的水性油墨更优秀;而在细度、黏度、初干性、着色力、pH值性能方面两者相同。水性聚氨酯–丙烯酸树脂乳液配制的水性油墨的耐光色牢度用灰色样卡等级进行评价,其灰色样卡等级为4级,色差为1.7～1.9;而水性丙烯酸树脂乳液配制的水性油墨的灰色样卡等级仅为3～4级,色差为2.5～3.4。"
2017,溶胶/凝胶法改性铝粉颜料及水性凹版银色油墨的研究--《北京印刷学院》,纯水型银色凹印油墨 配方 铝粉颜料 二氧化硅改性,目前绿色环保仍是当今社会的主题纯水型环保油墨的开发是一种发展趋势它有零VOC排放无刺激性气味不易燃绿色健康的特点近几年在绿色包装印刷行业中普遍应用随着社会的发展人们的消费对商品外在包装精美程度的追求大大提升而凹版印刷因墨层厚实富于层次的特点其得到的印刷品高端精美满足人们的追求银色油墨同样以其特殊的色彩和金属光泽广泛应用于各种商品的精美包装备受人们青睐因此纯水型银色凹印油墨的研发是一种必然的趋势它是一种极具发展前景和市场潜力的新型绿色印刷耗材本文对水性银色凹印油墨的配制和优化进行了相关的研究探究了铝粉颜料种类颜基比分散剂种类和用量搅拌速度和时间对基墨分散性能的影响探究了成膜树脂种类成膜树脂复配比例对油墨粒径光泽度表面张力流平性等印刷性能的影响另外本文通过对铝粉颜料的脱脂处理和溶胶凝胶法改性实验改善了纯水性铝粉油墨的不稳定性探究了不同磷酸浓度的乙醇溶液对铝粉颜料脱脂效果的影响探究了铝硅比水硅比催化剂用量容积体积反应时间对铝粉颜料改性包覆实验的影响并通过FTIRSEMXRDXPS对反应得到的铝粉颜料进行表征分析验证了铝粉表面二氧化硅改性包覆层的存在实验表明铝粉颜料的种类分散剂的种类和用量油墨的颜基比搅拌的速度和时间对油墨分散性能的影响比较大当使用铝粉颜料PHY20分散剂JL115A用量为2按照23的颜基比在搅拌速度为300rmin的条件下搅拌分散100min配制的基墨的分散性能最好成膜树脂的种类对油墨性能有很大影响当成膜树脂813和成膜树脂S2919的比例为169时油墨的综合性能最佳002molL的磷酸的乙醇溶液是最适合铝粉颜料脱脂处理的一种溶液当铝硅比是1331水硅比是801乙二胺用量为27g容剂体积为200ml时在50条件下反应6小时可以得到改性效果好的铝粉颜料颗粒
2018,纳米TiO_2/SiO_2微粒的制备及表面改性在丙烯酸树脂中的应用--《西安理工大学》,纳米TiO_2/SiO_2 丙烯酸树脂 表面改性 抗紫外性,水性油墨成本低环境污染低水性丙烯酸树脂与其他树脂相比具有最佳的整体性能考虑到丙烯酸树脂的抗紫外性和耐水性差本文对水性油墨连接料即丙烯酸树脂为切入点加入纳米TiO_2SiO_2复合粒子最终成功制备出抗紫外线性能强耐水性好的丙烯酸树脂主要研究内容和结果如下1利用PVP和4VP作为结构引导剂共混TEOS作为SiO_2的前驱物制备出了多组纳米TiO_2SiO_2复合微粒通过SEM图分析得到2组复合微粒效果最好最佳制备工艺为PVP2g4VP2mlPVP4VP浓度为025钛硅比例12氨水用量5mlXRD图谱发现纳米SiO_2包覆前后没有改变TiO_2的晶型结构比较FTIR图和XPS图谱发现TiOSi键存在于纳米TiO_2SiO_2复合粒子中Si元素以TiOSi的形式存在于TiO_2晶体中表明TiO_2表面的SiO_2层包覆是成功的羰基与SiOH结合形成氢键引导组装TiO_2表面的OH与SiOR和SiOH基团反应生成TiOSi键2以质量分数2的KH570质量分数3的NDZ101为表面改性剂对制得的纳米TiO_2SiO_2复合微粒表面进行改性结果表明2组亲油效果最好表明纳米TiO_2SiO_2的制备效果与亲油改性效果一致SEM显示纳米TiO_2SiO_2复合微粒表面都包覆上了有机层FTIR图中在1490cm11440cm1左右出现了CH3CH2弯曲振动吸收峰在1720cm1处新出现了CO的特征峰1380cm1处新出现钛酸酯CO的吸收峰TGA曲线大约在350急剧下降失重由85左右下降到约70表明偶联剂成功改性了纳米TiO_2SiO_2复合微粒KH570和NDZ101以键合的形式接枝于纳米粒子表面3通过丙烯酸树脂的合成将改性后的纳米TiO_2SiO_2复合微粒共混加入丙烯酸树脂中制备出不同浓度纳米TiO_2SiO_2的TiO_2SiO_2丙烯酸树脂对其进行外观表征粘度测试附着力测试抗紫外表征和耐水性能测试与表征紫外吸收光谱图分析加入纳米TiO_2SiO_2后在UVB波段有很高的吸收在UVA波段也有较高的紫外线吸光度纳米TiO_2SiO_2复合颗粒的浓度从1wt增加到10wt纳米TiO_2SiO_2丙烯酸树脂完全屏蔽的紫外波长从310nm横移到了大约350nm而可见光透明性可以保持在90以上因此质量分数10的纳米复合颗粒添加量最佳
2018,大分子功能单体存在下的丙烯酸酯共聚物乳液的合成及应用--《北京化工大学》,丙烯酸乳液 大分子功能单体 水性油墨 聚合稳定性 薄膜印刷,近年来随着大气污染与环境保护受到越来越多的重视VOC排放量高的传统包装印刷行业面临着巨大的转型压力因此柔性印刷和水性油墨的地位逐渐提高作为水性油墨连接料丙烯酸树脂由于其合成简单分子量高耐候性耐油性和高光泽度等优点而受到印刷界的青睐然而对于传统的丙烯酸类树脂来说仍存在一些缺点而在常规乳液聚合中使用大分子作为乳化剂是获得具有改进的胶体性质的水基聚合物分散体的有效手段本论文使用半连续乳液聚合法以大分子功能单体作为大分子乳化剂进行了丙烯酸酯共聚物乳液的合成考察了大分子功能单体聚合单体聚合工艺对乳液聚合稳定性的影响将合成出的乳液配制成水墨并研究了乳液配方及测试条件对水性油墨的性能的影响主要工作内容如下1采用半连续乳液聚合法在8085的反应温度下以单体A单体B为软单体单体C作为硬单体加入大分子功能单体sps做引发剂DAAM和ADH作为交联体系以此为基础合成了一系列的丙烯酸酯乳液对乳液配方如常规乳化剂种类大分子功能单体的种类和用量大分子功能单体中和剂的种类和用量单体配比硬单体和功能性单体种类pH缓冲剂种类和工艺条件对乳液聚合稳定性粒径等的影响进行了研究并采用DMA和TEM对其进行了表征以此方法可合成平均粒径在100nm以下且具有良好耐水性的丙烯酸酯乳液经过调整配方合成出了综合性能较为优越的一款乳液2基于柔版印刷塑料薄膜用水性油墨所需要的性能如附着力耐划伤耐揉搓耐热稳定性耐水性干燥性能等有针对性地进行了相关实验分别考察了乳液配方或测试工艺对这些性能的影响3以半连续乳液聚合法以大分子功能单体复合丙烯酸酯合成高低玻璃化温度两种乳液并将其进行复配共混得到了一款性能更优的复合乳液在保留了附着力耐摩擦耐揉搓耐划伤复溶流平性等方面的性能优点的同时提升了抗黏连性能
2016,柔版印刷水性油墨专用聚丙烯酸酯乳液的合成及水墨的制备--《北京化工大学》,柔性版印刷 丙烯酸酯乳液 流变性能 功能性树脂 水性油墨,目前全球越来越重视环境保护和绿色安全包装印刷行业因其较高的VOCs排放量受到了严重冲击柔性版印刷因其低耗墨量且适宜采用水性油墨及优秀的印刷效果受到了包装印刷行业的青睐但现今市场上柔版印刷用水性油墨的品种较少且质量较差本论文以丙烯酸酯乳液树脂连接料及其相应的水性油墨为研究对象设计合成了系列不同结构的丙烯酸酯乳液连接料重点研究了丙烯酸酯乳液的基本结构性能及流变特性对水性油墨性能及其印刷效果的影响制备得到了在PPPE等塑料薄膜上具有优良黏附力印刷适应性好综合性能优异的水性油墨论文的主要工作如下1设计合成了系列核壳型丙烯酸酯乳液树脂研究了乳化体系单体组成分子量调节剂聚合工艺等对其性能的影响规律在此基础上以核壳型的丙烯酸酯乳液为连接料制备水性油墨研究了水性油墨的制备工艺和配方考察了水性油墨在PPPE等塑料薄膜上的印刷适应性和印刷质量研究发现以核壳型乳液为连接料制备的水性油墨具有附着力好干燥速度快的优点但是转移性差对柔性印刷机的印刷适应性不好印刷样品上存在严重的水纹现象2设计合成了系列具有非核壳结构的丙烯酸酯乳液详细研究了树脂的结构分子量调节剂玻璃化转变温度交联反应体系亲水性功能单体等因素对丙烯酸酯乳液性能的影响研究了相应的水性油墨的制备工艺和配方表征了水性油墨的粘度表面张力流变性能等考察了油墨的印刷适应性和在PPPE膜上的印刷质量研究发现适当降低乳液的玻璃化温度使用一定量的亲水单体和分子量调节剂都可以在一定程度上提高油墨对PPPE薄膜的粘结能力减轻出现水纹现象的程度合理地控制油墨的粘度以及使用一定量的流平剂和基材润湿剂也有助于减轻水纹现象的发生但是由于油墨在印刷机上的转移性较差因此其水纹现象仍很严重无法满足高档印刷产品的需求3设计合成了一种功能性树脂复合的丙烯酸酯乳液研究了功能性树脂用量中和度聚合工艺等对乳液的粒径表面张力流变性能等的影响以此乳液为连接料制备了水性油墨表征了油墨的基本性能并使用柔版印刷模拟仪IGTF1考察了油墨的印刷适应性和印刷质量研究发现当功能性树脂的使用量为35中和度为80时制备得到的乳液与其相应的水性油墨具有最佳的性能而且储存稳定性好功能性树脂的使用极大地提高了油墨的流平性和印刷转移性初步试验结果显示自制的柔印水性油墨的综合性能明显优于市面已有产品很好地解决了目前柔印水性油墨印刷产品上普遍存在的水纹现象严重的问题为后续进一步优化树脂结构和水性油墨配方进而获得满足工业化使用要求的高性能的柔印水性油墨奠定了坚实的基础
2013,用于柔性版印刷的水性油墨及其丙烯酸树脂的合成与研究--《华南理工大学》,水性油墨 丙烯酸树脂 柔性版印刷 干燥速度,水性油墨是一种在人们对低碳环保越来越关注的环境下应运而生的新型油墨具有其它油墨无可比拟的安全环保特点主要应用在柔性版和凹版印刷特别是近几年随着柔性版印刷的快速发展水性柔性版印刷油墨得到了快速的发展在一些发达国家90以上的柔性版都采用水性油墨它的前景十分广阔水性柔版油墨虽然有着十分明显的优势但是国内生产的大部分水性油墨具有干燥速度慢抗水性差光泽度低等缺点这些缺点也抑制了它的快速发展和运用这些缺点主要与所用树脂的性能和油墨的助剂相关因此本论文通过优选合成原料和油墨原料探讨了合成水性丙烯酸的工艺合成水性丙烯酸树脂的配方和水性柔版印刷油墨的配方制备出一种干燥速度快抗水性能好光泽度佳的水性柔版油墨本论文通过实验研究了合成水性丙烯酸树脂的相关工艺包括阴离子和非离子乳化剂的配比与总量引发剂的用量与滴加方式氨水中和成盐的工艺缓冲剂用量对聚合体系pH的调节得出在OP10SDS32乳化剂的总量为单体总量的5引发剂为单体总量的05时采用半连续滴加方式中和氨水的浓度为1020缓冲剂的量为05g时能获得良好的聚合效果本论文通过水性丙烯酸树脂的原料进行了筛选优化研究了不同单体的配比对树脂性能的影响得出当MMAAA为32AA占总单体的36HPA为总单体的67时合成的树脂乳液粘度为1535mPas粒径分布在100nm以下凝胶率为07膜硬度为70HD耐酸性为1级耐碱性为3级抗水性为2级玻璃化温度为2191不论从聚合反应过程乳液各方面性能和乳液成膜后膜的各种性能方面都获得理想的效果本论文研究通过大量的复配对比实验对水性柔版油墨的原料进行了筛选优化研究了不同原料的配比对油墨性能的影响得出助溶剂异丙醇的量为5分散剂为颜料和填料的3pH为85油墨中水的含量为25时能获得良好的干燥速度光泽度和抗水性制备出一种干燥速度快为22mm30s光泽度良好为87耐酸碱性和抗水性能良好为4级着色力好为97附着力强细度为10m黏度低为696mPaspH值为85性能稳定用于非吸收材料如薄膜柔性版印刷的水性油墨
2012,水性油墨用苯乙烯—丙烯酸树脂的合成研究--《华南理工大学》,苯丙乳液 水性油墨 交联 高光泽,水性油墨是一种绿色印刷材料水性油墨用丙烯酸树脂具有色浅附着力强耐候性优透明度高等优点但是由于溶剂水自身的原因水性油墨存在耐水性差光泽度低干燥慢等缺陷严重影响水性油墨的实际印刷效果因此本文采用预乳化半连续乳液聚合优化乳液聚合和水性油墨配方工艺等制备一种高光耐水等综合性能优良的水性油墨采用乳化剂体系Co630A246L115且复合乳化剂用量为20wt引发剂APS用量为04wt预乳化种子乳液用量38wt聚合反应温度80链转移剂DDM用量02wt制备的苯乙烯丙烯酸酯乳液细腻泛蓝光乳液聚合稳定性高凝聚率很小乳液粘度适宜且粒径分布均匀胶膜光泽度高且吸水率低胶膜耐水性好设计聚合物玻璃化温度为163217苯乙烯用量为20wt左右选择交联体系AA用量为20wtHEA用量为40wt以及NMA用量为30wt乳液聚合平稳粘度适宜储存稳定胶膜连续且透明吸水率低且胶膜耐磨性附着力硬度等机械性能良好采用GPCDSCTEMZSNanoSElcometer406等对乳液聚合物进行表征与测试采用GPC测试聚合物的重均数均分子量及其分布ZSNanoS测试了乳胶粒的粒径及其分布DSC表明聚合物的玻璃化温度范围为026256其玻璃化温度为1878比理论值高说明聚合物有一定程度的交联TEM显示聚合物乳胶粒呈现规整的球形粒子大小分布均匀在配制水性油墨过程中结果表明乳液用量的增加有助于提高水性油墨的光泽而水用量的增加反而降低了水性油墨的光泽当加入60wt的无水乙醇30wtD806型蜡乳液10wtGlide482型流平剂水性油墨的光泽度达到最佳
2018,水性环氧树脂的合成--《青岛科技大学》,水性环氧树脂乳液 水性油墨 交联改性 危险与可操作性分析,随着人们绿色环保意识的不断提高对印刷品要求也越高水性油墨因其低挥发性减轻了大气污染同时降低了溶剂在包装中的残留得到广泛应用1本文先将环氧树脂用丙烯酸酯化开环对生成的环氧酯进行改性以甲基丙烯酸甲酯MMA苯乙烯St丙烯酸丁酯BA和甲基丙烯酸MAA为改性单体以正丁醇为溶剂采用接枝法合成水性环氧树脂通过研究化学试剂用量和不同工艺条件对水性环氧树脂乳液性能的影响确立了合成油墨用水性环氧树脂的最佳方案为酯化率为75软硬单体最佳质量配比为41引发剂用量为3硅烷偶联剂用量为4反应温度为1102以甲基丙烯酸甲酯苯乙烯丙烯酸丁酯甲基丙烯酸为共聚单体硅烷偶联剂为功能单体制得的水性环氧树脂乳液在室温贮存时不产生交联反应而在干燥时随着水分的蒸发和中和剂的挥发体系pH值发生变化在酸的催化下固化成膜研究结果表明实验制得的水性环氧树脂乳液粒径主要分布在26nm左右并具有分布窄的特点室温交联后胶膜透明度耐水性好成膜速度快各项性能更加优异3采用接枝法制备的水性环氧树脂乳液配以黑色碱性颜料配制成水性油墨讨论了水性环氧树脂乳液对水性油墨各性能的影响研究显示随着环氧树脂酯化率的增加乳液粒径变小水性油墨的粘度减小大大提高了乳液的稳定性而随着交联单体硅烷偶联剂用量的增加乳液附着牢度增大耐水性增强可以满足粘度细度附着力及初干性等油墨印刷适性的要求4在实验室的基础实验的基础上对水性环氧树脂连接料合成的工艺进行了放大研究确定了工艺设计参数设计了工艺装置并对其进行了危险与可操作性分析HAZOP确定并完善了各工艺单元的工艺控制措施形成了完善的带控制点的工艺流程图PIDs
2015,彩票印刷用白色柔印遮盖墨的研制及其性能研究--《北京印刷学院》,白色水性柔印遮盖墨 遮盖性 表面形貌 刮开性,彩票属于商业票据其使用广泛并有较高的价值彩票印刷必须采取防伪手段以达到较高的保密性这就对油墨性能以及印刷质量提出较高要求白色水性柔印遮盖墨是广泛应用在彩票印刷刮奖区域的功能性油墨目前国内所用彩票印刷遮盖油墨全部依靠进口国产水墨性能仍无法达到彩票印刷的要求随着彩票业的逐步发展市场份额不断扩大遮盖油墨作为彩票印刷的必备材料具有较广阔的市场前景因此对柔性版水性遮盖墨的研发具有重要性和迫切性在水性油墨的制备中改变颜料和研磨树脂种类及含量颜基比分散剂种类及含量油墨制备工艺等制备基墨探讨油墨成分及制备工艺对油墨遮盖力的影响为了更进一步得到油墨遮盖力的影响因素探讨了油墨表面形貌与油墨遮盖力的关系彩票印刷用遮盖油墨不仅要求油墨具有遮盖性还必须易刮开附着性好耐摩擦性好等为此改变连接料种类助剂种类及含量测试油墨刮开性附着力以及耐摩擦性研究结果表明颜料对白色水性柔印遮盖墨的遮盖性影响很大采用WP3制备的白色油墨遮盖性良好颜料研磨树脂颜基比分散剂的种类及含量研磨时间对油墨的分散性及遮盖性有影响选用与颜料WP3相匹配的研磨树脂GR1颜基比为31添加1的D1D211分散剂成墨中颜料含量为38时研磨120分钟可获得分散性和遮盖性良好的白色遮盖油墨此外油墨分散效果越好墨膜表面没有明显团聚现象墨膜表面越趋于平滑起伏较平缓相反局部区域起伏较剧烈成膜树脂种类对油墨刮开性附着力耐摩擦性有重要影响采用成膜树脂为FR2FR411时制备的油墨粘度合适有较高的油墨转移率使得油墨的遮盖性良好且油墨具有较好的刮开性附着力以及耐摩擦性此外在油墨中添加23的丙三醇有助于改善刮开墨的刮开质感添加1的A2基材润湿剂能有效降低油墨表面张力改善油墨附着力油墨分散性越好颜料颗粒分散均匀墨膜表面较平滑摩擦时不容易脱落耐摩擦性好
2014,水性油墨用苯丙树脂的制备及其改性研究--《江南大学》,苯丙树脂 TiO2溶胶 蓖麻油 改性研究 水性油墨,随着人们对环保意识的不断提高环保型丙烯酸类树脂在油墨涂料等领域的应用越来越广泛而绿色环保型的苯丙树脂因其本身具有的优良特点成为目前较活跃的研究和开发领域但仍存在附着力差稳定性差气味大及力学性能差等缺点本文制备了三种性能良好的改性苯丙树脂膜并将其应用于水性油墨中本文以甲基丙烯酸缩水甘油酯GMA和乙烯基三乙氧基硅烷A151为功能性单体采用自由基溶液聚合法分别合成了环氧苯丙树脂和有机硅苯丙树脂通过TiO2溶胶和GMCO蓖麻油基对其进行了改性及对其涂膜性能进行了研究并研究了其在水性油墨中的应用性能合成环氧苯丙树脂的最佳工艺条件是以乙二醇甲醚为溶剂BPO为引发剂GMA后加料法加料mStmBA11mAA20m单体mBPO14m单体mNMA15m单体mGMA75m单体单体滴加时间为30min反应温度为90得到了数均分子量Mn为5985重均分子量Mw为13826分子量分布PDI为231及固含量为4746的环氧苯丙树脂通过ATRFTIR表征分析表明成功地将环氧基团引入到苯丙树脂中合成有机硅苯丙树脂的最佳工艺条件是以异丙醇为溶剂BPO为引发剂A151后加料法加料mStmBA11mAA20m单体mBPO14m单体mA1515m单体单体滴加时间为30min及反应温度为90得到了Mn4936Mw8615PDI174及固含量为5355的有机硅苯丙树脂通过ATRFTIR表征分析表明成功地将硅氧烷引入到苯丙树脂中采用水解法合成TiO2溶胶其最佳合成工艺条件是n钛酸四正丁酯n乙酰丙酮n乙醇n水1210200水解温度为25pH值为1盐酸为催化剂用TiO2溶胶分别对环氧苯丙树脂和有机硅苯丙树脂改性得到TiO2改性环氧苯丙树脂膜和TiO2改性有机硅苯丙树脂膜通过ATRFTIRDSCTG及涂膜性能测试表明成功的对其进行了改性且改性后涂膜的热稳定性得到提高而TiO2的引入能提高涂膜的附着力并使其具有良好的涂膜性能利用马来酸酐和KH560对可再生资源蓖麻油进行结构改性将SiOCH33引入到蓖麻油分子中得到了GMCO通过核磁1HNMR红外光谱FTIR凝胶渗透色谱GPC表明合成了GMCO以KH560为偶联剂通过溶胶凝胶法将GMCO和TiO2溶胶对有机硅苯丙树脂进行复合改性得到了GMCOTiO2复合改性有机硅苯丙树脂膜通过全反射红外光谱ATRFTIR热重分析TG及涂膜性能测试表明成功地对有机硅苯丙树脂进行了改性且改性后涂膜的稳定性得到了提高TiO2的引入提高了涂膜的附着力而GMCO的引入能改善涂膜的疏水性和柔韧性等以自制的环氧苯丙树脂为基料加入助剂颜料等配制成了水性油墨分别考察了分散剂用量助溶剂用量及颜基比对油墨性能的影响从而得到优化配方并按优化配方配制了五种水性油墨通过对油墨常规性能的测试表明TiO2溶胶改性后的油墨具有优异的附着力且TiO2溶胶和GMCO复合改性后的油墨具有优异的附着力和良好的疏水性具有广阔的应用前景
2016,磺酸型水性聚氨酯的合成、改性及其在水性油墨中的应用--《江南大学》,磺酸型水性聚氨酯 改性 植物油 水性油墨,随着人们环保意识的逐渐提高以及国家相关法律法规的更加完善溶剂型聚氨酯由于含有挥发性有机溶剂所引起的污染与排放问题越来越明显使用愈来愈受限制水性聚氨酯WPU是以水作为分散剂具有无毒无污染有机挥发物VOCs量低等优点已经逐渐开始取代溶剂型聚氨酯的使用广泛应用于胶黏剂涂料皮革涂饰等行业本论文主要探究了磺酸型水性聚氨酯的合成并针对耐水性差等缺陷进行了改性研究最后将所制得的磺酸型水性聚氨酯应用在水性油墨中以异佛尔酮二异氰酸酯IPDI聚己内酯二元醇PCL为主要原料乙二胺基乙磺酸钠AAS为亲水基乙二胺EDA为扩链剂采用预聚体法成功合成磺酸型水性聚氨酯SWPU经过粒径测试力学性能测试热稳定性分析等方式着重探讨亲水扩链剂用量AASR值14丁二醇BDO含量等因素对SWPU乳液与胶膜性能的影响并调整制备工艺优化合成路线确定最优方案实验结果表明当R1618亲水扩链剂AAS用量为3BDOPCL04时SWPU乳液粒径分布均匀贮存稳定性好力学性能优异综合性能最佳通过调整工艺确定预聚反应温度为80乙二胺后加入进行扩链乳化分散速度为2000rpm左右实验可控性强乳液性能稳定以天然植物油蓖麻油CO为改性剂对SWPU进行改性研究通过红外光谱粒径测试吸水率测试静态接触角测定力学性能测试热稳定性分析等方式考察了不同CO添加量对SWPU乳液及胶膜性能的影响测试结果表明随着CO添加量的增大乳液粒径逐渐增大CO的引入有利于提高胶膜的力学性能以及耐热性同时胶膜的耐水性也有了明显的提高但当CO添加量过大时分子间交联密度太大不利于乳液的分散导致乳化失败经实验研究当CO与PCL质量比为05时改性效果最优胶膜拉伸强度最大达到1515MPa断裂伸长率为119265胶膜耐水性最好接触角最大为9518利用2乙基己醇异辛醇对环氧大豆油进行开环合成新型大豆油多元醇并用该多元醇对磺酸型水性聚氨酯进行改性首先通过FTIR和1HNMR证实了大豆油多元醇的合成然后通过粒径测试力学性能测试吸水率静态接触角测定以及热稳定性分析等方式等考察了不同大豆油多元醇含量对SWPU乳液以及胶膜性能的影响结果表明随着大豆油多元醇含量的增加SWPU乳液粒径增大胶膜的吸水率逐渐减小胶膜拉伸强度增强而断裂伸长率却下降但当大豆油多元醇添加量过大时导致最后乳液无法分散乳化失败经研究当大豆油多元醇与PCL质量比为02时胶膜吸水率由5014减小至1227接触角为1033拉伸强度由816MPa增至2177MPa综合性能最佳热稳定性分析表明大豆油多元醇的引入有效改善了SWPU胶膜的耐热性能以自制的磺酸型水性聚氨酯乳液为连接料加入颜料适当助剂等配制成水性油墨分别考察了润湿分散剂用量与颜基比对水性油墨性能的影响从而得到了优化配方按优化后的配方配制了三种水墨通过对水墨的常规性能的测试表明经过蓖麻油与大豆油多元醇改性后的水性油墨附着力提高涂层的耐水也有了明显的提升具有广阔的应用前景
2014,水性PE/PP油墨用低温自交联丙烯酸酯树脂的研究--《华南理工大学》,水性丙烯酸酯树脂 ADH/DAAM 低温自交联 水性PE/PP油墨,近年来环境污染严重各国已制定相关环境保护法规以限制VOCs的排放食品儿童玩具和医疗等包装与人类关系密切这些方面一些发达国家已采用水性油墨替代溶剂型油墨针对PEPP薄膜的低极性和高温易卷曲变形等不足开发了低温自交联型水性丙烯酸酯树脂作为水性油墨连接料既可满足涂膜的低温60交联反应还使水性油墨具备环保无污染光泽度和交联度高以及附着力耐水和耐溶剂性好等优点本论文以AIBN为引发剂MMA为硬单体BA为软单体AAHPA和DAAM为功能性单体采用自由基溶液聚合法合成丙烯酸酯树脂再用碱中和水性化得到阴离子型低温自交联水性丙烯酸酯树脂研究了树脂配方合成工艺等对树脂水溶性树脂涂膜性能等的影响并得到优化的树脂配方和合成工艺研究发现当AIBN为单体用量的2DAAM占单体用量的2AA占单体用量的92HPA占单体用量的58单体占聚合反应物质量的40溶剂PMADMF21质量比单体滴加时间为3h反应保温时间为4h时得到转化率为992的水溶稳定性好的丙烯酸酯树脂通过树脂发生固化交联前后涂膜性能的对比发现交联固化后的树脂涂膜Tg明显提高硬度提高随着DAAM用量的增大树脂的Tg变化不明显涂膜的交联度提高当DAAM的用量为2ADH与DAAM的质量比为08时涂膜交联度为8835吸水率为1028硬度达2H性能明显优于固化反应前的涂膜性能傅里叶红外光谱FTIR和差示扫描热分析DSC一致表明DAAM与ADH在低温60下发生了交联反应以自制的低温60自交联水性丙烯酸酯树脂为连接料制备了水性油墨并与市场上不同类型的连接料配制的油墨进行了性能对比本实验所制备的水性树脂与水性色浆的配比为6520时油墨涂膜在PEPP薄膜上的着色力为100附着力为1级光泽度为89具有良好的耐折性抗粘连性和耐干摩擦性性能达到或者优于市场上同类产品性能
2011,水性油墨用苯乙烯—丙烯酸树脂的制备--《北京化工大学》,水性油墨 丙烯酸 低分子量,本课题系企业委托研发项目目的是合成一种丙烯酸苯乙烯聚合物目前该聚合物主要应用于水性油墨连接料在国内使用十分广泛该类水性树脂的生产可以取代国外进口产品市场前景良好聚合物的主要技术指标和特点是数均分子量3000左右窄分子量分布玻璃化转变温度约100无色透明具有良好碱水溶解性其中控制树脂低分子量和窄分布保证树脂外观的无色透明是本课题主要难点课题主要从溶剂引发剂种类及用量反应温度选择生产工艺流程四个方面研究解决生产中的问题研究采用了半连续反应溶液聚合法使用丙烯酸苯乙烯甲基丙烯酸甲酯单体三元共聚合三种单体的实验配方比例为32608合成出的树脂玻璃化转变温度约100树脂羧酸含量合适酸值约为210碱水溶解性能良好且树脂透明有光泽研究中筛选对比了多种工业上常见的溶剂发现使用乙醇独甲醚作溶剂体系沸点可以达到比较理想的约121利于分子量控制同时该溶剂能很好的分散和溶解引发体系各种单体及共聚合产物更重要的是使用乙二醇独甲醚溶剂得到的聚合产品无色透明解决了树脂外观达不到进口标准的难题研究发现反应温度从聚合物分子量共聚物无规度引发剂半衰期匹配三方面影响聚合反应高温利于分子量降低反应温度在110以上合成的共聚物无规度高丙烯酸单元在链段上分布均匀能保证产品透明性和溶解性能引发剂半衰期随反应温度的升高而降低引发剂半衰期要控制在1小时以内才有利于反应的控制对比研究了多种引发剂和引发体系发现单独使用质量分数4至6份BPO或TBPB作引发剂在121下可聚合产生一系列数均分子量低于5000的树脂实现了对产品分子量控制的问题满足了产品低分子量的要求研究了引发剂加料工艺与引发剂消耗速率的关系提出了理论计算模型并通过实践结果证明得到了最佳工艺路线为使用BPO与TBPB复配引发剂采用50TBPB预加BPO和50TBPO滴加的生产工艺可以在使用总计4份引发剂量时生产分子量约3000窄分布无色透明具有良好水溶性的树脂本课题还对树脂进行了放大实验采用的是自行设计的带搅拌不锈钢夹套反应釜反应釜设计容量8升取得了成功为工业生产奠定了良好的基础
2015,低温自交联丙烯酸酯乳液的合成、表征及应用--《华南理工大学》,低温自交联 核壳结构 PE/PP油墨,随着人们对环境和健康方面的重视程度日益提高水性油墨开始广泛应用于各类印刷和包装行业聚烯烃薄膜是包装行业使用较多的一种材料由于该薄膜具有低极性的特点油墨很难附着在薄膜上如何提高水性油墨薄膜表面的附着牢度是水性油墨在聚烯烃薄膜印刷油墨应用中的关键问题本文通过开发一种高性能的水性油墨连接料来提高水性油墨的各项性能本文采用半连续种子乳液聚合工艺以甲基丙烯酸甲酯MMA丙烯酸丁酯BA丙烯酸AA为共聚单体双丙酮丙烯酰胺DAAM为交联单体己二酰肼ADH为交联剂合成了一种可低温自交联并且具有核壳结构的丙烯酸乳液研究了聚合过程中乳化剂引发剂DAAM用量单体与水比例与核壳单体比例等因素对乳液及涂膜性能的影响研究表明随DAAM用量增加乳胶膜交联度上升吸水率下降DAAM用量大于3时DAAM继续增加交联度无明显变化而吸水率有微量上升nADHnDAAM上升乳胶膜交联度和吸水率都是先上升后下降对低温自交联丙烯酸酯乳液的结构与性能进行表征在傅里叶红外光谱表征中1649cm1的特征吸收峰表明乳液成膜中DAAM与ADH发生了交联反应在DSC测试中交联后的乳胶膜玻璃化温度Tg的升高TG测试表明交联后乳胶膜的热稳定性提高TEM测试可以看出乳胶粒子有明显的核壳结构以自制的低温自交联丙烯酸酯乳液为油墨连接料加入适量的水性色浆配制得到了水性油墨用该油墨在PPPEOPP等薄膜上涂膜测试油墨的附着牢度耐水性和抗粘连性等性能研究表明随着wDAAM和nADHnDAAM增加水性油墨的附着牢度都呈现先增加后减小的趋势DAAM完全置于壳层有利于提高水性油墨的附着牢度wAA增长水性油墨的附着牢度显著上升核硬壳软的结构设计可以明显改善水性油墨的附着牢度和揉搓牢度当乳化剂用量为3引发剂APS用量为08DAAM用量为3设计核层Tg40壳层Tg20AA用量为3时配制得水性油墨粘度为42s涂膜50干燥15min水性油墨的附着牢度95抗粘连性95耐水时间可达到150h
2015,水性喷墨油墨的性能研究--《齐鲁工业大学》,水性喷墨油墨 分散工艺 干燥性 附着力 表面张力,水性油墨的溶剂是水在印刷过程中没有V0c的排放可以很好的保护印刷生产企业和油墨生产企业工人的身体健康同时还会提高对环境的保护实现绿色印刷而数字印刷或喷墨印刷技术代表着为了印刷行业的发展方向也是当今印刷技术发展的主流喷墨油墨作为数字喷墨印刷中最重要的耗材它的质量和性能将直接影响到印品的质量和其他性能现今我国还缺少高档的水性喷墨油墨多数靠进口来解决研究影响制备油墨的影响因素开发出一款适合于喷墨印刷的水性油墨代替进口油墨对推动我国的喷墨印刷技术迅速发展有重要意义课题的研究内容主要是水性喷墨油墨的制备工艺和性能研究在水性喷墨油墨的制备工艺中分散工艺对油墨性能影响很大通过实验数据对比分析发现选用氧化锆珠作为研磨介质会有更好的分散效果并要考虑到研磨介质的粒径大小研磨时间一般控制在1h左右实验数据表明水性油墨性能与水性油墨的分散效果成正比关系当水性油墨的分散粒径减小即分散效果变好时水性油墨的色密度值光泽度附着效果和粘度值均有所提高选择单一调稀树脂会改善油墨的初干性溶剂的含量会影响到水性油墨的彻干性在溶剂中添加适量的酒精会提高油墨的干燥效果树脂的结构会影响到油墨分散效果对油墨的干燥性和成膜性能都有很大影响承印材料的厚度也会影响到油墨的附着性油墨组分中的树脂和表面活性剂的类型都会影响到油墨的表面张力
2015,特种水性油墨连接料的合成及应用--《广东工业大学》,水性聚氨酯连接料 水性PU油墨 水性PE薄膜油墨 水性抗静电油墨,近年以来不少地区雾霾天气越来越频繁雾霾产生的重要原因是PM25其中VOC挥发性有机化合物排放占21而其中约18是由溶剂型油墨排放产生的水性油墨相对于传统溶剂型油墨极大的减少了VOC的排放特种水性油墨是水性油墨中的特殊产品其对水性树脂连接料在高柔韧性拉伸性耐磨抗水性抗粘连性等方面往往有着特殊的要求而这些性能使用丙烯酸树脂是很难达到为满足这种特种水性油墨的诸多要求本论文合成了一系列水性树脂连接料并配制完成了手感油墨塑料油墨和导电等系列水性油墨完成了以下工作1利用聚醚二元醇异佛尔酮二异氰酸酯二羟甲基丙酸及三羟甲基丙烷为主要原料利用预聚物分散法制得水性聚氨酯预聚体然后在高速搅拌下加水分散扩链制得水性聚氨酯研究了R值NCOOH摩尔比对水性聚氨酯性能的影响同时重点研究了交联剂三羟甲基丙烷的用量对乳液的相变点对聚氨酯膜的耐水性力学性能等的影响研究发现当R值为18TMP含量为22时水性聚氨酯的综合性能达到最佳乳液外观为半透明泛蓝光固含40粘度913s膜的抗粘连性0级断裂伸长率400吸水率322针对水性聚丙烯酸乳液耐水性能不佳柔韧性低拉伸性及对塑料表面附着性差等不足我们开发了一种水性手感油墨和水性塑料油墨利用我们合成的水性连接料消光乳液及助剂配制的手感油墨适合于充皮纸印刷与涂饰不仅手感柔软耐折性优良抗粘连性好而且耐水性佳色彩鲜艳性好同时所配制的水性PE塑料油墨在PE塑料底材上的附着性为0级达到国外同类优秀产品的性能3目前抗静电油墨主要以金属粉体或金属氧化物作为导电填料但是其在水性体系中易氧化而适用于水性体系的导电填料如石墨烯碳纳米管等成本又过高单纯利用低成本石墨作为导电填料又存在用量大导致水性油墨粘度高稳定性差等缺陷为解决此问题本论文利用石墨镀银的方式提高了石墨的导电性能并与自制水性连接料配制成水性塑料抗静油墨研究了不同的镀银量对石墨导电性的影响同时探索了镀银石墨的用量对所制备的抗静电油墨的导电性稳定性在塑料基材的附着力及其它综合性能的影响实验研究发现当石墨镀银量为25时镀银石墨在水性油墨中的用量可降低至11同时涂层表面电阻低至106Ω综合性能最佳
2019,UV-LED水性网印油墨的制备与性能研究--《中国胶粘剂》,UV-LED水性油墨 网印油墨 光固化速度 黏度,"采用单因素分析法,分析了UV-LED水性网印油墨材料组分和用量对油墨性能的影响,并通过正交试验分析,最终得出UV-LED水性网印油墨的配方为:预聚物为80%、光引发剂TPO为5.5%、染料为9%、光活化剂为3%、消泡剂为0.9%、表面活性剂为0.8%以及流平剂为0.8%。研究结果表明:制得的UV-LED水性网印油墨固化速率高,黏度符合标准,固含量和附着力优异,各项性能指标能满足网印的要求。"
2019,基于吸光度的PET薄膜专色配方预测方法--《光谱学与光谱分析》,吸光度 光谱透射率 PET薄膜印刷 计算机配色,"基于吸光度与物质浓度的相关关系建立了一种PET薄膜印刷的混合油墨组分预测模型。该方法首先依据光的传播理论和光在墨层与承印材料中的多重内反射原理,利用基色和混合专色薄膜印品在黑白两色基底上的反射光谱,建立具有高透低反特性薄膜印品透射光谱的获取方法,并利用透射光谱求解吸收光谱;然后对专色吸光度与基色浓度进行回归分析,确定吸光度与基色浓度线性相关度高的特征波段,再根据郎伯比尔定律,利用特征波长处的专色样本吸光度与基色样本吸光度建立组分预测模型,求解专色样本的配方比例;最后,分析预测配方与预设浓度的偏差,并按照预测配方浓度重新打样,采用色差与光谱均方根误差对计算配方色与目标专色的匹配程度进行分析,验证模型精度。以凹印PET薄膜双基色混合样品为实验对象,对提出的方法进行测试。光谱分析表明,基色样本和专色样本光谱反射率曲线在黑白两种基底上有明显差异,但都随基色油墨浓度变化具有相同的变化规律,专色样本的光谱透射曲线随着基色浓度的变化接近浓度比例大的基色曲线,在400～580nm区间,专色的吸收光谱随着基色油墨A浓度降低而升高,在580～700nm区间随着基色油墨A浓度降低而降低。除570～590nm吸收曲线相交区间以外,在可见光范围内专色油墨吸光度与基色油墨浓度之间的判定系数R2均大于0.95,平均值为0.990 0,两者具有强线性相关关系。分别选取基色A和B波长为520nm(R2为0.994 2)和700nm(R2为0.998 5)处的吸光度代入配色模型,并利用最小二乘法求解目标专色的配方比例。实验结果表明,六组预测浓度与预设浓度相比较,配方平均偏差为2.5%,无显著偏差。配方色样本与专色样本色差最大值为1.98,最小值为0.30,平均值为0.85,均满足GMI对专色复制的要求,其中5组专色色差小于1.5,符合专色忠实复制的要求;6组专色的光谱均方根误差最大值为2.93%,最小值为0.49%,平均值为1.40%,基本实现了同色同谱的高精度颜色复制。验证了该方法对于提高专色油墨配色精度和改善PET薄膜印刷质量具有显著效果,可为PET薄膜专色配方预测提供科学方法。"
2019,微纤化纤维素在彩喷纸表面施胶中的应用--《包装工程》,微纤化纤维素 氧化木薯淀粉 喷墨印刷 表面施胶,"目的研究用微纤化纤维素与氧化木薯淀粉进行复配施胶对喷墨印刷性能的影响。方法通过改变微纤化纤维素与氧化木薯淀粉的配比,制备6组表面施胶剂,并通过对施胶前后纸张的吸水性、动态渗透性、光泽度及印刷质量等进行分析,研究用氧化木薯淀粉与微纤化纤维素进行复配施胶对喷墨印刷性能的影响。结果当氧化木薯淀粉与微纤化纤维素复配绝干质量比为100∶1时,施胶后纸张的光泽度、白度和色密度值较高,较大程度地克服了油墨渗色的缺点,文本质量也得到明显改善。结论相比于微纤化纤维素单独施胶,微纤化纤维素与氧化木薯淀粉复配对彩喷纸的喷墨印刷效果更好。"
2019,交互正交设计在凹印水性油墨中的应用研究--《包装工程》,正交试验 凹印 水性油墨,"目的研究交互正交设计在凹印水性油墨中的应用,以快速获得印刷品中所用水性油墨的最佳搭配配方。方法采用色差仪、目测等方法对9色凹印机印制的18种水性油墨印刷品进行外观质量评价,通过设计交互正交试验,并运用极差分析、方差分析等相结合的方法,对18种水性油墨印刷品的外观质量进行分析。结果 A2B1C1为最佳组合,印刷品的平均分值为91;通过分析银色色块得知,A2B1为最优组合,此时银色色块平均分值为41;分析红色色块得知,A1C2或A2C1组合较佳,平均分值分别为47和46;白墨与红墨,白墨与银墨之间在一定程度上存在复杂的交互作用。结论交互正交试验设计在凹印水性油墨配方中的运用是一种高效率、快速、经济的试验设计方法。"
2019,2018年中国标签产业发展报告--《标签技术》,,"中国印刷科学技术研究院、北京科印传媒文化股份有限公司自2009年发起针对我国标签印刷业的业情调研以来,今年已经是第六次。本次调研由北京科印传媒文化股份有限公司标签技术事业部独立完成。在2009～2018年的9年时间里,我国标签印刷业市场规模整体呈增长趋势,增速呈波动变化。随着近两年产业整合、绿色环保、可持续发展等市场调控措施的实施,我国标签印"
2019,标签印刷油墨应用大拷问--《标签技术》,,"随着标签印刷技术的发展,标签印刷生产过程中的各个环节都得到了很大的提高。然而在实际的生产过程中,仍然会遇到各种问题,其中因油墨问题引起的印刷故障时常发生,严重影响正常生产。本文笔者就实际生产中常用的标签印刷油墨的类型、性能要求、选择要点以及储存方法等问"
2019,基于多分类模型的记号笔墨水红外光谱分析--《化学通报》,红外光谱 记号笔墨水 判别分析 径向基函数神经网络 K近邻,"记号笔墨水的区分鉴别在相关案件的侦破和诉讼中具有重要意义。本实验采用红外光谱法(ATR-FTIR)获取记号笔的原始光谱,并对原始光谱分别进行自动基线校正、Savitzky-Golay平滑、峰面积归一化和小波阈值去噪四种预处理消除噪声等干扰因素并确定特征波长,同时结合判别分析(DA)、径向基函数神经网络(RBF)和K近邻算法(KNN)构建分类模型。结果表明,三种模型对黑色笔的分类最准确,均实现了100%的识别,对红蓝色笔区分能力次之,相比较DA和RBF,KNN模型的分类精度最高。采用ATR-FTIR结合DA-RBF-KNN法能为记号笔的类型准确检测提供新的分析手段,且模型检测精度高,方法具有普适性和一定的借鉴意义。"
2019,聚丙烯酸酯改性水性环氧树脂油墨连接料的制备--《热固性树脂》,水性环氧树脂 丙烯酸酯 油墨连接料 附着力 光泽度 耐水性,"采用丙烯酸酯对水性环氧树脂进行改性,制备了丙烯酸环氧树脂水性油墨连接料,研究了单体添加量、单体添加比例、引发剂添加量等对丙烯酸环氧树脂水性油墨的初干性、耐水性及光泽度等性能的影响。结果表明,当丙烯酸与环氧树脂物质的量比为2∶1,甲基丙烯酸甲酯与丙烯酸丁酯的质量比为35∶65,甲基丙烯酸甲酯与丙烯酸丁酯的总质量与甲基丙烯酸酰胺的质量比为100∶10;引发剂,单体添加质量分数分别为3.5%,20%时,油墨的干燥速率、附着力、光泽度及粘度等性能最优。"
2019,浅谈聚碳酸酯材料在防伪证件中的应用--《中国防伪报道》,聚碳酸酯(PC) 层压图文 激光刻蚀,"聚碳酸酯(PC)材料由于其优良的特性而被欧洲国家广泛地应用于身份证、驾驶证及护照资料页上,能实现层压图文、激光蚀刻等独特的安全防伪措施,证件的制作工艺及个性化签发手段较以往均有较大不同,这种特殊材料的应用使得证件的防伪水平得到迅速的提升。"
2019,基于RFID技术的食品、药品智能包装应用研究--《物联网技术》,智能包装 RFID 监管 溯源,"文中将RFID技术与包装技术相结合,研究了一种应用于食品、药品包装盒的智能包装技术。通过对智能包装的技术原理和技术路线进行分析,提出了一种附带RFID标签的新型包装盒包装方法。"
2019,试论如何利用“绿色环保”开拓包装印刷行业的新天地--《现代职业教育》,绿色环保 包装印刷 环保石墨 开拓新天地,"随着社会的进步,环境作为牺牲品之一受到了严重的破坏和污染,这不仅会对人们的身体健康造成危害,甚至还会反作用于我国的经济发展,因此环保意识在民众心中不断加强,相关行业更是主动加入到环保大军中,以绿色环保为自身的企业特点,包装印刷业亦是如此,他们将绿色环保的理念深入融合,但是效果却不是很理想,如果想要快速实现绿色环保发展理念就要转变印刷方式,经过不断的研究,专业人员在保证市场需求的基础上寻找到一种绿色材料——环保石墨,以达到保护环境的目的。对绿色环保理念进行阐述并探究分析如何开拓包装印刷行业的新天地,以期提出几点实质性的建议。"
2019,多层柔性版技术分析--《影像科学与光化学》,多层柔性版 单层柔性版 压缩层 加帽树脂技术,"本文针对不同公司的多层柔性版技术进行了详细介绍,并对其技术应用作了简要说明;系统地分析了主要公司的多层柔性版技术专利,给出了我国开发多层柔性版技术的切入点;最后展望了多层柔性版的市场应用前景。"
2019,低VOC玻璃印刷与装饰解决方案探讨--《网印工业》,UV;冷端喷涂;VOC;,"上海乐易化工有限公司作为世界500强公司SunChemical丝印油墨中国大陆地区的总代理,2012年成立之初就一直不懈努力在国内推广UV及水性等高端环保产品,致力于高端环保的全套表面处理方案解决商。乐易化工在上海、东莞分别设立技术服务中心。为了解决客户在环保方面的需求,在与客户的长期交流和不断探索中,乐易化工完成了很多公司的环保解决方案,例如:玻璃喷涂、酒瓶喷涂印刷、彩晶玻璃印刷、汽车仪表光油解决方案、"
2019,纯水性喷涂产品、玻璃印刷发展趋势及美国环保管控现状--《网印工业》,丝印油墨;太阳化学公司;环保性能;烘烤条件;旋转式雾化器;水性涂料;低压力;空气喷涂;水性颜料;,"太阳化学公司历史1818年:太阳化学前身Lorilleux创立,是最早的油墨生产商之一;1936年:第一个生产柔版印刷油墨;1957年:Ansbacher-Siegle与太阳化学合并成立了今日的性能颜料部门;1958年:成功研发出聚乙烯薄膜上的溶剂型柔印油墨;1966年:太阳化学开始生产喹吖啶酮,标志着公司进入高性能颜料市场;1969年:太阳化学发表了第一个UV油墨的专利;1987年:太阳化学被日本DIC集团收购;"
2007,中国国家标准(2007版)馆藏目录(1-2)--《世界标准信息》,化学分析方法 性能试验方法 测定方法 测定法 信息技术 通用技术条件 性能测试方法 测量方法 分光光度法测定 卫生标准,"为方便读者收集,采用中国国家标准(GB),本刊于2007年1～3期连载中国国家标准馆藏目录。馆藏目录包括中国标准化研究院标准馆收藏的全部现行国家标准,按中国标准文献分类法分类。如有需要国标全文(包括文本及电子版)的读者,请与杂志社或标准馆联系。"
2012,国内外聚氨酯工业最新发展状况--《化学推进剂与高分子材料》,聚氨酯 异氰酸酯 多元醇 进展 技术 市场,"简要介绍了国内外聚氨酯行业的发展史,着重介绍了近几年全球和中国聚氨酯主要原料与制品发展情况、聚氨酯行业企业最新并购情况、聚氨酯行业最新技术进展,并对聚氨酯行业热点问题进行了分析。"
2014,2012～2013年世界塑料工业进展--《塑料工业》,HDPE LDPE LLDPE PP PVC PS ABS PA PC POM PET PBT PPO LCP 聚醚醚酮 酚醛树脂 PU 不饱和聚酯 环氧树脂,"收集了2012年7月~2013年6月世界塑料工业的相关资料,介绍了2012~2013年世界塑料工业的发展情况,提供了世界塑料产量、消费量及全球各类树脂的需求量及产能情况。按通用热塑性树脂(聚乙烯、聚丙烯、聚氯乙烯、聚苯乙烯、ABS树脂),工程塑料(尼龙、聚碳酸酯、聚甲醛、热塑性聚酯、聚苯醚),特种工程塑料(液晶聚合物、聚醚醚酮),通用热固性树脂(酚醛、聚氨酯、不饱和聚酯树脂、环氧树脂)不同品种的顺序,对树脂的产量、消费量、供需状况及合成工艺、产品应用开发、树脂品种的延伸及应用的进一步扩展等技术作了详细介绍。"
2011,珠江三角洲地区重点VOC排放行业的排放清单--《中国环境科学》,VOC排放清单 重点VOC排放行业 排放因子 珠江三角洲,"根据收集的珠江三角洲(珠三角)重点挥发性有机物(VOC)排放行业的活动水平数据,采用近年来VOC估算方面的研究成果及估算方法,建立了该地区2006年重点挥发性有机物排放行业和分城市的VOC排放清单.结果表明:珠江三角洲地区2006年重点挥发性有机物排放行业VOC排放总量为416.9kt,其不确定性(95%置信区间)为302.5～689.6kt(-31%～58%);家具制造业、建筑涂料使用、制鞋业是珠江三角洲重点VOC排放行业的主要来源,分别占总排放量的23.3%,21.2%和17.5%;东莞是珠江三角洲地区2006年重点挥发性有机物排放行业VOC排放量贡献最大的城市,其次是深圳,两者排放量分别占总排放量的23.6%和21.9%,主要的排放亦来源于家具制造业、建筑涂料使用与制鞋业.缺乏本地排放因子和良好的活动水平数据是本研究VOC排放量估算中主要的不确定性来源。"
2005,国家标准(GB)题录(上)(2005年版)--《世界标准信息》,,"为便于读者收集、检索中国国家标准,本刊在2005年3、4期连载国家标准(GB)题录,题录刊载了截止2005年1月中国标准化研究院标准馆收藏的全部现行标准。本刊同时发行:国家标准(GB)题录(中文电子版)单价200.00元,国家标准(GB)题录(中文合订本)单价200.00元。上述电子版用微软 Excel 软件格式排列,便于读者使用。请需要该题录或标准全文的读者按杂志地址(或电话)与杂志社联系。"
2007,原油价格波动对中国物价的影响——基于投入产出价格模型--《统计研究》,价格影响模型 原油价格 价格指数 投入产出分析 制造业 价格变动 价格上涨 产品价格 传导阻滞 价格模型,"本文以中国122部门投入产出表为数据基础,采用投入产出价格影响模型测算了原油价格变动对中国物价总体水平和各部门产品价格的影响程度,通过研究投入产出价格影响模型的前提假定和价格传导障碍因素,分析了原油价格的传导机制,提出了应对国际原油价格波动、提高我国抗油价波动能力的政策建议。"
2011,我国食品安全问题的成因及对策探析--《华中师范大学》,食品安全问题 成因 技术 对策研究,食品安全关乎人们的身体健康和生命安全也关乎社会的稳定经济的发展和国家的形象当前我国食品安全问题不容乐观重大恶性食品安全事故时有发生并造成严重后果首先我国的食品安全问题严重危害人民群众的身体健康和生命安全近十多年来我国几乎每年都有为数不少的食品安全事故发生造成大量人员致病甚至死亡并造成巨大的经济损失严重影响了人民群众的生活其次我国的食品安全问题考验政府的管理能力影响政府的公信力食品安全事故特别是重大的食品安全事故往往造成社会公众的恐慌进而怀疑政府的管理能力再次我国的食品安全问题直接影响我国食品的对外贸易影响出口创汇甚至影响我国的国际形象因此我国的食品安全问题不仅是民生问题也是政治问题现已成为一个迫切需要解决的问题正因为食品安全问题已成为一大民生问题所以研究解决食品安全问题也成为当今研究的重点和热点具有重大的现实意义基于这一思考本文对我国食品安全问题做一些粗浅的研究本文以马克思主义哲学的基本理论为指导应用科技哲学生态哲学食品安全学的基本理论和方法阐述了我国食品安全问题的现状和面临的挑战剖析了造成我国食品安全问题的种种原因即环境污染和生态破坏的原因食品生产经营者的原因及国家食品安全控制体系的原因系统地提出了解决我国食品安全问题的对策以期对解决我国食品安全问题有所裨益本文共分四部分第一部分引言介绍了写作本文的背景选题的依据阐述了研究我国食品安全问题的成因及对策的必要性和重大意义介绍了研究这个问题的思路和方法第二部分本文的第一章阐述了我国食品安全问题的现状和面临的挑战第三部分本文的第二章具体剖析了造成我国食品安全问题的种种原因包括1环境污染和生态破坏2食品生产经营者的原因3国家食品安全控制体系方面的原因等等第四部分本文的第三章具体提出了解决我国食品安全问题的对策如实行清洁生产防治环境污染保护生态环境推广农业生态技术发展生态农业树立食品安全生产经营意识和加强食品安全道德和法制建设加强国家食品安全控制体系建设等
2009,光固化三维打印成形材料的研究与应用--《华中科技大学》,快速成形 光固化三维打印 赛尔XJ500 光敏树脂 实体材料 支撑材料,光固化三维打印技术类似于UV喷墨打印是采用液滴喷射成形的快速成形技术在成形过程中使用两组喷头分别喷射光固化实体材料和光固化支撑材料随即利用紫外光照射固化逐层堆积成形打印完毕后用水枪去除支撑材料得到需要的零件它将喷射成形和光固化成形的优点结合在一起提高了成形效率和精度降低了成本光固化三维打印需要使用实体光固化材料和支撑光固化材料来成形零件选择恰当的成形材料至关重要目前只有3DSystems公司和OBJET公司有光固化三维打印设备和配套成形材料成形温度分别为100110和7075本课题组是国内第一家研究光固化三维打印设备和成形材料三维打印机使用赛尔XJ500喷头喷射光敏树脂成形温度为5055成形温度越低成形材料的选择面越窄材料性能要求越苛刻因此成形材料的制备和性能研究是一个迫切需要解决的难题本文根据三维打印机紫外光源的特点和成形材料化学反应机理总结了成形材料的特性参数收缩翘曲和喷射铺展参数的实验方法合成了聚丙二醇二缩水甘油醚二丙烯酸酯确定最佳合成条件以聚丙二醇二缩水甘油醚和丙烯酸为反应物反应温度控制在100110催化剂NN二甲基苄胺的质量分数为080阻聚剂对甲氧基苯酚的质量分数为020040以它和阳离子单体制备了一种混杂型实体材料适合在55稳定喷射光敏性好固化后的零件具有较佳的热机性能合成了自由基型实体材料的原料低粘度氨基甲酸酯丙烯酸酯确定最佳合成条件以TDIHEA和PEG为反应物第一步反应过程中nTDInHEA1催化剂DBT质量分数02反应温度40反应时间23h第二步反应过程中nTDInPEG2反应温度5560反应时间为56h以它为主要原料制备了一种自由基型实体材料适合于50工作喷射稳定性铺展性能较好但固化收缩率大固化速度稍慢研究了阳离子型实体材料中苄醇促进剂的作用苄醇通过活化单体机理和自由基诱导鎓盐光解机理加速脂环族环氧和氧杂环丁烷光固化速率自由基诱导鎓盐光解机理起主要作用其中苄醇上带给电子性基团更有效地稳定了苄醚自由基和苄醚阳离子使阳离子型光引发剂光解速率加快从而加速阳离子体系固化速率实验结果与理论相符研究了阳离子型实体材料中氧杂环丁烷的光固化动力学氧杂环丁烷首先被质子化形成了二级氧鎓正离子二级氧鎓正离子受另外一个单体亲核进攻而开环相应地生成一个三级氧鎓正离子继续不断受单体进攻形成聚合物三级氧鎓正离子相对稳定因此最后一步反应活化能很高一旦克服其活化能反应将迅速进行以脂环族环氧氧杂环丁烷和乙烯基醚为主要反应性原料制备了蓝色阳离子型实体材料性能测试表明这种阳离子型实体材料喷射稳定适合在55下工作阳离子型实体材料的光敏性固化后力学性能热性能较佳满足三维打印的要求合成了三维打印支撑材料的两种齐聚物其中水性氨基甲酸酯丙烯酸酯的最佳合成条件是第一步在甲苯二异氰酸酯中滴加二羟甲基丙酸的反应温度为30反应时间15小时第二步加入聚乙二醇的反应温度为4550反应35h第三步滴加丙烯酸羟乙酯的反应温度为5055反应约5h当TDIDMPAPEG的投料摩尔数比为421时得到羧基酸值约为665mgKOHg的水性氨基甲酸酯丙烯酸酯齐聚物使用三乙胺100中和羧基后这种齐聚物具有较好的水溶性通过醇钠酰氯法合成了聚乙二醇二丙烯酸酯聚乙二醇1000二丙烯酸酯所含醚键最多亲水性好固化后强度低作为另一种齐聚物以上述两种齐聚物β羧乙基丙烯酸酯和温敏材料PEOPPOPEO配制了支撑材料支撑材料的喷射稳定性较好很少有堵孔现象其光敏性较实体材料差一点观察成形后支撑材料和阳离子型实体材料垂直结合面的SEM照片并通过在水中浸泡和剥离性能研究表明支撑材料较容易去除
2009,中国人为源挥发性有机化合物的排放现状及未来趋势--《清华大学》,VOC 排放清单 化学组分 情景分析,挥发性有机化合物VOC是大气臭氧和二次有机气溶胶污染的关键前体物准确描述其排放特征是研究我国区域复合大气污染的前提对我国未来大气污染综合控制决策具有重要意义本研究旨在建立我国高分辨率VOC排放清单对我国人为源VOC排放的部门时空物种分布及大气环境性质进行全面分析研究首先针对130余种排放源建立了4级污染源分类系统基于VOC物理结构和化学性质特征建立了VOC物种分类系统在此基础上构建了可以映射到第4级排放源的活动水平排放因子化学组分数据库开发了排放清单不确定性定量分析模型由此构建了我国高分辨率VOC排放清单的编制技术方法生物质家庭炉灶燃烧和溶剂产品使用是重要的与发达国家存在典型差异的VOC排放源其VOC排放因子和化学组成存在着较大的不确定性因此本研究针对这两类污染源进行了测试与调研补充完善了我国VOC排放因子数据库一方面建立了固定燃烧源VOC采样分析系统通过现场测试获得了典型生物质炉灶燃烧过程的VOC排放因子和化学组成同时针对10类重要溶剂产品基于系统调研计算其在不同行业不同技术条件下的VOC排放水平和特征基于上述工作建立了中国当前及2020年的人为源VOC排放清单结果表明2005年我国VOC排放量为19406kt其中固定燃烧源道路移动源溶剂产品使用源和工业过程源是主要的排放部门分别贡献了总排放的283242176和158VOC排放的空间分布很不平衡江苏山东广东是排放最高的省份排放量均超过了1500kt化学组分方面主要由烷烃20不饱和烃21苯系物30构成表现出了较高的大气氧化活性和毒性其平均光化学臭氧生成潜势POCP为537毒性VOC的排放比重约占30预测结果表明至2020年在现有控制政策下我国人为源VOC排放量将增至26523kt若参考发达国家的法规标准针对工业过程源和溶解产品使用源采取更为严格控制措施有可能将VOC排放量维持在19943kt
2009,碳酸钙的形貌控制及表面改性研究--《吉林大学》,碳酸钙 形貌 表面改性,碳酸钙作为最主要的生物材料之一其结构和形貌决定着它的各项性能因此本文采用化学控制与表面修饰结合的方法选用一系列有机质制备出具有多种特殊形貌的碳酸钙材料并对其形成机理进行了探讨在反应过程中有机质不仅改变碳酸钙的表面性质而且对碳酸钙成核和生长起到控制作用这一技术具有开创性而且具有广阔的工业应用前景第一章是绪论介绍了碳酸钙工业的发展概况纳米碳酸钙的性质制备与表面修饰以及本文选题的目的和意义第二章采用沉淀反应方法利用聚乙烯吡咯烷酮PVP和十二烷基磺酸钠SDS复合添加剂作为有机模板制备了中空球状方解石型碳酸钙同时考察了不同温度SDS和PVP浓度对碳酸钙结晶和聚集行为的影响进而对其反应机理进行了初步探讨第三章采用沉淀反应法以工业上常见而廉价的聚丙烯酸PAAS作为有机质制备了蝶状文石型碳酸钙考察了一系列条件对于文石型晶体成核及生长的影响并初步探讨了其生长机理第四章采用碳化法以聚丙烯酸PAAS作为添加剂制备出具有完整率高且分布均匀的针状方解石型碳酸钙粒子找到了适合针状方解石碳酸钙粒子生长和稳定存在的条件初步探讨了针状方解石型碳酸钙粒子的生长机理第五章选取聚乙二醇PEG为有机质采用碳化法制备出棒状方解石型碳酸钙并推测了其反应机理第六章利用碳化法选用了几种常见的表面改性剂硬脂酸钠十八碳醇磷酸酯和油酸对其进行了表面改性通过有机质控制碳酸钙的晶体形状与大小同时改变碳酸钙的表面性质所得碳酸钙粒子由亲水疏油性直接转化为疏水亲油并提出了合理的碳酸钙表面改性原理此方法为改性碳酸钙生产提供了一定的理论基础也为新型材料的研究提供了更加广阔的空间综上所述本文对于充分利用我国丰富的石灰石矿产资源研究开发和制备碳酸钙产品的新方法新工艺从而进一步提高其产品的质量和附加值具有重要意义同时获得了一些创新性的研究成果在碳酸钙的合成和表面修饰中引入新的思路对碳酸钙表面改性的工艺过程和质量控制将起到一定的指导作用甚至对其他粉体材料的表面改性也具有一定的参考价值
2006,水性聚氨酯涂料的制备、改性及其性能研究--《天津大学》,水性聚氨酯 异氰酸酯 傅立叶红外光谱 环氧树脂 改性,以前由于市场需要传统的溶剂型涂料由于其良好的综合力学性能和表面性能一直受到广泛应用近年来许多国家相继颁发了有关控制挥发性有机化合物VOC的法令在这种背景下水性涂料得到了迅猛的发展其中水性聚氨酯涂料由于其使用性能的优异受到了广泛的关注及重视由于水相的引入与溶剂型聚氨酯涂料相比对水性聚氨酯的制造具有更高的难度国外对水性聚氨酯的研究近年来取得了迅猛的发展对水性聚氨酯的制造和其化学行为提出了许多新的见解国外的厂家采用了脂肪族异氰酸酯为主要原料制备出了性能优良的水性聚氨酯涂料国内我们主要以芳香族的异氰酸酯如甲苯二异氰酸酯为原料相关理论和生产均处在起步阶段本课题采用甲苯二异氰酸酯聚醚二元醇和二羟甲基丙酸为主要合成原料进行预聚然后在水中分散乳化得到自乳化水性聚氨酯对其制备工艺进行了初步探索确定了合理的工艺条件本实验系统地研究了亲水单体二羟甲基丙酸的含量扩链剂的含量NCOOH投料比等对预聚物的黏度以及对其涂膜的拉伸强度延伸率剪切强度和耐水性的影响所得的水性聚氨酯贮存稳定性能良好通过傅立叶红外光谱表征说明了聚氨酯分子链中存在氢键其硬段的存在使聚氨酯具有优良的拉伸强度而软段则赋予聚氨酯优良的柔韧性能在制备水性聚氨酯基础上引入了环氧树脂制得了环氧改性水性聚氨酯环氧树脂的引入使水性聚氨酯中具有了交联结构与改性前的水性聚氨酯相比其涂膜耐水性耐溶剂性以及机械性能都得到了提高并研究了环氧树脂的引入方法及环氧树脂加入量对分散体及其涂膜性能的影响傅立叶红外光谱分析显示出了环氧树脂与水性聚氨酯之间存在化学键的连接以上实验各项结果显示通过环氧树脂改性取得了预期效果所得产品的综合性能优异
2003,纳米二氧化钛复合粉体的电化学合成--《昆明理工大学》,电化学合成 纳米复合粉体 二氧化钛,结合我国钛白粉现有工业生产技术以钛白粉工业中间产品四氯化钛为原料研究一种新颖的纳米尺寸单组分及复合二氧化钛粉体水溶液电化学合成方法以及制备工程的电化学工艺及其相变微结构规律传统的二氧化钛作为一种常用的化工原料因其卓越的颜色性能被广泛地用作颜料涂料油墨和纸张的增白剂它同时也是重要的功能陶瓷半导体及催化材料特别地二氧化钛纳米化以后由于其粒径小比表面积大界面原子所占比例大而具有更为独特的性能如优异的紫外屏蔽作用透明无毒独特的颜色效应及光化学催化作用等在汽车工业防晒化妆品高级涂料废水处理杀菌环保吸附剂及功能陶瓷材料等方面有着广阔的应用前景发展纳米二氧化钛的新颖制备技术具有学术和工业应用意义对二氧化钛国内外文献和研究现状进行了综合评述在水解法溶胶凝胶法水热法微乳液法等制备技术中二氧化钛的电化学合成技术在纳米颗粒的形成机理复合均匀化等方面具有特殊性以四氧化钛为前驱体用电化学合成方法制备纳米晶二氧化钛粉体的工艺条件进行了系统的研究在本实验条件下小的电流密度有利于金红石相的生成而少量硫酸根离子的引入对生成锐钛矿相粉体有利调整电流密度大小和引入硫酸根离子的量可以得金红石型和锐钛矿型的混合混体研究无定型粉体锐钛矿相粉体以及金红石型粉体随温度的粒径变化情况时发现粉体在400以前晶粒长大相对缓慢400以后晶粒粗化现象严重在室温条件下制备了尺寸为97nm的金红石相92nm的锐钛矿相以及混晶等多种二氧化钛纳米晶粉体在400温度下煅烧可获得不同粒径的纳米晶粉体对纳米氧化铝氧化锆以及二氧化钛与氧化铝和二氧化钛与氧化锆的复合粉体的电化学制备进行了实验研究不经热处理就可获得γAl_2O_3和tZrO_2粉体在500处理2h氧化铝粉体全部以γAl_2O_3存在在950则全部转化为αAl_2O_3其粒度分别为20nm和60nm电化学合成方法制得的氧化锆纳米粉体在常温下以四方相而不是以单斜相存在在400处理2h晶化比较完全在800出现单斜晶相采用电化学合成方法制备了RTiO_2和γAl_2O_3与RTiO_2和tZrO_2的复合粉体及Al_2TiO_5和ZrTiO_4的形成规律在500可得到品化完好的RTiO_2γAl_2O_3复昆明理工大学博士学位论文摘要合粉体950则为R一TIOZa一A1203复合粉体在400可制得晶化完好的R一Tiozt一zro的复合粉体借助化学热力学数据库软件系统对各体系进行了热力学分析对制备各种粉体实验的确定起到了一定的指导作用所得TioA1203复合粉体中氧化铝主要沉积在二氧化钦颗粒的表面且二氧化钦的成分任意可调对TIOZA1203复合凝胶采取进一步的高温处理在1200实现了粉体的完全相变生成纯A12Ti05陶瓷粉体相对常规制备方法条件要缓和得多类似地对TIO亿roZ复合粉体进行锻烧在1200保温3h即得到了zrTIQ陶瓷粉对自制纳米金红石型粉体进行了有机和无机改性研究研究了纳米粉体的分散行为不同分散剂对其分散效果为NaPo36CZHSOHN处5103HZONaoH采用有机改性剂硬脂酸钠和聚乙二醇进行了纳米二氧化钦的有机改性研究获得了改性剂用量浓度等最佳工艺条件的参数对纳米二氧化钦进行了包裹二氧化硅的研究适当调整溶液的pH值滴加硫酸的速度以及改变滴加方式获得了较致密的包覆二氧化钦其分散性和酸溶性都获得了较大程度的改善本研究的铝钦错纳米金属氧化物电化学合成路线制备条件容易控制复合组分容易实现均匀化新相生成和晶化温度较低为以轻金属稀有稀土金属为基的纳米复合氧化物电化学合成提供了一种新思路
2008,紫外光固化树脂的合成及其涂膜的性能研究--《华南理工大学》,环氧丙烯酸酯 聚氨酯丙烯酸酯 微相结构 光固化动力学 相反转,环氧丙烯酸酯EA和聚氨酯丙烯酸酯PUA树脂是紫外光固化涂料UVCC中最重要的的两类低聚物但EA树脂粘度高固化膜脆性大柔韧性差PUA树脂成本高且合成中采用的有机锡类催化剂目前已受到环保法规的限制此外传统的油性光固化涂料因树脂粘度高常加入大量的活性稀释剂单体调解粘度单体的加入一方面造成成本的增加另一方面也使得固化膜的性能有所降低因此研究开发低粘度UV固化树脂研究水性UV光固化涂料等都具有非常重要的意义本文引入新的催化剂和新的阻聚剂构成的催化阻聚复合助剂体系合成了低粘度的EA树脂研究了复合助剂体系与常用催化剂阻聚剂的性能对比发现复合助剂体系能更好的降低体系的活化能具有更好的催化效果阻聚剂含有斥电子结构更能跟过氧自由基结合具有较好的阻聚效果并通过研究反应温度的影响最终确定了合成树脂的最佳工艺和配方最佳条件下制得的树脂具有较低的粘度仅为30004000mPas60是市售产品的13且常温下即可自由流动可完全避免活性单体的使用非催化条件下合成了可UV固化的PUA树脂分析了非催化合成树脂的反应机理并通过研究非催化合成PUA过程的反应动力学发现反应过程很好的满足了动力学二级反应反应具有较低的活化能E2286kJmol1K1为无催化剂条件下反应的进行提供了可能利用差示扫描量热DSC手段对固化膜的微相结构进行了研究结果表明软段长度对PUA微相结构影响显著随着软段长度的增加微相分离程度增加并且软段分子量在2000和4000时均有明显的软段结晶生成结构对称规整以及具有刚性苯环结构的异氰酸酯都使得硬段易于聚集结晶使微相分离程度增加活性单体官能度增加时与硬段交联密度增加降低硬段与软段间的氢键强度有利于微相分离而当其用量增加时微相分离程度先增加后降低淬火条件下微观相分离程度降低退火条件下由于单体HDDA的高温后固化现象使得微相分离程度也降低不同固化程度下固化膜的微相结构也有不同随着固化程度的增加相分离程度先降低又增加利用异氰酸酯与环氧丙烯酸酯侧链羟基反应合成了具有较低粘度且固化膜具有优异柔韧性的改性EA树脂讨论了异氰酸酯种类及用量对树脂粘度外观贮存稳定性以及固化膜柔韧性附着力等性能的影响确定了以TDI80作为改性的异氰酸酯原料并确定了其合适的用量以红外光谱法研究了改性树脂的光固化动力学行为结果表明Irgacure1000作为Darocur1173和Irgacure184组成的复合光引发剂由于具有较宽的吸收范围λmax在245nm280nm331nm且两种光引发剂间可能存在某种协同作用因而具有最优的引发效果活性单体有利于体系粘度降低以及入射光强度的增加都有利于树脂的光固化此外还发现反应初期由于存在诱导期固化反应缓慢诱导期过后体系粘度低且体系中双键及引发剂都具有较高浓度光固化速率迅速增加反应后期双键及引发剂浓度明显降低且双键聚合使得体系形成较大的交联网络体系粘度增加残余双键及长链自由基甚至单体都被裹馅在此交联网络里面活动性大大降低反应速率也迅速降低最终体系由于玻璃化作用使得链段的运动被冻结影响反应活性基团的扩散导致反应停止不能进行完全以自制的可UV固化的水性PUA预聚物为乳化剂将其与EA树脂均匀混合利用相反转乳化法制备了具有不规则核壳结构的水性UV固化的PUAEA复合乳液研究了羧基含量中和度及EA用量对乳液粒径粘度相反转过程及涂膜性能等的影响透射电镜TEM研究表明单纯的PUA乳液粒子以球形稳定分散在水中引入EA树脂后亲水的PUA外层将疏水的EA包裹在内层但由于仅是物理包裹而没有化学键合且EA与外层的PUA分子中的硬段极性相似易于结合因而使得乳液粒子呈现不规则的核壳结构此乳液在UV固化前核壳间无交联经UV光照射后核壳间通过双键交联固化两种树脂的固有性能得以充分发挥涂膜固化后具有更优的综合性能
2009,国内外塑料食品包装材料安全性问题与包装标准差异的对比研究--《江南大学》,塑料 食品包装材料 安全性 包装标准 差异,我国经济持续近30年高速发展人民生活水平不断提高人们越来越注重食品的安全和卫生问题食品包装作为食品的重要组成部分其安全卫生性受到更广泛的重视包装制品原辅材料的选择包装制品的结构设计包装制品的加工制作以及包装标识都直接影响着被包装食品的食用安全性从我国有关管理机构对餐饮具食品包装材料生产及管理的抽查结果看我国塑料食品包装的卫生安全性存在着不容忽视的问题因此本课题将首先深入分析常见塑料食品包装材料的包装性能和适用范围及条件有关的塑料包装技术和方法及分析塑料包装整体结构和包装材料对食品的影响并对我国出口食品塑料包装材料理化性质卫生安全性问题和邻苯二甲酸酯增塑剂的使用状况进行抽样调查发现了国内标准和国外标准在这些方面的差异再进一步通过西方发达国家塑料食品包装生产技术水平现状和管理方法和我国的有关食品包装标准法规的对比找出与发达国家的差距发掘我国塑料食品包装出现问题的原因就此提出观点高起点高标准完善我国的市场监督管理与标准体系从而使我们认识到如何对食品包装安全质量进行有效控制使食品安全得到最有效的保障
2012,我国工业源VOCs排放时空分布特征与控制策略研究--《华南理工大学》,VOCs 工业源 排放特征 时空分布 控制策略,近年来我国环境空气中的挥发性有机物VOCs浓度大幅度上升以臭氧为特征的光化学烟雾污染频繁发生在我国一些区域和城市地区影响了人体健康和大气环境质量准确地描述VOCs污染源排放特征和时空分布对于大气化学模型研究和臭氧污染控制政策制定具有重要意义本论文以我国工业VOCs污染源为研究对象对工业污染源VOCs历史变化趋势和排放现状时空分布规律未来发展趋势预测等问题展开了研究并对我国工业源VOCs控制策略进行了探讨主要的研究内容和结果如下1在遵循源头追踪思路建立的工业排放源分类系统基础上通过统计年鉴行业协会统计等多种途径系统地调研我国19802010年的活动水平数据并结合文献调研获得排放因子库构建了我国工业VOCs排放清单编制技术方法基于该方法计算了我国19802010年连续30年的工业源VOCs排放量我国工业源的VOCs排放经历了19802000年的稳定增长期和20012010年的快速增长期1980年排放总量为1151万吨2010年排放总量为13356万吨含VOCs产品的使用和排放环节是工业VOCs排放的主要来源2010年比重占574山东江苏广东浙江是工业VOCs排放最高的省份2010年占全国总排放量的3832通过资料调研获得我国工业源VOCs排放时间系数并结合GIS空间分析工具和人口密度权重因子分配方法建立我国50km50km高分辨率网格化排放清单结果显示我国工业VOCs排放集中在10月至12月份并集中分布在经济发达的东部南部和北部的城市群3运用情景分析方法设定排放控制方案情景预测20102020年我国工业源VOCs排放的发展趋势基准情景下2020年我国工业VOCs排放量达23944万吨适中情景下2020年全国排放量为21134万吨最佳情景下2020年排放量将降低至16968万吨相比基准情景该情景的减排率达2914调研了美国欧盟日本等国家和地区的VOCs排放控制法律法规体系及工业VOCs污染削减趋势重点分析了印刷涂料使用行业和石油炼制行业的法规标准和控制技术初步提出了加强污染源监测制定一套工业VOCs排放标准和达标技术体系等我国开展工业VOCs污染控制的策略建议
2007,水性丙烯酸树脂的合成及其改性的研究--《广东工业大学》,丙烯酸树脂 环氧丙烯酸酯 水性 溶液聚合 乳液聚合,水性丙烯酸树脂具有较好的光泽度耐候性耐化学品性和稳定性高且无污染无毒性无刺激性和生产安全价格便宜等优点是一种低VOC的绿色环保型产品也是目前较为活跃的研究和开发领域但常规丙烯酸酯树脂存在如成膜温度高胶膜硬度低抗回粘性差耐水性不好附着力差等缺点因此合成能克服以上缺陷的新型树脂己成为当前的研究热点本研究先用溶液聚合的方法初步探讨合成了水溶性的丙烯酸酯树脂然后用硬度高附着力好抗水性好及耐化学药品优良的环氧丙烯酸酯EA对其进行改性有效的改善了水性丙烯酸酯树脂的缺点提高了丙烯酸酯树脂的综合性能在环氧丙烯酸酯共聚改性水性丙烯酸树脂的实验中讨论了不同合成加料方式不同温度不同引发剂用量及不同环氧丙烯酸酯用量等因素对共聚合成及其性能的影响研究结果表明采用分步加料法反应温度为82搅拌速度为150rmin200rmin反应4h时可以顺利合成EA改性的水性丙烯酸树脂单体转化率达96以上当EA用量为8交联单体NMA用量为2时改姓树脂的性能最佳硬度达2H抗回粘性1级附着力Gt0玻璃耐水96h除此之外从粒子设计方面着手采用乳液聚合的方法合成了具有不同核壳结构的乳液大大改善了水性丙烯酯乳液的性能讨论了不同核壳结构的设计工艺乳化剂等因素对乳液聚合的影响研究结果表明采用软核硬壳的工艺设计乳化剂用量为3阴离子型非离子型12NMA为2时合成的乳液性能最佳热固化后硬度可达2H抗回粘性1级附着力Gt0玻璃耐水性96h是一种性能优良的热固型树脂
2011,二氧化钛表面功能化及应用研究--《江苏大学》,二氧化钛 氧化硅包覆 氧化铝包覆 聚酯催化剂,二氧化钛表面处理技术已经成为二氧化钛行业最为重要的核心竞争能力可以预期在当前和今后相当长一段时间二氧化钛行业的竞争在相当大的程度上将体现为二氧化钛表面处理技术的竞争面对国际二氧化钛行业竞争加剧而我国在二氧化钛表面处理技术方面的落后已经使我国二氧化钛行业在国际竞争中处于十分不利的地位这一局面本文从二氧化钛的表面无机纳米膜修饰机理纳米膜结构对二氧化钛颜料性质影响二氧化钛在聚酯催化中的应用等三个方面展开研究希望本研究工作能对我国二氧化钛行业的发展提供积极的建设性贡献本文研究了以硅酸钠为原料利用液相沉积法在金红石型二氧化钛表面包覆二氧化硅纳米膜使用透射电镜分析了二氧化钛表面二氧化硅包覆膜的形貌结合红外光谱X光电子能谱Zeta电位分析技术研究了金红石型二氧化钛表面包覆二氧化硅纳米膜的成膜机理以激光粒度测定仪分析了二氧化硅包覆二氧化钛样品在水溶液中的分散程度研究表明当反应温度反应液pH值二氧化硅包覆量较低时二氧化钛表面形成了岛状二氧化硅包覆层当反应温度反应液pH值二氧化硅包覆量较高时二氧化钛表面形成了连续而均一的二氧化硅膜状包覆层二氧化硅包覆层厚度随着硅酸钠与二氧化钛摩尔比的增加而增加二氧化硅包覆层以TiOSi键化学键合形式结合于二氧化钛表面当硅酸钠与二氧化钛摩尔比大于175时二氧化硅包覆二氧化钛样品的Zeta电位基本保持为50mV不变与纯金红石型二氧化钛的Zeta电位24mV相比带有更多的负电荷在静电排斥的作用下有利于包覆样品在水中的分散反应液pH值为910时二氧化硅包覆二氧化钛样品在水中分散性优于纯金红石型二氧化钛在水中的分散性当硅酸钠与二氧化钛摩尔比为115时二氧化硅包覆二氧化钛样品在水中形成单分散二氧化钛表面包覆二氧化硅后提高了二氧化钛的白度亮度及其在水中的分散性包覆样品的光散射率与二氧化钛和二氧化硅本身性质及包覆样品分散性有关本文以硫酸铝为原料利用液相沉积法在金红石型二氧化钛表面包覆氧化铝纳米膜使用透射电镜分析了二氧化钛表面氧化铝包覆膜的形貌通过红外光谱X射线光电子能谱和粉末衍射分析技术研究了金红石型二氧化钛表面包覆的氧化铝纳米膜的化学组成与成膜机理以激光粒度测定仪分析了氧化铝包膜后二氧化钛样品在水溶液中的分散程度实验表明氧化铝在二氧化钛表面包覆程度受反应液pH的影响在pH89的范围内氧化铝在二氧化钛表面形成了连续包覆膜氧化铝纳米膜以薄水铝石的形式存在二氧化钛与包覆层薄水铝石之间形成TiOAl键使氧化铝包覆层结合在二氧化钛表面上氧化铝包覆二氧化钛样品的包覆量随硫酸铝与二氧化钛的摩尔比的增加而增加在二氧化钛表面包覆氧化铝可以改善二氧化钛粉体在水中的分散性粉体在水溶液中的分散性随包覆程度提高而提高氧化铝包覆二氧化钛样品的白度亮度高于原料二氧化钛的白度亮度包覆样品的光散射率与氧化铝包覆量有关本文在进行二氧化钛催化聚酯反应的研究中以硫酸法二氧化钛生产过程中二氧化钛的前驱体偏钛酸为原料通过热处理工艺参数的调整制备一系列二氧化钛粉体根据本论文前半部分的研究结果分别以九水硅酸钠和硫酸铝为无机包覆剂对二氧化钛粉体进行氧化硅氧化铝包覆用脂肪醇作为有机修饰剂分别对未进行无机包覆和无机包覆后的二氧化钛粉体进行表面修饰制得在乙二醇体系中良好分散的二氧化钛催化剂将所得催化剂用70升的装置进行聚酯合成实验通过进行酯化反应动力学研究评价该催化剂体系在聚酯合成中酯化阶段的催化活性实验表明催化剂酯化催化活性与粉体煅烧温度相关高活性二氧化钛催化剂的最佳煅烧温度为600酯化催化活性与二氧化钛粉体的包覆状态有关氧化硅包覆组的酯化催化活性总体上高于氧化铝包覆组和未包覆组主要是由于Ti02Si02具有较强的酸性催化剂缩聚催化活性研究发现未包覆组明显比包覆组要高氧化硅包覆组和氧化铝包覆组中粉体煅烧温度600时表现出高的催化活性对二氧化钛粉体进行无机包覆会降低催化剂的缩聚催化活性粉体煅烧温度也与催化剂的缩聚催化活性有一定的相关性自制催化剂合成的聚酯样品与乙二醇锑合成的聚酯样品相比常规性能相近热转变温度均有所升高热稳定性较好
2015,石墨烯（石墨纳米片）/环氧树脂船用涂料防腐性能的研究--《哈尔滨工业大学》,腐蚀 热还原石墨烯 石墨纳米片 防腐涂料 船舶,海洋蕴藏着丰富的自然资源合理开发和使用海洋首先需要面对海洋腐蚀问题海洋设施和船舶长期处于干湿交替的富氧盐雾高紫外线的环境腐蚀问题十分严重因此合理运用海洋防腐蚀技术对于降低灾害事故的发生提高船舶及海洋平台设施的安全性延长其服役寿命具有深刻意义石墨烯以及石墨纳米片是新兴的二维纳米碳材料具有层片状的结构对水氧气和离子有很好的稳定性和阻隔性用作传统涂料的填料时可以起到良好的物理屏蔽作用从而改善有机涂层的耐腐蚀性能本文分别以热还原石墨烯和石墨纳米片作填料以环氧树脂为基体研究了热还原石墨烯和石墨纳米片的结构特点以及他们在涂料中的耐腐蚀性能和机理以石墨纳米片作为填料研究了石墨纳米片在涂料中的耐腐蚀性能和机理制备的石墨纳米片表面非常光滑片层的厚度约为50nm片层的直径约为210μm直接以石墨纳米片作为填料制备了不同含量的石墨纳米片防腐涂料电化学和耐中性盐雾试验表明添加10石墨纳米片涂层耐蚀性最好自腐蚀电位为435mV自腐蚀电流密度为0055μAcm2通过偶联剂对石墨纳米片进行改性并制备了改性石墨纳米片涂料添加10改性石墨纳米片涂层的耐蚀性最好自腐蚀电位为416mV自腐蚀电流密度为0032μAcm2石墨纳米片在涂料中形成物理屏障阻碍腐蚀介质的渗透以热还原石墨烯为填料研究了石墨纳米片在涂料中的耐腐蚀性能和机理XRDRamanXPS和SEM等分析表明热还原石墨烯上残留一些含氧基团片层的厚度约为40nm片层直径约为25μm直接以热还原石墨烯作为填料制备了不同含量的石墨烯涂料电化学和耐中性盐雾试验表明添加15热还原石墨烯涂层耐蚀性较好自腐蚀电位为428mV自腐蚀电流密度为0058μAcm2通过偶联剂对热还原石墨烯进行改性并制备了改性石墨烯涂料添加2改性石墨烯涂层的耐蚀性最好自腐蚀电位为360mV自腐蚀电流密度为0034μAcm2热还原石墨烯在基体中分散均匀阻碍腐蚀介质的渗透偶联剂改性后提高了其在涂料中的分散性以及与树脂的界面结合力自腐蚀电位提高了68mV自腐蚀电流密度降低了586本文进一步研究了还原温度对石墨烯涂料耐腐蚀性能的影响分别在4507501050温度下制备了不同还原温度石墨烯XPS测试表明其CO分别为627484从SEM照片可以看出随着还原温度的升高石墨烯的剥离程度越高形态逐步由中空球状变为片层状电化学测试表明1050还原的石墨烯涂料防腐性能最好较低的还原温度下虽然可以保留更多的含氧基团但是没能剥离成层片状的结构因此其物理屏障作用降低防腐性能降低
2007,我国纳米材料产业化机制研究--《同济大学》,纳米材料 产业化机制 动力机制 运行机制 ANP 模型,笔者本科学习的是材料化学专业在同济大学投资研究所就读研究生期间作为主要成员参与了汉唐证券委托项目新材料行业研究和振兴行动教育计划高科技中小型企业数据库建设等课题研究在行业研究和企业调查过程中特别是在对纳米材料产业调研过程中引发了笔者对我国纳米材料产业化机制研究的深入思考并将之作为本博士论文的研究题目人类发展的历史本身就是一部材料发展的历史一种新材料的出现往往引起生产力的大发展从石器陶瓷器青铜铸铁钢塑料到形形色色新材料的出现均标志着一个相应经济发展历史时期的到来而每一次材料技术革命催生了一个强国的诞生纳米材料的出现预示着一个新的纳米时代悄然来临纳米时代的到来对我国来说既是一次机遇更是挑战我国纳米材料技术的基础研究水平与其他先进发达国家相比相差不大有些方面甚至处于世界领先地位但在产业化方面有一定差距我们要避免重蹈计算机技术和超导技术的覆辙利用这一轮技术革命实现我国经济振兴与腾飞的梦想本文第一章导论首先界定和阐述研究对象对相关概念进行了详细的分析接着简要分析本研究的背景目的和意义提出研究思路和全文结构第二章首先回顾了产业化机制研究相关的基础理论创新理论和产业结构理论接着对有关产业化机制方面的研究和纳米材料产业化国内外有关研究进行了比较详细地综述科技进步推动产业结构的演进技术创新的动力来源于技术推动或市场拉动或二者的结合纳米材料技术及产业的发展是产业结构优化的一种途径是纳米材料技术推动和市场拉动的结果为纳米材料产业化提供了理论依据产学研合作是纳米材料产业化的一种较好模式我国在这方面需要加强和引导第三章和第四章全面详实地研究国内外纳米材料产业现状及发展趋势从研发制备市场和产业化四个方面对纳米材料产业作充分的研究论述并对国内外纳米材料现状及发展趋势作比较研究从中找出我国纳米材料产业化过程中的问题和不足科研投入不足科技转换介面不畅以及产业环境有待改善等第五章和第六章分别对我国纳米材料产业化的动力机制和运行机制进行全面的研究分析并与美日欧等纳米材料强国的纳米材料产业化的运行机制作比较进一步剖析我国纳米材料产业化过程中的具体问题以纳米材料企业为主体是技术创新运行机制尚未建立人才机制不完善融资机制不健全技术转移机制不规范政策法律法规需要改革创新最后选用ANP结构模型构建我国纳米材料产业化评价指标体系并作评价第七章是解决问题在前几章研究的基础上提出我国纳米材料产业化健康快速推进的对策措施并构建我国纳米材料产业化机制模型全文最后对本研究进行了总结并指出不足之处和进一步研究方向本论文具有以下创新之处1对我国纳米材料产业化的动力机制和运行机制进行了详尽的研究剖析纳米材料产业化中的深层次问题据文献搜索尚属首次2构建我国纳米材料产业化水平评价指标体系引进网络分析法ANP并做实证研究据文献搜索尚属首次3经过理论和实证研究构建我国纳米材料产业化机制模型及其子模型提出我国纳米材料产业化的对策措施以期有助于我国纳米材料产业化的健康进行据文献搜索尚属首次4从研发制备市场和产业化四个角度对国内外纳米材料产业现状及发展趋势进行全面地研究并做比较研究有助于对整个纳米材料产业的全面了解据文献搜索尚属首次
2007,纳米碳酸钙表面改性及其机理的研究--《湘潭大学》,纳米碳酸钙 结构模型 表面改性机理,纳米碳酸钙属无机粉体材料表面亲水疏油呈强极性不能与橡胶塑料等高分子有机物发生化学交联没有补强性能同时纳米碳酸钙具有极大的比表面积和较高的比表面能在制备和后处理过程中极易发生粒子凝并团聚形成二次粒子使粒子粒径变大在应用过程中最终失去超细微粒所具备的功能解决这两个问题的关键在于对纳米碳酸钙进行表面改性使其表面能减小增加亲油性改进其在基质中的分散性和分散稳定性从而增加与高聚物的相容性使其由一般的增量剂填料上升为性能增强剂和功能填料我国纳米碳酸钙的质量水平与发达国家的差距主要表现在晶型的一致性较差表面改性和分散性能较差这是由于我国纳米碳酸钙表面改性技术在改性工艺改性设备活化剂配方等方面起步较晚改性技术还不成熟尤其是改性机理尚不清楚这是制约我国碳酸钙改性技术进一步发展的重要瓶颈也是本文研究的方向本文首先对纳米碳酸钙的活化改性进行了实验研究在硬脂酸钠季戊四醇松香酯椰子油松香季戊四醇松香酯甘油松香酯椰子油油酸钛酸酯硬脂酸钠椰子油硬脂酸钠等表面改性剂中以硬脂酸钠椰子油油酸椰子油椰子油硬脂酸钠等活化剂的活化效果较为理想其次本文探索性地构建了碳酸钙分子的结构模型明确了碳酸钙微粒的结构特点即分子中碳酸根离子相对钙离子而言较为庞大而产生位阻效应的结构特点碳酸钙微粒的外表面绝大部分为带负电荷的碳酸根离子所占据因而对外显负电性故而在溶液中能吸引带正电的钙离子为构建活性碳酸钙的结构模型和进一步深入探讨碳酸钙的活化改性机理奠定了基础最后本文分别以脂肪酸盐磷酸酯钛酸酯和铝酸酯四种国内常见的表面改性剂为例探讨了纳米碳酸钙的表面改性机理构建了活性碳酸钙的结构模型此外对碳酸钙工业的发展前景进行了展望碳酸钙工业依然是朝阳工业
2008,消泡剂的研究现状与展望--《化学工程师》,消泡剂 机理 现状 展望,"介绍了消泡剂的分类和有机硅消泡剂的消泡机理,对有机硅消泡剂、聚醚消泡剂和矿物油消泡剂的现状进行了分析,提出了3种类型消泡剂的发展方向。"
2005,以聚氨酯聚丙烯酸酯乳液为连接料的塑料凹版水性油墨的研制--《包装工程》,聚氨酯 聚丙烯酸酯 乳液 塑料凹版水性油墨,"采用乳液共聚法制备聚氨酯-聚丙烯酸酯复合乳液,并以酞菁蓝为颜料配制了塑料凹版水性油墨,讨论了封端剂丙烯酸-β-羟乙基酯含量和颜料含量对水性油墨性能的影响。结果表明,随着HEA用量的增加,PUA复合乳液和水性油墨的粘度增加,但油墨的稳定性先得到改善而后下降;随着颜料含量的增加,水性油墨的稳定性变差, 13%的颜料含量为宜;该水性油墨不仅对PET薄膜具有优异的附着牢度,对OPP薄膜同样具有良好的附着牢度并具有良好的耐水性能。"
2004,国内紫外光固化涂料的发展及应用--《合成材料老化与应用》,紫外光固化涂料 环境友好涂料,"紫外光固化涂料是一种节能和环境友好型涂料,本文首先介绍了紫外光固化涂料的特点、固化机理、组成紫外光固化涂料的各种组分及其作用,然后对紫外光固化涂料的发展现状与应用领域进行了详述,最后指出,未来紫外光固化涂料的研究和发展应朝水性化和粉末化方向发展。"
2003,国内外颜料工业概况及发展趋势--《涂料工业》,无机颜料 有机颜料 金属颜料 发展趋势,"综述了钛白、氧化铁、铅铬黄、锌钡白等无机颜料及金属颜料 ,有机颜料的国内外发展概况 ,并阐述了其发展趋势"
2003,造纸用表面施胶剂的概况及发展--《西南造纸》,表面施胶剂 作用机理 种类 应用,"叙述了表面施胶剂的优点,阐述了表面施胶剂的作用机理,分别论述纸张表面补强剂和表面施胶剂种类,同时介绍了国内外表面施胶剂的应用状况,最后提出表面施胶今后的发展方向。"
2006,水性光固化涂料--《涂料工业》,光固化 UV固化涂料 水性树脂 光引发剂 低聚物,"水性光固化涂料是一种新型的光固化涂料,本文简述了其特点、水性UV树脂、水性光引发剂和水性光固化涂料的应用及研究进展。"
2001,环保型水性UV油墨在广告中的应用--《今日印刷》,UV油墨 环保型 工艺参数 网版制作 光固油墨 印刷器材 承印物 感光胶层 锐利度 色密度,"本文作者概述了现今广告中油墨应用的现状,并特别推荐了美国HUOOO系列水性UV光固油墨,介绍了其特征、工艺参数及在使用中应注意的问题。"
2002,印刷油墨的水性化--《今日印刷》,印刷油墨 柔性版印刷 水性油墨 珠光效果 UV油墨 网纹辊 珠光油墨 柔版印刷 醇溶性油墨 干燥速度,"本文对环保的柔性版印刷、水性柔版油墨进行了系统的介绍,并在文末重点阐述了珠光柔性水墨的使用方法和注意事项。"
2013,水性丙烯酸树脂及其水性油墨性能研究--《中国印刷与包装研究》,水性油墨 水性丙烯酸树脂 抗水性 干燥速度,"水性油墨的抗水性和耐酸碱性是直接制约水性油墨应用性能的重要指标,本研究采用甲基丙烯酸甲酯(MM A)、丙烯酸丁酯(BA)为硬软单体,以丙烯酸(AA)、丙烯酸羟丙酯(HPA)为功能单体,采用乳液聚合法制备一种高固含量、耐酸碱性和抗水性优良、成膜性较好的水性丙烯酸树脂,并用这种树脂配制水性油墨;讨论了各单体用量对树脂膜抗水性和耐酸碱性的影响,以及油墨其他相关成分对油墨干燥速度、抗水性和光泽度的影响。研究表明,当MMA:BA质量比为3:2,AA和HPA含量分别为3.6%和6.7%时,树脂获得良好的抗水性;当助溶剂异丙醇含量为5%,分散剂用量为颜料和填料总量的3%,pH值为8.5~9.0,油墨中水的含量为25%时,油墨具备较好的干燥速度、抗水性和光泽度等性能。"
2015,水性油墨用水性丙烯酸树脂的研制--《应用化工》,水性油墨 水性丙烯酸树脂 乳液聚合法,"以甲基丙烯酸甲酯(MMA)、丙烯酸丁酯(BA)、甲基丙烯酸(MAA)为反应单体,采用乳液聚合法制备一种耐酸碱性和耐水性优良的新型水性丙烯酸树脂。通过单因素与正交实验获得最佳的合成工艺:ω(甲基丙烯酸甲酯)∶ω(丙烯酸丁酯)=2∶3,α-甲基丙烯酸用量为3.7%,乳化剂(OP-10)用量为2.4%,反应温度为80℃,滴加时间为2 h,恒温反应时间为2.5 h。红外光谱及核磁共振氢谱图分析表明,所制备产物的官能团结构与设计目标产物一致。"
2008,水性油墨用环氧改性水性丙烯酸树脂的合成--《包装工程》,环氧丙烯酸酯 丙烯酸树脂 水溶性 水性凹版塑料油墨,"介绍了一种环氧改性水性丙烯酸树脂的合成方法,并由改性树脂配制了水性凹版塑料油墨。讨论了亲水单体含量对树脂水溶性的影响和引入环氧丙烯酸酯含量对油墨附着牢度、复合牢度的影响,并经红外表征证明达到了环氧改性水性丙烯酸树脂的目的。实验表明,由环氧改性水性丙烯酸树脂配制的水性油墨,其性能技术指标达到或优于国家标准和实际应用要求,在凹版塑料油墨领域具有很大的应用价值和广阔的市场前景。"
2017,水性油墨分散技术研究进展--《精细化工》,水性油墨 颜料 树脂 分散稳定性 电荷斥力 空间位阻 表面改性 超分散剂,"结合国内外研究现状,对水性油墨的分散稳定机制、影响分散性的主要因素进行了综述分析,分析表明:颜料自身的可润湿性、粒径及粒径分布、树脂的特性、油墨的黏度及p H值都与水性油墨的分散性密切相关。在此基础上,阐述了提升分散性及分散稳定性的主要途径,包括对颜料进行表面改性处理、使用表面活性剂或超分散剂、设计颜料表面形貌及进行颜料预分散。并提出:随着国家产业调整的进一步深入,环保型水性油墨必将逐步取代传统溶剂型油墨,进一步提升水性油墨的质量已是当务之急。"
2018,混凝-热处理联合MAP法处理高浓度水性油墨印花废水--《环境工程学报》,高浓度水性油墨废水 有机污染物 氨氮 混凝-热处理 磷酸铵镁沉淀法,"采用混凝-热处理联合磷酸铵镁沉淀法(MAP)处理高浓度水性油墨印花废水,研究了各工艺参数对该废水处理效果的影响。研究表明:混凝-热处理可降低废水的COD和色度,实现固液快速分离,有效降低混凝污泥含水率;MAP法可有效降低混凝-热处理后废水的氨氮含量,药剂摩尔比和反应体系pH对氨氮去除效果影响较大。当投加15 m L·L~(-1)的40%(体积分数)混凝剂NS-1、在70℃下热处理50 min的条件下,废水的COD去除率达到93.65%,色度去除率达到99.97%,而混凝污泥含水率可降到56.62%;向混凝-热处理后废水中投加硫酸镁和磷酸氢二钠,当药剂摩尔比为1.1:0.9:1(Mg:P:N)、体系pH为9.5、在20℃反应30 min的条件下,废水的氨氮去除率可达96.27%,剩余总磷低于12 mg·L~(-1)。"
2013,水性油墨研究现状--《化工新型材料》,水性油墨 连接料 助剂 颜料 研究方向,"介绍了水性油墨的特点、性能及应用,概述了水性油墨的发展历程和技术指标,综述了水性油墨的研究现状,包括连接料、助剂及颜料的研究现状,最后结合当前水性油墨面临的问题指出了今后的研究方向。"
2018,水性油墨用纯丙乳液的合成及在BOPP薄膜上的附着牢度--《化工新型材料》,水性聚丙烯酸酯乳液 软单体 附着 附着功 界面张力 双向拉伸聚丙烯薄膜,"以甲基丙烯酸甲酯(MMA)为硬单体,丙烯酸乙酯(EA)、丙烯酸丁酯(nBA)、丙烯酸异辛酯(2-EHA)为软单体,甲基丙烯酸(MAA)为功能单体,过硫酸铵(APS)为引发剂,碳酸氢钠(NaHCO3)为缓冲剂,十二烷基硫酸钠(SDS)、脂肪醇聚氧乙烯醚(AEO-9)为乳化剂,采用半连续种子乳液聚合方法合成软单体不同的水性聚丙烯酸酯乳液。利用衰减全反射-傅里叶变换红外光谱(ATR-FTIR)、核磁共振氢谱(1 H-NMR)、热重分析(TG)、动态热机械分析(DMA)和X射线衍射仪(XRD)表征水性聚丙烯酸酯乳液的结构和热性能。用表面张力仪和接触角仪测试乳液的表面张力以及在双向拉伸聚丙烯(BOPP)薄膜上的接触角,计算乳液与BOPP薄膜之间的附着功和界面张力。结果表明:合成的水性聚丙烯酸酯为无定形共聚物,具有良好的热稳定性,乳液与BOPP薄膜之间的附着牢度与附着功成正比,乳液在BOPP薄膜上的附着牢度为P(MMA-2-EHA-MAA)P(MMA-nBA-MAA)P(MMA-EA-MAA)。所以2-EHA做软单体合成的聚合物与聚丙烯的分子间作用力更大。"
2017,水性油墨中颜料的分散性能--《包装工程》,分散稳定性 粒径 表面结构 着色力 流变性 颜料改性,"目的研究颜料在水性油墨中的分散性及对油墨印刷适性的影响。方法对影响分散性的因素进行分析,提出提升分散性的途径。结果颜料的分散性对油墨的多项印刷适性,如着色力、透明度及流变性等均有较大影响。结论在油墨生产中必须选用粒径合适且分布较窄的颜料,同时合理控制油墨体系的粘度;使用表面活性剂,尤其是超分散剂可以有效地提升颜料在水墨中的分散性能;随着纳米技术的日渐成熟,在纳米尺度上对颜料表面进行一些粗糙加工也是实现良好分散的方法。"
2016,高性能水性聚氨酯弹性体制备及在水性油墨中的应用--《化工新型材料》,水性聚氨酯弹性体 抗水性 伸长率 油墨,"以聚四亚甲基醚二醇(PTMEG)、异佛尔酮二异氰酸酯(IPDI)、二羟甲基丙酸(DMPA)和三羟甲基丙烷(TMP)为主要原料,通过预聚物分散法制备出高性能水性聚氨酯弹性体。研究了R值[n(—NCO)∶n(—OH)]的变化,并着重考察了TMP用量对乳液外观、黏度、抗水性、稳定性和断裂伸长率等影响。结果表明:当R值=1.6、TMP=1.8%(wt,质量分数)时,制得的水性聚氨酯弹性油墨具有最佳的性能。"
2013,水性油墨连结料树脂的研究新进展--《中国印刷与包装研究》,水性连结料 水性聚氯酯 聚丙烯酸酯 纳米材料,"随着人们环保意识的日益增强,水性油墨已成为印刷包装领域的研发重点。本研究首先介绍了水性油墨的研究现状,指出水性油墨的性能主要取决于水性连结料的性能,然后叙述了可用作水性油墨连结料树脂的新型聚合物,即水性聚氯酯与聚丙烯酸酯。阐述了聚丙烯酸酯的研究进展,重点综述了水性聚氨酯作为新型树脂的研究现状与发展方向,指出通过改进合成方法和添加改性剂对其进行改性是提高水性聚氨酯性能的两种主要途径,其中又以纳米改性聚合物基体为当今国际研究热点和重点所在。最后概述了水性油墨用连结料新型树脂的主流研究方向。"
2014,旧报纸脱墨的研究进展--《中国造纸》,印刷方式 水基油墨 旧报纸 脱墨,"介绍了新闻纸的主要印刷方式、不同印刷方式所用油墨的组成及其脱墨性能。针对目前回收废纸中柔版印刷(水基油墨)废纸比例的增大对旧报纸(ONP)脱墨带来的影响,重点介绍了水基油墨印刷废纸的脱墨化学品研究、脱墨工艺、脱墨废水的处理技术以及脱墨效果评价方法,对旧报纸的脱墨过程提出了一些建议。"
2017,环保型油墨清洗剂的研究进展--《包装工程》,半水基油墨清洗剂 水基油墨清洗剂 乳化剂 表面活性剂 研究进展,"目的通过研究环保型油墨清洗剂的研发进展,为该类油墨清洗剂的技术升级开拓研究思路。方法以半水基型油墨清洗剂和水基型油墨清洗剂为研究对象,阐述了不同种类环保油墨清洗剂的去污效果、安全性、环保性和防腐性能,并展望了环保型油墨清洗剂的未来发展趋势。结论分析了不同种油墨清洗剂的优点和缺点,得出植物油基油墨清洗剂和水基型油墨清洗剂在将来拥有广阔的应用和发展前景。"
2008,水基油墨粘度对印刷品质量的影响--《网印工业》,水基油墨 油墨粘度 印刷品质量 实地密度 高粘度 连接料 网版印刷 印刷工业 网点增大 印刷反差,"现代社会越来越重视环保,印刷工业亦如此。在印刷工业中.造成环境污染的一个最重要的因素就是印刷用油墨,水基油墨的出现.突破了传统意义的溶剂性油墨.具有良好的印刷适性和环保性能。目前.水基油墨已经广泛应用于柔性版印刷和网版印刷。"
2007,水基油墨印刷纸应用常规脱墨方法的可能性--《中华纸业》,改良苯胺水基油墨 洗涤法脱墨 常规浮选法脱墨 苯胺油墨 印刷纸 阳离子表面活性剂 脱墨方法 浮选脱墨 过氧 油墨粒子,"介绍了水基油墨印刷纸的洗涤脱墨法和常规碱性浮选法及其存在的问题,也介绍了改良苯胺水基油墨可脱墨性的一些研究。"
2007,水基油墨印刷纸的使用概况及其可脱墨性--《中华纸业》,水基油墨印刷 印刷品 可脱墨性,"介绍了各种水基油墨印刷纸在国际上的使用概况,同时介绍了水基油墨印刷纸的识别方法及其可脱墨性。对于水基油墨印刷的各种纸,用常规的脱墨方法进行脱墨是困难的。"
2008,水基油墨清洗剂的研制--《包装工程》,清洗剂 油墨 水基,"研制成功一种水基油墨清洗剂,以代替汽油、煤油、乳化油等用于印刷胶辊和橡皮布的清洗,具有安全、节能、环保的优点。将TrionX-100,15%、油酸钠60%、磷酸三丁酯5%、丁醇15%、亚硝酸钠4.5%、苯并三氮唑等助剂0.5%复配,与水按1∶9混合,通过实验与汽油、煤油、乳化油等比较。实验表明:水基油墨清洗剂对油墨的清洗能力与乳化油清洗剂、汽油、柴油相当。对设备无腐蚀,不能闪燃,实用效果良好。"
2000,消泡剂对水基油墨性能的影响--《北京印刷学院学报》,消泡剂 表面张力 水基油墨,"分析水基油墨出现泡沫的原因、对印刷质量的影响及消除途径 ,并通过实验找到了适用的消泡剂型号 ,指出当加入量为 0 .3 %～ 0 .5 %时消泡效果为佳"
2006,水基油墨印刷纸的浮选脱墨问题--《国际造纸》,水基油墨印刷纸 碎解pH值 油墨再沉积 浮选脱墨,"介绍了水基油墨印刷纸碎解浆料脱墨困难的主要原因,分析了影响水基油墨再沉积的因素。结果表明,碎解pH值和循环用水的油墨积累对油墨再沉积有很大影响。"
2004,高档水基油墨粘度影响因素的研究--《应用化工》,水基油墨 表面张力 粘度,"为获得高固低粘的油墨配方体系,通过油墨的分散实验,探讨了分散树脂和乳液及其助剂对水基油墨体系粘度的影响规律,润湿分散剂对水基油墨粘度的影响,胺化剂对水基油墨粘度的影响机理。研究表明,乳液聚合物具有高固低粘特性,拼混使用不同的聚合物可获得理想粘度和应用性能;润湿分散剂能改变体系的表面张力和润湿性能,从而降低水基油墨体系的粘度;拼混使用不同的胺化剂可以获得粘度稳定的水基油墨体系。"
2007,水基油墨印刷纸脱墨困难的原因--《中华纸业》,水基油墨 再沉积 废水处理 印刷纸 油墨粒子 脱墨方法 碎解时间 旧杂志纸 新闻纸 过氧,"介绍了水基油墨的组分和产生再沉积的条件等造成水基油墨印刷纸脱墨困难的原因,同时介绍了脱墨废水处理的困难。"
2009,影响柔性版印刷水基油墨粘度的因素分析--《包装工程》,柔性版水基油墨 屈服值 粘度 颜料体积浓度 柔性版印刷 剪切速率 表面活性剂 剪切应力 颜料粒子 流变特性,"在分析柔性版印刷水墨在传输转移过程中的流变特性的基础上,研究了剪切应力、剪切速率、屈服值、油墨颜料粒子、表面活性剂以及温度等对柔性版水基油墨粘度的影响。结果表明,剪切应力、剪切速率和屈服值对水基油墨的粘度有直接影响,总体上可以用Carreau模型来描述。表面活性剂等助剂的加入通过对颜料体积浓度和油墨屈服值的影响,间接影响油墨粘度。"
1998,柔印水基油墨的印刷特性--《今日印刷》,水基油墨 稀释剂 粘度 水性油墨 添加剂 承印材料 印刷适性 柔印机 柔性版印刷 干燥速度," 随着人类环保意识的增强,水基油墨已在国外的包装印刷和商业印刷中得到广泛应用,并取得了良好的效果。由于我国目前的柔印技术水平不是很高,即便是使用进口高价水基油墨,在印刷过程中也同样经常出现这样和那样的问题。为此,本文将研究水基油墨的组成,分析其印刷特性,以供从事柔性版印刷的同行们参考。 水基油墨一般由不溶性颜料、水溶性或水分散性树脂、纯净的水和少量的醇及助剂组成。"
2014,柔性版印刷及水基油墨--《中国印刷》,柔性版印刷;国内印刷;连结料;柔版印刷机;柔印技术;用墨;感光树脂版;高精密度;印刷方式;印刷界;,"随着国外柔性版油墨的发展,国内印刷包装界和新闻界对柔性版油墨及其水基油墨产生了极大的兴趣和需求。到目前止,分布在全国30多个省市自治区的300多条高精密度柔性版印刷生产线,其年用墨量也是相当可观的。"
2015,不同地区ONP脱墨行为的研究--《中国制浆造纸研究院》,旧报纸 水基油墨 制样方法 油墨剥离率 油墨去除率 弱碱性脱墨 超滤膜处理技术,我国是废纸消耗大国同时也是废纸进口大国在回收的废纸中含有相当一部分的可脱墨旧报纸而脱墨废纸浆质量的好坏除了受到碎浆和脱墨工艺影响外还与印刷方式及油墨组成等有关从不同国家和地区进口的废纸因其印刷方式不同废纸的可脱墨性不同从而导致脱墨浆质量不稳定进而影响废纸的回收再利用另外含水基油墨印刷废纸脱墨性能的降低还会增加后续脱墨废水的处理难度鉴于此本论文拟对国内旧报纸LONP美国旧报纸AONP和欧洲旧报纸EONP的脱墨行为进行研究包括旧报纸在不同工艺条件下的脱墨效果脱墨废水光学性能的分析以及脱墨废水的处理首先以LONP为原料在常规碱性条件下对碎浆工艺条件进行了优化得出较佳的碎浆条件为浆浓10碎浆时间10min及碎浆后不需保温同时研究了不同制样方法对旧报纸碎解浆光学性能的影响得到采用浆片的制样方法能够更好地截留油墨从而更真实地反映浆料的光学性能并探讨了油墨剥离率ID和油墨去除率IE作为脱墨效果评价指标的效果其次对LONPAONP和EONP3种地区ONP的基本特性进行了分析研究结果表明LONP的纤维平均长度较AONP和EONP的纤维平均长度短LONP的灰分远高于AONP和EONP说明LONP的加填量较高而AONP和EONP的加填较少同时对比了3种ONP的常规碱性脱墨效果结果表明浮选脱墨后LONP的白度提高了约10而AONP和EONP均提高不到5同时LONP脱墨浆的ERIC较低为25302mgkg而AONP和EONP分别为94688mgkg和92450mgkg且LONP的ID和IE均远高于AONP和EONP说明与LONP相比AONP和EONP在常规碱性条件下的脱墨效果较差然后对AONP和EONP尝试了弱碱性Na2SO3和MgO代替NaOH及中性碎浆的脱墨工艺并与常规碱性脱墨工艺的脱墨效果进行了对比结果表明AONP采用常规碱性脱墨效果最好EONP采用Na2SO3的弱碱性脱墨工艺可以达到常规碱性的脱墨效果而采用MgO的弱碱性及中性脱墨工艺的脱墨效果则相对较差而通过对EONP不同脱墨工艺下脱墨废水的COD可以看出常规碱性脱墨废水的COD699mgL高于Na2SO3弱碱性脱墨废水的COD569mgL综合认为EONP采用Na2SO3的弱碱性脱墨工艺较好同时对混合ONPLONPEONP7030简称MONP进行了常规碱性弱碱性Na2SO3和MgO脱墨结果表明MONP在常规碱性脱墨条件下的脱墨效果最好最后分析了脱墨废水的光学性能并探讨了超滤膜在脱墨废水处理方面的应用光学性能分析的结果表明脱墨废水与BKP浆混合制备浆片的方法能够较准确地得到脱墨废水中的油墨含量其中对含有水基油墨的脱墨废水在浆片制备过程中添加一定量的CPAM测试结果更准确同时对脱墨废水中的油墨粒子粒径分布进行了检测结果表明EONP脱墨废水中油墨粒子粒径整体小于LONP其粒径分布主要集中于00504μm之间而LONP脱墨废水中的粒子粒径分布范围较广大部分在0650μm之间而MONP脱墨废水中粒子的分布介于两者之间超滤膜处理脱墨废水的结果表明使用此方法对脱墨废水能够起到较好的净化处理效果最高能使COD的去除率达80以上综合处理效果与处理成本对LONP和EONP脱墨废水分别采用30K和10K相对截留分子量膜处理可取得较好的处理效果COD去除率分别达到676和751通量分别为168Lm2h和246Lm2h
2002,水基油墨稳定性、抗水性和光泽度的机理研究--《西安理工大学》,水基油墨 稳定性 抗水性 光泽度 连结料 溶剂型油墨,水基油墨简称水墨以其环保卫生经济节省能源和具有良好的印刷适性等优点在印刷行业中越来越倍受青睐然而目前国内水墨普遍存在着稳定性抗水性和光泽度差的问题严重阻碍了水墨的普及推广使用本文正是针对这一实际现状着手进行研究水墨是以水作为溶剂的这就决定了其连结料的选择只能局限在水溶性或水分散性的范围内从而导致了水墨的特性和传统的溶剂型油墨存在着较大的差异论文立足在对水墨的结构体系和使用机理的正确认识基础上针对影响水墨稳定性抗水性和光泽度的因素进行了系统的分析通过实验对水墨的最基本配方进行了研究和测试结合前面的理论分析在提高稳定性抗水性和光泽度的前提下不断调整水墨配方并对其结果进行了比较和分析实验表明水墨的分散稳定有助于提高稳定性抗水性和光泽度增稠剂能有效提高体系的黏度有助于分散温度会影响黏度对稳定性不利水墨的含水量和表面张力会对光泽度产生较大的影响胺类物质能协调体系的稳定性和抗水性乳液树脂既起到树脂的作用又充当表面活性剂的角色对提高稳定性抗水性和光泽度都十分有效
2014,环保型印刷油墨清洗剂的开发--《南京信息工程大学》,印刷 油墨清洗剂 表面活性剂 清洗力,作为印刷过程中必备环节油墨清洗剂的使用量非常大而且由其带来的经济和社会效益更是不可忽视的目前使用的清洗剂多为有机溶剂清洗效果良好成本相对也低但具有高污染性与高毒性本研究围绕清洗剂的稳定性安全性和环保性研制了两种以水代油安全性价比高的新型环保印刷油墨清洗剂本文在表面活性剂HLB理论表面张力以及溶剂溶解力等理论的基础上针对印刷设备上残留的油墨垢筛选了适宜的表面活性剂和溶剂利用正交法进行了一系列溶剂复配和单组分双组份三组分表面活性剂复配的实验研究最终获得了对油墨垢具有高效乳化和强溶解能力的多组分混合表面活性剂FA3和混合溶剂油酸异丙醇200溶剂汽油二乙二醇乙醚研究表明多组分表面活性剂以及多组分溶剂复配后产生的协同增效作用使清洗剂的清洗力明显优于单组分表面活性剂和溶剂本文研制的OW型油墨清洗剂以及水基油墨清洗剂经过配方优化并通过国家标准验证了其可靠性通过小试等研究得到了最优的工艺条件最后得出OW型微乳清洗剂的最优配方为有机溶剂油酸异丙醇200溶剂汽油和二乙二醇乙醚四者分别以31025和15复配表面活性剂F25表面活性剂A325硅酸钠05EDTA4Na05苯并三氮唑1苯甲酸钠1葡萄糖酸钠1尿素1香精05水余量水基印刷清洗剂的配方为表面活性剂FA1A3的质量百分比分别为821三乙醇胺1PAA1葡萄糖酸钠1苯并三氮唑1苯甲酸钠1尿素1氯化钠2水余量检测结果表明最终的产品对印刷油墨具有良好的溶解乳化分散和清洗效果两种产品具有较高的推广应用价值
2014,水基凹印油墨用丙烯酸酯乳液的制备及其印刷适性的研究--《大连工业大学》,水基凹印油墨 丙烯酸酯乳液 改性 印刷适性 附着牢度,作为一种新型绿色环保的印刷材料水基凹印油墨已经成为凹版印刷油墨的重要发展方向目前水基凹印油墨已广泛应用于纸基类印刷品印刷但在塑料类基材印刷品上由于附着牢度差等问题水基凹印油墨的应用和发展受到阻碍本课题立足于通过对水基凹印油墨的主要成膜物质丙烯酸酯乳液进行改性并以改性后丙烯酸酯乳液为主要原料制备能适用于塑料基材的印刷性附着性等综合性能优良的水基凹印油墨在丙烯酸酯乳液的改性研究中采用无皂半连续种子乳液聚合法以甲基丙烯酸甲酯MMA丙烯酸丁酯BA为主单体丙烯酸六氟丁酯G01为功能单体合成了具有核壳结构的丙烯酸酯乳液以单体转化率凝胶率稳定性等为主要指标考察了乳化剂2丙烯酰胺基2甲基丙烷磺酸钠盐AMPSNa引发剂过硫酸钾KPS反应温度等因素对丙烯酸酯乳液聚合反应体系的影响以附着牢度为主要指标考察了功能单体用量交联单体种类及其用量对改性后丙烯酸酯乳胶膜性能的影响实验结果表明当乳化剂用量为3引发剂用量为06功能单体用量为15交联单体GMA用量为3聚合温度为80C时改性后所得丙烯酸酯乳液的体系较为稳定其乳胶膜的附着牢度较好通过对改性后丙烯酸酯胶膜的FTIR分析可知在618cm1和690cm1处出现CF键吸收峰且在1650cm1处没有CC吸收峰说明主单体功能单体等全部单体都参与了乳液聚合通过对改性后丙烯酸酯乳液的TEM分析可知乳液乳胶粒子具有明显的核壳结构粒径在90nm左右且分布较窄在水基凹印油墨印刷适性的研究中采用正交试验法以附着牢度粘度初干性和着色力为主要指标考察了改性丙烯酸酯乳液助溶剂水溶性丙烯酸树脂颜料等因素对油墨印刷适性影响的主次因素结果表明改性丙烯酸酯乳液水溶性丙烯酸树脂对油墨附着牢度影响显著助溶剂水溶性丙烯酸树脂对油墨粘度和初干性影响显著颜料对油墨着色力影响显著综合分析确定油墨各组分的较优组合为A4B2C2D2并经重复性实验确定了油墨各组分的最佳配比为改性丙烯酸酯乳液5660助溶剂913水溶性丙烯酸树脂2225颜料炭黑912助剂34所得水基凹印油墨的颜色细度粘度着色力和附着牢度均达到GBT263942011的要求
2002,高档水基柔版油墨的研制和开发--《浙江大学》,,水基油墨由于适应环保要求降低了或消除了有机排放物并具有稳定性和低燃性质近年来已成为油墨界的开发重点本课题的研究目标是研制开发新一代的高档瓦楞纸箱水基油墨本文以黑墨为主要研制对象确立了使用碱溶性树脂液分散颜料然后使用水溶性的聚合物乳液调稀获得预期性能的水墨分散体系水墨分散的研制实验表明分散体的质量和稳定性主要有赖于体系中使用的分散树脂和颜料自身的特性及其相互作用的程度而且与分散介质的粘度有关实验证明了颜料树脂比即颜基比很大程度上影响水溶性聚合物对颜料的分散效果即其对着色力规则遮盖力的影响进一步的实验表明了具高固低粘的树脂润湿分散剂和消泡剂均可能因能降低体系的粘度从而影响分散效果通过对水墨的调稀实验研究了影响水墨最终使用性能如粘度泡沫干燥性能等的主要因素根据乳液聚合物具有高固低粘的特性并且具有如高光快干但对颜料润湿性及稳定性较差等特点我们确定了拼混使用不同聚合物的方法获得了较好的应用性能另外我们还研究了蜡分散剂和消泡剂胺化试剂等助剂类原材料对水墨制备及其性能的影响研究结果表明拼混使用不同类型的胺化试剂可有助于获得最佳的应用性能另外我们还发现合适的蜡分散体在提高水墨墨膜爽滑和耐磨性能的同时不会导致光泽的下降和稳泡作用通过对水基油墨制备配方和工艺及其影响因素的系统研究优选出水墨各组分确定了较佳的配方和制备工艺成功地研制开发出新一代高档水基柔版纸箱油墨
2018,专利文摘--《中国洗涤用品工业》,清洗剂;制备方法;体积管;CN;医疗器械;申请日;专利号;特种表面活性剂;,"一种用于金属制品表面的清洗剂的制备方法申请专利号:CN201710647796.3公开号:CN107366000A申请日:2017.08.01公开日:2017.11.21申请人:合肥择浚电气设备有限公司一种用于金属制品表面的清洗剂的制备方法包括以下制备步骤:a.将缓蚀剂和表面活性剂混合,再加入去离子水充分混合后加热并搅拌,得到材料一;b.向材料一中加入壳聚糖,"
2018,服务窗--《丝网印刷》,网版印刷;薄膜开关;,"设备转让现有双星气动曲面网印机(全新)120 mm×200 mm,低价转让,天津南开区。联系人:金先生电话:13920080883招聘信息美博瑞(香河)电子信息科技有限公司生产薄膜开关,有28年的历史。因海外客户的拓展,业务增多,现向国内外诚聘以下人员。熟悉掌握薄膜开关技术的各方面人才,包括丝印组装等;精通丝网印刷、组装、模具、数码印刷等和薄膜开关相关工序的管理人员;精通薄膜开关业务或有一定客户储备的"
2018,产业动态--《绿色包装》,包装材料;市场规模;加多宝;智能包装;,"先进水平标准规范软包行业三项团体标准讨论会在苏州成功举行2018年7月17日,三项团体标准《水基油墨凹版印刷膜》、《无溶剂复合膜、袋技术要求》、《无菌软包装复合膜、袋》讨论会于苏州国信雅都大酒店顺利召开。会议有来自江苏彩华包装集团有限公司、北京华腾新材料股份有限公司、中国出口商品包装研究所、"
2018,环氧树脂型阻尼材料对白车身NVH性能的影响研究--《企业科技与发展》,环氧树脂 阻尼 白车身NVH,"白车身上布置阻尼材料有减振降噪的作用。树脂型阻尼材料阻尼性能优于沥青阻尼材料。通过对有无环氧树脂型阻尼材料两种状态的白车身进行激振器振动传递函数的测试,结果表明环氧树脂型阻尼材料至少可降低50%的白车身振动传递函数,减振效果显著。"
2018,塔里木盆地超深致密砂岩气藏储层流体敏感性评价--《石油与天然气地质》,高温 高回压 流体敏感性 水膜 超深储层 致密砂岩 塔里木盆地,"明确储层流体敏感性及其评价方法对优选入井工作液体系和性能至关重要。超深致密砂岩气藏储层流体敏感性受矿物组成、孔喉特征及高温流体环境等因素的影响,目前行业常用的评价方法已不再适用。以塔里木盆地超深致密砂岩气藏为研究对象,提出了改进的稳态流体敏感性实验评价方法,包括实验全过程模拟地层温度、出口端预加高回压等,并选取12块具有代表性的超深致密砂岩基块样品开展了水敏、盐敏和碱敏实验评价。结果表明:储层基块水敏指数0.41~0.52,盐敏指数0.72~0.73,碱敏指数0.83~0.92。数据对比显示本方法获得的流体敏感性损害程度强于以往室温条件下获得的评价结果,与矿场数据契合度更高。分析认为改进的评价方法能更好地反映储层实际情况,降低实验误差;细微孔喉及发育的粘土矿物是产生流体敏感性的内因;高温条件增大矿物表面水膜厚度、降低有效渗流通道半径,加剧粘土矿物水化膨胀、促进地层微粒分散/运移,加速矿物溶解/沉淀是加剧超深致密砂岩储层流体敏感程度的主要机制。"
2018,新产品--《丝网印刷》,网印机;网版印刷机;毛细膜片;,"劲豹CP系列全自动滚筒式网版印刷机浙江劲豹机械有限公司推出的CP系列产品,是与德国SPS公司的技术合作,并作为SPS公司OEM产品返销欧美市场。通过与SPS的合作全面提升了技术力量,机器技术改造多达325项,改良后的机器性能稳定、耐用性大大提高。CP系列全自动滚筒式网版印刷机是高效率、高质量、高精度的全自动单张纸平台网"
2018,专利文摘--《中国洗涤用品工业》,清洗剂;CN;脂肪醇聚氧乙烯醚硫酸钠;清洁剂;申请日;专利号;椰子油脂肪酸二乙醇酰胺;,"一种泡沫除积碳清洗剂申请专利号:CN201710341605.0公开号:CN107236604A申请日:2017.05.15公开日:2017.10.10申请人:广州市酷猫企业管理有限责任公司本发明公开一种泡沫除积碳清洗剂,由氮?甲基四氢吡咯酮35%～42%、乙二醇单丁醚2%～5%、去离子水25%～30%、TERGTTOL15?S?19 9%～13%、氨水0.3%～0.7%、吗啉3%～6%、苯丙三氮唑0.1%～0.4%、苯甲酸钠0.1%～0.3%和"
2018,聚乙烯蜡添加剂对水性柔版表印光油的影响--《上海包装》,水性油墨;摩擦系数;光泽度;耐摩擦性;聚乙烯蜡;添加剂;,"水性油墨简称为水基墨,由水溶性或水分散性高分子树脂液为连接料、有机颜料、无机颜料、各类相关助剂和溶剂水及乙醇组成。水性油墨与溶剂性油墨最主要的区别在于溶剂型油墨的稀释剂以乙酸乙酯、乙酸正丙酯、正丙醇、异丙醇等有机溶剂组成,水性油墨稀释剂以纯净水(30%-50%)和乙醇组成,所以水性油墨在生产加工时有毒性低、不易燃等优点,并且在印刷作业中VOC含量远远低于溶剂型油墨。在国"
2018,T/CADBM 6-2018《墙纸》--《标准生活》,无纺纸;PVC;T/CADBM -;,"2018年1月1日《中华人民共和国标准化法》最新修订版正式实施,在""新标准化法""中明确了团体标准在我国的法律地位和重要意义,也明确了社会团体对团体标准的主导地位,这些都为促进行业健康发展,提升行业产品质量与服务打下了坚实的基础。随着物质生活水平提高,消费者不断攀升的购买力以及对健康的关注、追求,促使低质低价产品市场逐步萎缩。这是社会发展必然趋势,墙纸墙布行业也不例外。低价产品的生存空间越来越小,墙纸墙布行业亟待转型升级。"
2019,废弃塑料包装资源绿色高值化解决方案的持续创新(三)--《橡塑技术与装备》,废弃塑料包装 再生资源 绿色高值化 解决方案 研究,"提出了废弃塑料包装资源绿色高值化解决方案的持续创新的内涵,定义了“绿色高值化”;研究了终结塑料寿命周期废弃塑料包装资源绿色高值化解决方案的持续创新;研究了废弃塑料包装资源再生塑料资源绿色高值化解决方案的持续创新;探讨了废弃塑料包装资源可回收再生塑料资源的性能绿色高值化解决方案的创新驱动。持续废弃塑料包装资源的创新策略,勇攀科技高峰,实现废弃塑料资源高值化,才能获得塑料工程更大的发展空间。文中分析研究了较多的废弃塑料资源化绿色高值化的新技术、新装备、新工艺、新材料、新应用,可供参考。"
2018,基于PVA覆膜产品的制备与性能研究--《北京印刷学院》,覆膜 PVA薄膜 热熔胶 氧化淀粉粘合剂,覆膜是常用的一种印后表面加工工艺该工艺常用塑料薄膜是BOPP或BOPET等因其无法降解导致覆膜制品废弃后回收循环利用成本高而失去商业价值论文选用具有水溶性的聚乙烯醇PVA薄膜作为覆膜材料替代现有材料在废弃的覆膜制品的回收过程中不需纸塑分离塑料与纸可共同溶于水中形成纸浆可有效降低回收成本提高覆膜材料重复使用率节约资源论文制备两种覆膜制品一种是常温PVA薄膜采用预涂覆膜工艺选用乙烯醋酸乙烯酯EVA热熔胶作为覆膜胶制备PVAEVA预涂覆膜制品另一种是高温PVA薄膜采用即涂湿式覆膜工艺采用天然高分子淀粉进行改性制备氧化淀粉粘合剂再制备PVA淀粉粘合剂即涂覆膜制品对两种覆膜制品分别进行了性能检测和分析结果表明1依照国家标准GBT2793412011对常温PVA薄膜的性能进行检测其表面张力为38dyncm2雾度值为10拉伸强度为70MPa热收率纵向和横向均1满足预涂膜塑料薄膜基材的要求为增大其与EVA热熔胶的粘结力采用电晕法处理PVA薄膜后其表面张力达到42dyncm22基于正交设计试验方法以覆膜制品剥离强度为评价指标选取温度压力和速度作为3个影响因素设计L_933正交试验得到PVAEVA预涂覆膜最优工艺参数组合为覆膜温度80压力10MPacm2速度9mmin并进行验证试验覆膜制品剥离强度平均值约为425Ncm覆膜品的外观优良表面光滑整洁透明度好无起泡脱膜卷曲收缩率小稳定性高色差值小覆膜后PVA薄膜能溶于水中EVA热熔胶未能完全溶于水中3依照GBT2793412011测试了高温PVA薄膜的相关性能选用了厚度为20μm的高温PVA薄膜其表面张力为42dyncm2薄膜的雾度值为127拉伸强度为135MPa热收率纵向和横向均1满足即涂膜塑料薄膜材料的要求4基于淀粉质量分数氧化剂质量分数氢氧化钠质量分数和稳定剂的单因素试验设计了制备氧化淀粉粘合剂的L_934正交试验得到淀粉粘合剂的最优配方和配比即淀粉质量分数为30氧化剂质量分数为12氢氧化钠质量分数为8稳定剂为PVP并进行验证试验得到淀粉粘合剂的固含量为291覆膜品剥离强度平均值为198Ncm覆膜品的各项性能良好覆膜后PVA薄膜和淀粉粘合剂能完全溶于水中论文创新点是制备了氧化淀粉粘合剂基于正交设计试验方法得到了制备粘合剂的的最佳配比采用PVA薄膜进行即涂湿式覆膜覆膜制品能够完全溶于水中可以解决现有覆膜制品不可回收再利用的问题
2018,湖北省印刷行业挥发性有机物排放标准基础研究--《湖北大学》,印刷行业 挥发性有机物 污染控制因子 排放限值 标准,以湖北省印刷行业VOCs排放为研究对象以制定印刷行业VOCs排放标准为目标通过现场调研和资料收集获得了湖北省印刷行业主要生产工艺产业规模排放环节和VOCs排放水平采用类比分析现场监测模型计算等方法确定了VOCs排放标准控制因子和排放限值提出了印刷行业VOCs控制措施本研究为湖北省印刷行业挥发性有机物排放标准的制定提供技术支撑对促进印刷行业VOCs源头控制提高行业整体治理水平具有重要现实意义1截至2016年底全省印刷企业总量为2801家不含复印影印打字单位从业人员7万多人使用化学原材料包括油墨润版液清洗剂上光油胶黏剂有机溶剂等产生的VOCs包括苯甲苯二甲苯乙酸乙酯丁醇丙烯酸类甲醇乙醇异丙醇丁醇丙醇丙酮丁酮乙酸丁酯等2016年全省印刷行业工业总产值约42699亿元2从VOCs排放情况看全省平版和柔版出版物印刷企业生产过程中VOCs排放水平较低产生量在10014614吨年之间对应的原材料用量在68834566吨年之间纸质和塑料软包装印刷企业VOCs排放较为严重产生量在6319119133吨年之间对应的原材料用量在10932161623吨年之间从VOCs治理情况看采取污染治理措施的印刷企业占少数主要是大型企业技术措施主要是吸附处理和燃烧处理装置其他企业VOCs多以无组织形式排放湖北省VOCs治理还有待完善和提高3VOCs污染控制因子的确定是标准制定的关键环节之一为此开展了VOCs特征污染物排放量毒性对03的贡献等比较分析从排放量看湖北省印刷行业苯系溶剂使用量较大此外异丙醇乙酸乙酯乙酸正丙酯乙酸丁酯也是使用较为普遍的有机溶剂从原材料毒性看苯系物毒性最大其次是异丙醇乙酸乙酯等从对O3的贡献看苯系物的MIR值最大其次是乙酸乙酯和乙醇同时应用5家典型企业监测数据开展健康风险评价结果表明苯有两家企业的风险值均超过了最大可接受值50106对于甲苯三家检出企业的风险值都接近且较低二甲苯有一家企业超过最大可接受值综合上述因素确定苯甲苯二甲苯为VOCs单项污染控制因子非甲烷总烃为VOCs综合污染控制因子4为确定标准制定中VOCs污染控制因子排放限值开展了多介质环境目标值计算采用阈限值和LD50二种计算办法按照从严取值的思路苯甲苯二甲苯AMEGAH计算结果分别为003805350460mgm3DMEGAH计算结果分别为161881935mgm3该结果为下一步VOCs污染控制因子排放限值的确定提供了参考5依据湖北省印刷行业现状调查和典型企业监测数据参考多介质环境目标值计算结果类比其他省市相关标准确定湖北省印刷行业VOCs排放标准限值其结果为①印刷油墨VOCs含量限值平版印刷油墨中单张纸冷固油墨3热固轮转油墨10印铁油墨40水基凸印油墨10溶剂基凸印油墨30水基凹印油墨30溶剂基凹印油墨50②有组织排放排气筒最高允许排放浓度苯05mgm3甲苯3mgm3二甲苯10mgm3非甲烷总烃50mgm3排气筒最高允许排放速率苯01kgh甲苯03kgh二甲苯05kgh非甲烷总烃15kgh③无组织排放厂界监控点最高允许排放浓度苯01mgm3甲苯04mgm3二甲苯02mgm3非甲烷总烃20mgm36湖北省印刷行业应从源头过程末端综合4个方面加强VOCs污染控制提高行业整体治理水平标准的实施可有效推动企业逐渐淘汰高VOCs含量的油墨等原辅材料的使用在现有排放水平上大幅度降低VOCs排放浓度间接促进大气中PM25和O3浓度的降低标准的实施对改善湖北省大气环境质量具有显著作用生态环境效益十分明显
2018,银纳米粒子的制备与导电墨水应用研究--《大连理工大学》,银纳米粒子 直流电弧等离子体法 表面改性 导电墨水,金属纳米导电材料是现代电子工业中新型的一类导电材料广泛应用于印刷电子线路板电磁屏蔽材料以及太阳能电池等领域其中纳米金银铜材料的应用最为广泛金由于成本极高只能在部分特殊领域中使用铜的成本相对不高但在空气中会产生氧化致使导电性明显下降目前最为广泛应用的为银纳米材料常用的制备方法为化学法即通过多步化学还原反应制备出尺寸小粒径均匀的银粒子但利用化学法制备不仅需要使用大量化学试剂原料利用率低并且在制备过程中为了防止粒子的自身团聚需要额外添加保护剂从而使得产物不纯净同时粒子的生产速率较低实验室规模的粒子制备中制备一次纳米粉末可能需要数小时的时间这样的生产速率难以满足大范围的实际应用需要因而探究新的制备方法以满足银纳米粒子的量产需求并探究所制备的银纳米粒子的导电性能及其具体的工程应用具有重要的研究价值和实际意义本文通过采用直流电弧等离子体法在多种条件下制备纯净的纳米银粒子并利用多种手段表征其本征物理性能挑选出适合具体应用的银粒子并对其改性处理最终将其配制为具有优良电学性能的导电墨水从而探究其导电性能具体实验内容如下一利用直流电弧等离子体法以块体银为原料控制气氛气压及电流等参数设计正交实验制备银纳米粒子通过XRDTEM电阻率测试等手段表征分析银粒子的粒径堆积密度生产速率以及电学性能等特征实验表明通过等离子体法制备的银纳米粒子生产速率高并且产物纯净无污染分散性较好而且可以制备熔点低堆积密度高电阻率低的银粒子使其可以应用于具体应用二通过上述实验结果选取适合工程应用的银纳米粒子采用非离子型表面活性剂对银粒子进行表面处理以改善其分散稳定性利用Zeta电位测试粒子粒径分布测试静置固含量测定等手段表征改性后的银粒子在分散液中的分散性能实验结果表明经聚乙烯吡咯烷酮PVP改性后的银纳米粒子的分散性能最好银粒子分散液的分散稳定性得到明显改善利用XRDTEM及FTIR等分析手段分析表征了改性剂与银粒子间形成了有效的键结合三以上述实验结果为基础以去离子水乙醇乙二醇混合溶液为分散相以改性后的银粒子为导电相添加适量辅助试剂通过控制各成分的含量配制出具有综合性能的银纳米导电墨水通过粘度测试TGA分析表征墨水的物理特性随后将墨水在柔性基底上划线涂膜控制烧结工艺来固化烧结最后利用四探针电阻仪测定烧结样品的电阻值从而探究自制银粒子在导电墨水应用中的导电性实验结果表明通过控制银粒子含量分散液与辅助剂的含量与种类可以配制黏度合适的墨水并控制后期的烧结工艺以及成分含量可以使烧结样品具有优异的导电性能
2018,中性墨水稳定性和流变性影响因素研究--《太原理工大学》,中性墨水 炭黑色浆 表面活性剂HLB值 分散性 稳定性 流变性 碱溶胀缔合型增稠剂 竞争吸附,近年来我国书写笔的产量稳居世界第一俨然成为了一个制笔大国但碍于国产中性墨水的研发技术尚不成熟高端墨水多依赖进口仍非制笔强国因此加强对中性墨水技术研发自主创新完成优质墨水国产化对实现制笔强国梦意义重大本文首先对中性墨水的起源性能特点组成成分制备工艺书写机理以及研究进展进行了综述随后指出了中性墨水现阶段研发需要突破的瓶颈提高炭黑色浆的分散稳定性能优化中性墨水的流变性能和稳定性能并分析阐明中性墨水的流变调节机理和分散稳定机理用于完善相关的机理缺失炭黑色浆的分散稳定性直接影响中性墨水的综合性能考察了表面活性剂的亲水疏水平衡值HLB及添加量对色浆中炭黑润湿分散及稳定性的影响借助等效润湿接触角法润湿热法分散函数稳定函数法和理想化模型法等对色浆体系稳定性进行了评价并对稳定机理进行了分析结果表明无论是引入单一型表面活性剂还是复配型表面活性剂只有当体系的HLB值与炭黑的HLB值接近时才能达到良好的润湿分散与稳定效果复配表面活性剂对炭黑分散效果优于单一型表面活性剂阴离子与非离子表面活性剂复配的分散效果明显优于非离子与非离子表面活性剂复配添加50wt表面活性剂时体系分散稳定性最佳基于吸附层理论与结合力理论较好地解释了表面活性剂存在最佳HLB值和添加量的原因中性墨水流变调节主要依靠添加功能助剂完成合适的流变参数对提高墨水的书写性能意义重大研究了增稠剂炭黑表面活性剂相互作用与中性墨水流变性的关系通过借助旋转流变仪对墨水流变性进行表征结果表明随着增稠剂含量的增加墨水的黏度触变性和屈服应力均增大增稠剂含量过高或者过低均不利于墨水流变调节添加单一增稠剂TT615或TT935时墨水较难得到合适的触变性两者复配时有利于墨水合适的触变性的调节随着炭黑含量的增加其会加强增稠剂的增稠作用墨水的黏度触变性和屈服应力均增大随着表面活性剂含量增加其会与增稠剂产生竞争吸附破坏体系网络结构使得墨水黏度触变性和屈服应力均减小在增稠剂TT61508质量分数TT93506炭黑75表面活性剂OP10HLB14515时可以得到与国际先进的韩国友爱墨水相当的流变性和着色度掌握表面活性剂对中性墨水流变调节的规律对优化流变数据作用很大研究了不同HLB值表面活性剂单一或复配对流变参数的调节能力对比以及对中性墨水的稳定性影响结果表明添加单一或复配型表面活性剂当体系HLB值相同时流变调节能力相当当表面活性剂HLB值的增加表面活性剂的综合流变调节能力逐渐减弱添加复配表面活性剂比添加单一表面活性剂对中性墨水稳定性好此外阴离子与非离子表面活性剂复配其稳定效果明显优于非离子与非离子表面活性剂复配表面活性剂HLB值对中性墨水的稳定性影响与对炭黑色浆稳定性影响有较好的吻合性当增稠剂和炭黑添加量不变时加入表面活性剂AXHLB14515可以获得合适的流变性和较高的稳定性温度和pH值是影响中性墨水流变性能和稳定性能的重要因素研究了温度和pH值对中性墨水的黏度屈服应力触变指数稠度系数流动指数的影响以及对中性墨水稳定性耐温性的影响结果表明温度的变化并不会改变中性墨水假塑性流体的特性在相同剪切速率的条件下温度升高表观黏度和剪切应力相应降低温度与中性墨水稠度系数的关系可以用Arrhenius阿伦尼乌斯方程模型KAexpEaRT进行拟合温度与流动指数的关系可以用二次多项式模型进行拟合低温有利于墨水的稳定自制中性墨水的耐温性能介于韩国友爱墨水与市售墨水之间pH值对墨水的表观黏度产生微弱影响在pH值89墨水的表观黏度相对较高但对其他流变数据的影响规律性不强在pH值过低或过高都不利于墨水的稳定在pH值89之间有相对较好的稳定性本文对表面活性剂的HLB值和炭黑HLB值进行关联通过考察添加单一或复配表面活性剂下色浆的稳定性从而确定表面活性剂最佳HLB值和添加量同时研究了增稠剂表面活性剂炭黑之间的相互作用对流变的影响确定了三者的最佳添加量和复配方式而后研究了不同HLB值的表面活性剂单一或复配的流变调节能力和对墨水稳定性影响确定了表面活性剂的最佳复配方式最后研究了温度和pH值对墨水流变性能的影响提高了墨水的耐候性耐久性本文的研究发现为制备优质的国产中性墨水奠定良好的实践和理论基础推进我国实现制笔强国的进程
2018,计及应力偶与表面形貌效应的磁流体轴承润滑性能研究--《太原理工大学》,磁流体轴承 有限差分法 应力偶效应 高斯粗糙面 润滑性能,磁流体轴承是一种以磁流体作为润滑介质的新型轴承技术由于其具有良好的自密封性可控性及回转精度高振动噪声小等优异性能被广泛应用于高速列车曳引电机等领域磁流体轴承润滑特性规律是其设计研发的重要理论依据然而国内外大量研究工作主要集中于单一效应的影响为了更加准确预测多重影响效应下磁流体轴承的润滑性能本文综合考虑润滑介质自身流变特性及磁流体轴承摩擦界面的微观形貌对其润滑性能展开深入研究为磁流体轴承的设计研发及工程应用提供了重要的指导和参考首先以水基A01磁流体作为润滑剂结合流体动压润滑理论及磁流体动力学方程推导出广义磁流体润滑Reynolds方程基于有限差分法对雷诺方程和膜厚方程耦合求解为验证数值结果的准确性通过CFD方法对其磁流体域仿真模拟通过两种方法的数值对比结果表明正压区及空化区边界分布形态较明显沿中截面λ0具有对称性磁力系数增大使各点压力水平增强并且空化破裂初始点右移空穴边界轮廓逐渐缩小两种结果具有较好的一致性表明数值方法的可行性及理论模型的正确性其次以牛顿磁流体润滑理论为基础基于Stokes微连续理论推导出引入应力偶效应的非牛顿磁流体润滑数学模型进而详细探讨应力偶磁流体的润滑行为对轴承性能的影响规律并与牛顿磁流体结果进行比较结果表明应力偶参数越大压力和承载力提升越明显磁力系数对压力承载力及偏位角的影响效果也越显著应力偶参数和磁力系数增加能够降低摩擦系数同时端泄流量随偏心率变化呈现先上升后下降的趋势但整体相对变化幅度较小最后基于蒙特卡罗方法模拟生成高斯型粗糙表面并与扫描电子显微镜下的真实加工表面形貌图比较然后结合Christensen随机粗糙原理推导出随机广义的非牛顿动载Reynolds方程对比研究横向和纵向粗糙纹理特征下不同应力偶参数动力参数以及磁力系数等对其润滑状态的影响规律研究表明模拟的各向异性表面与实际加工表面具有相似的纹理特征相比于光滑表面当宽径比较小时纵向粗糙纹理能够提升整体压力水平而横向粗糙纹理则削弱压力反之影响趋势反转动力参数增加时两种粗糙纹理对压力的影响程度几乎相同应力偶参数和磁力系数越大偏位角及摩擦系数有所减小无量纲承载力随宽径比变化的分界点右移其相对变化幅度也越显著
2018,非反应型和反应型喷墨3D打印及彩色化探索--《广东工业大学》,喷墨3D打印 彩色器件 聚脲体系 聚苯乙烯,3D快速成型被誉为是引起第三次产业革命的核心技术该技术发展迅速已发展成多种不同原理的成型技术而基于油墨喷射的3D喷墨打印技术是其中最具有生命力的技术它是由计算机发出指令控制普通的喷墨打印头在铺好的平整的树脂粉末表面选择性的在所需的部位打印上一层墨水使树脂颗粒按指令粘结在一起然后再铺上一层粉末再打印一层多层累加得到具有一定强度的三维实体器件这种技术具有速度快成本低彩色调控容易无需支撑环境友好等优点材料是快速成型技术的核心目前关于3D喷墨打印材料的报道不多主要局限在于石膏基淀粉基材料本文提出了溶剂型3D喷墨打印体系和反应型3D喷墨打印体系的概念创造性的开发出了聚苯乙烯基体系3D喷墨打印材料和聚脲体系3D喷墨打印材料并对其打印器件进行了性能的探究利用其色彩的准确性及可调控性通过添加彩色墨水根据色彩叠加原理制备出了各种彩色打印器件针对开发聚苯乙烯基3D喷墨打印材料体系通过设计一系列的实验选取合适的溶剂观察成型效果添加助剂调节粘度表面张力pH等墨水的性质最终得到较好的墨水配方丙酮质量分数为6066乙醇质量分数为2230丙三醇质量分数为413为了提高粉末的铺粉性能及其打印器件的性能将聚苯乙烯粉碎粉进行了微球化处理使粉末的堆积密度由0461gcm3提高到0633gcm3堆积角由45112降到31306粉末的空隙率减小流动性明显提高制作的打印器件拉伸强度由93MPa提高到113MPa为了进一步改善粉末性能及其器件的性能分别研究了添加纳米二氧化硅和SBS粉末对材料的影响同时也探讨了3D喷墨打印成型与常规的熔融成型制品在改性上的差异针对开发聚脲体系3D喷墨打印材料体系设计一系列的实验选取聚脲A组分为铺粉粉末B组分为打印墨水用纳米二氧化硅改善粉末的分散性用丙酮作为稀释剂调节B组分粘度表面张力等得到符合3D喷墨打印较好的墨水配方D230质量分数为5055D2000质量分数为2025丙酮质量分数为2030T5000质量分数为0108纳米二氧化硅的质量分数为115其制作的器件拉伸强度达到26MPa彩色制作是3D快速成型技术的一大难题而彩色容易调控是3D喷墨打印的一大优势本文利用了3D喷墨打印的原理优势在聚苯乙烯体系和聚脲体系配方基础上通过墨水的浓度变化色彩的叠加等制作出了各种彩色器件聚苯乙烯的彩色器件拉伸强度达到103MPa聚脲体系的彩色器件拉伸强度达到23MPa
2013,阴非离子型Gemini表面活性剂合成及性能研究--《东北石油大学》,阴-非离子型Gemini表面活性剂 合成 性能,以马来酸酐脂肪醇聚氧乙烯醚AEO3AEO5AEO712乙二醇13丙二醇14丁二醇亚硫酸氢钠为原料以自制的碳基固体酸为催化剂合成了系列阴非离子型Gemini表面活性剂并对各反应条件进行优化利用红外光谱1HNMR等分析手段对各中间产物及目标产物进行结构表征结果表明与目标产物相符表面性能研究结果表明9种阴非离子型Gemini表面活性剂在水溶液中胶束化过程是一个自发过程主要来自熵驱动温度升高不利于胶束化进行且熵变对吉布斯自由能变的贡献有下降趋势焓变的贡献也有增大趋势在水溶液中胶束化存在焓熵补偿现象补偿温度Tc均在3072K范围基本不随阴非离子型Gemini表面活性剂的分子结构的改变而变化随着Spacer或EO的增加形成胶束的能力与稳定性均提高随着温度升高形成胶束的能力与稳定性均下降Logcmc与Spacerlength呈现出了很好的线性关系界面性能研究结果表明9种阴非离子型Gemini表面活性剂的最小烷烃碳数nmin分别为ANG3Ⅳ3ANG5Ⅳ5ANG7Ⅳ7的nmin分别为101313ANG3Ⅲ3ANG5Ⅲ5ANG7Ⅲ7的nmin分别为111213ANG3Ⅱ3ANG5Ⅱ5ANG7Ⅱ7的nmin分别为101111与大庆采油一厂原油的45下油水界面张力结果表明部分ANG5X5ANG7X7可以使大庆油水达到超低界面张力103mNm与烷基苯磺酸盐复配体系界面性能结果表明在ANG7Ⅳ7与C168MXS的复配比为2131时两者具有很好的复配作用能够使大庆油水达到超低界面张力数量级103mNm而在复配比为4151时复配体系能够使油水界面张力达到104mNm数量级泡沫性能研究结果表明9种阴非离子型Gemini表面活性剂起泡性能随着乙氧基EO结构单元增加起泡性能逐渐增加t12随着乙氧基EO结构单元增加逐渐增大随着联接基链长的增加其起泡性能逐渐增大t12随着联接基链长的增加而增加随着盐浓度增加起泡性能先增加后降低分别存在一个最佳盐浓度NaCl最佳浓度为2CaCl_2最佳浓度为1gLt12随着浓度增加先增加后降低随着温度增加其起泡性能先增加后减小在50时达到最大t12随着温度升高逐渐降低随着醇浓度增加其起泡性能先增加后降低并存在一个最佳醇浓度乙醇为4mL100mL异丙醇为3mL100mL正丁醇为1mL100mLt12随着醇浓度增加先增加后降低乳化性能研究结果表明9种阴非离子型Gemini表面活性剂随疏水基及联接基碳数的增加乳化性能变好随着ANG7Ⅳ7与烷基苯磺酸盐C168MXS的复配比增大其乳化性能先增强后降低在复配比为31时达到最大考察了盐浓度对乳化性能的影响结果表明随着氯化钠浓度增加其乳化性能先小幅增加后逐渐降低在氯化钠浓度为2时其乳化性能达到最大考察了碱及碱浓度对乳化性能的影响结果表明随着NaOHNa_2CO_3浓度增加乳状液稳定性先增加后降低在NaOHNa_2CO_3浓度分别为2和3时乳化性能达到最大继续增加盐浓度乳状液稳定性变差增溶性能研究结果表明9种阴非离子型Gemini表面活性剂的增溶能力受增溶物的极性及结构影响显著对苯液体石蜡及正辛醇的增溶能力大小为苯液体石蜡和正辛醇随着联结基碳数增加其对苯的增溶能力先降低后升高在联结基为13丙二醇时增溶能力最差吸附性能研究结果表明9种阴非离子型Gemini表面活性剂吸附量与温度之间关系结果表明吸附量随温度的升高逐渐减小考察加入盐浓度对油砂表面吸附量的影响结果表明随着盐浓度增加其吸附量逐渐增加加入Na2SO4的吸附量先增大后趋于平稳总体吸附量要高于NaCl在盐浓度为1gL时达到平稳考察碱浓度对吸附性能的影响结果表明表面活性剂ANG7Ⅳ7的浓度增加其在油砂表面吸附量逐渐增大在活性剂浓度为2gL时达到最大继续增大浓度吸附量不再增加钙皂分散能力研究结果表明9种阴非离子型Gemini表面活性剂的钙皂分散指数远小于传统表面活性剂SDBS这说明其具有较好的钙皂分散力钙皂分散性能随该系列表面活性剂联结基碳数的增大而变好随着联结基碳数增加其钙皂分散能力变好驱油性能研究结果表明9种阴非离子型Gemini表面活性剂驱岩心驱替实验表明阴非离子型Gemini表面活性剂可在水驱基础上提高原油采收率5左右随着氧乙烯结构单元的增加其表面活性剂驱提高原油采收率也越明显对于相同氧乙烯结构单元的阴非离子型Gemini表面活性剂随着联结基碳数增加其表面活性剂驱提高原油采收率也越明显三元驱岩心驱替实验表明无论ANG7Ⅳ7弱碱或强碱三元复合驱体系平均提高原油采收率均在20左右与目前用驱油用的烷基苯磺酸盐相当与烷基苯磺酸盐复配使用也具有较好的驱油效率
2005,水性紫外光固化聚氨酯丙烯酸酯--《浙江大学》,水性光固化涂料 聚氨酯丙烯酸酯 流变 相反转 微凝胶,本文以水性紫外光UltrayioletUV固化聚氨酯丙烯酸酯为研究对象针对水溶性和水乳液型聚氨酯丙烯酸酯制备及应用中的若干问题进行了深入的研究并结合树脂的特殊结构创新性地将其应用于乳液聚合微凝胶中为了研究高固含低粘度的UV固化聚氨酯丙烯酸酯水溶液设计了四种高羧基含量的树脂并根据分子结构确定了合成路线合成和表征了各自的分子结构树脂考察了其在水中的溶解性得到两种水溶性优良的且具有UV活性的聚氨酯丙烯酸酯预聚物TDG和IDG揭示羧酸含量不是聚合物获得优异水溶性的充分条件通过对TDG和IDG水溶液流变行为的研究发现其在浓度55以下粘度都较低且增长缓慢呈牛顿流体是一种高固含低粘度的水溶液深入研究了溶剂用量对自乳化型聚氨酯丙烯酸酯的乳液相反转过程和乳液最终性能的影响对相反转过程中的体系流变行为和电导率进行跟踪监测发现一定量的溶剂丙酮可以大大降低乳液相反转过程的粘度然而过量的溶剂会破坏乳液的稳定性溶剂用量存在一个使乳液稳定的临界值利用三角形相图和FC两维相图对这一现象进行解释同时研究了羧基含量对乳液相反转的影响找到了使乳液稳定的羧基含量最低值由于相反转受热力学和动力学双重因素的控制搅拌转速对乳液稳定性亦有影响通过对相反转过程的研究得到了粒径均匀贮存稳定的UV固化乳液粒径可从20nm变化至130nm首次用乳液型聚氨酯丙烯酸酯在无外加乳化剂和交联剂的情况下制得微凝胶同时将其做为稳定剂和交联剂与甲基丙烯酸甲酯单体共聚合成复合型微凝胶用GPC考察分子量的变化规律得到微凝胶的合成动力学曲线微凝胶动态流变行为的研究表明其内部交联结构已经生成测量了损耗角正切和复数粘度随频率的变化发现其变化趋势与微凝胶的结构有密切关系所有合成的微凝胶在四氢呋喃中都表现出极高的粘度和强烈的剪切变稀行为对微凝胶溶胀行为的研究表明微凝胶的溶胀与聚合物组成和交联密度有关研究发现做为一种软质微凝胶聚氨酯微凝胶与硬质微凝胶有明显的不同它具有在室温下成膜的能力
2010,紫外光固化水性环氧丙烯酸树脂的合成与表征--《华南理工大学》,水性树脂 紫外光固化树脂 环氧丙烯酸树脂 有机硅改性,随科技发展及顺应当今人们对环保和能源的要求涂料向水性化辐射固化高固体分方向发展已成为涂料界的共识水性光固化体系因其具有无污染无毒无刺激性和安全生产等优点引起国内外广泛关注双酚A型环氧丙烯酸树酯其分子链上的羟基赋予树脂良好的极性促使其对极性和金属材料表面有良好的粘附力和对颜料的润湿性优良并且环氧树脂聚合物链含有稳定的CC键和醚键使得它耐化学药品性优良分子主链上的苯环赋予树脂较高的刚性强度和热稳定性乙烯基可在过氧化物类引发剂或者紫外光照射下发生聚合反应形成一个不溶不熔具有空间网状结构相对分子量很大的聚合物这些优异性能使得双酚A型环氧丙烯酸树酯成为一类较为广泛应用的光敏预聚物本文以开发绿色环保涂料为研究对象利用双酚A型环氧树脂与丙烯酸进行开环酯化反应将CC双键接入分子链再利用马来酸酐对树脂进一步酯化改性在分子链上引入亲水性基团最后经碱中和制得了光固化水性环氧丙烯酸树脂同时针对产品粘度大脆性高柔韧性不好等缺点还采用一系列环氧稀释剂对其降粘增韧改性最后将有机硅助剂与有机碱复配制成中和剂对树脂进行中和改性从而在分子中引入有机硅结构成功制备了经有机硅改性的高固含低粘度可UV固化的水性环氧丙烯酸树脂论文的主要研究内容及成果如下第一利用双酚A型环氧树脂与丙烯酸进行环氧开环酯化反应合成了环氧丙烯酸树脂EA用EA和顺酐反应合成了水性的环氧丙烯酸酯树脂EB经有机碱中和制备得到可UV固化的水性环氧丙烯酸树脂研究了合成树脂的实验配方及合成工艺讨论了反应温度对合成反应的影响研究了环氧树脂与丙烯酸反应的动力学方程研究了不同种类和用量的催化剂对合成反应的影响研究了不同的阻聚剂对合成反应及树脂储存稳定性的影响利用FTIR对树脂结构进行了分析第二针对环氧丙烯酸树脂粘度大脆性高柔韧性差等特点试验选用一系列环氧稀释剂乙二醇缩水甘油醚JX021二乙二醇缩水甘油醚JX023己二醇缩水甘油醚JX025聚乙二醇二缩水甘油醚PEGGE400聚丙二醇二缩水甘油醚D1217三羟甲基丙烷三缩水甘油醚JX032部分取代环氧树脂引入具有低模量的软链段提高分子活动性以达到对其降粘增韧改性的目的环氧稀释剂的加入大幅度降低了树脂的本体粘度其中JX025和D1217PEGGE400的降粘效果较好PEGGE400最佳在与环氧树脂以12的比例复配时体系降粘率可达98以上讨论了各类稀释剂的降粘效果以及其对树脂性能的影响讨论了各类中和剂光引发剂活性单体对树脂水溶性耐水性力学性能的影响第三为提高树脂机械性能耐水性及耐候性等实验采用低分子量碱性端氨基硅油对树脂进行中和改性利用低分子量端氨基硅油与有机碱复配制备中和剂对含羧基的光敏环氧丙烯酸树脂进行中和从而在树脂中引入有机硅考察了不同种类不同用量的有机硅助剂对树脂亲水性耐水性及力学性能的影响利用FTIR研究了不同光固化时间对树脂双键转化率的影响和有机硅引入前后树脂的结构变化利用TG考察了固化膜的热性能测试表征表明有机硅的引入固化膜的综合性能得到明显改善尤其是耐水性和热稳定性都得到显著提高有机硅的加入量在05时固化膜的铅笔硬度在5H附着力在12级柔韧性为6mm冲击强度43cm在水中浸泡一周无明显变化提高了一倍
2006,新型水性油墨的研究--《西安理工大学》,水性油墨 稳定性 抗水性 光泽度 黏度 pH值,水性油墨简称水墨作为一种新型的绿色印刷包装材料以其环保卫生安全经济和具有良好的印刷适性等优点特别适用于食品饮料药品等产品的包装印刷但是目前国产水墨存在稳定性抗水性光泽度差以及附着牢度不高等问题严重阻碍水墨在包装印刷行业的发展和推广应用同时水墨在挥发干燥过程中随着液氨的挥发油墨固化成墨膜但是氨的刺激性气味大不利于印刷操作环境的改善和印刷工人的身体健康本文主要针对这一实际现状着手进行研究论文立足于对水墨的结构体系和使用机理的正确认识基础上系统的分析了水墨稳定性抗水性光泽度的各项影响因素根据基础配方实验和各项性能测试结果以前面的理论分析为指导在以提高水墨的稳定性抗水性光泽度的前提下改变配方反复实验同时利用无味胺AMP95替代一部分氨水最终找到合适的工艺和配方参数来配制水墨使得水墨的稳定性抗水性干燥速度以及附着牢度方面有了很大改进同时极大的提高了水墨体系pH值和黏度的稳定性并且得到了低气味的水墨最后探讨了AMP95对水墨体系pH值及黏度稳定性的影响水墨墨层厚度和含水量对光泽度的影响偶联剂对水墨性能的影响
2004,稀土（铕、铽）荧光配合物及其荧光防伪油墨的制备、荧光性能研究--《中南大学》,稀土配合物 掺杂 原位法合成 荧光防伪油墨 荧光猝灭,稀土有机配合物发光是无机发光与有机发光生物发光的交叉学科有着重要的理论研究意义和实际应用价值稀土离子具有丰富的能级和4f跃迁特性使稀土离子成为一个巨大的发光宝库为高新技术提供了许多性能优越的发光材料和激光材料本文研究的铕铽荧光配合物是指能够吸收辐射能产生光致发光的稀土有机配合物涉及的第一配体主要为相对廉价的苯甲酸系列发光强度较高的β二酮类并采用掺杂廉价的稀土离子的手段提高发光强度和降低成本在此基础上利用原位法合成技术在双酚A环氧丙烯酸酯EA基质中制备了相应的具有良好分散性的荧光剂并成功的应用于光固化荧光防伪油墨中制备了环保型的光固化荧光防伪油墨最后对荧光猝灭效应及机理进行了研究因此本文的主要研究工作包括如下几个方面1以均相沉淀法合成了铕红色荧光配合物和铽绿色荧光配合物对其荧光性能进行了研究1合成了铕苯甲酸邻菲咯啉铕噻吩甲酰三氟丙酮邻菲咯啉三元配合物和铕噻吩甲酰三氟丙酮丙烯酸或磺基水杨酸邻菲咯啉四元混配配合物利用红外光谱元素分析荧光光谱及差热热重谱对配合物进行了表征荧光光谱表明上述铕红色荧光配合物的荧光强度由强到弱的顺序如下EuTTA_3PhenTTA噻吩甲酰三氟丙酮Phen邻菲咯啉EuAATTA_2PhenAA丙烯酸EuBA_3PhenBA苯甲酸EuAA_2TTAPhenEuTTASsalPhenSsal磺基水杨酸其中EuAA_xTTA_3xPhen及EuTTASsalPhen四元配合物体系的合成和荧光性能的研究尚未见文献报道2合成了铽均苯四甲酸和偏三苯甲酸铽对氨基苯甲酸和TbPMDMBAPMDMBA均苯四甲酸改性双酚A环氧丙酸酯配合物利用红外光谱元素分析荧光光谱及差热热重谱对配合物进行了表征上述铽绿色荧光配合物的荧光强度由强到弱的顺序如下TboA_3oA邻氨基苯甲酸TbPMA_34PMA均苯四甲酸Tb_2Ssal_3TbpApA对氨基苯甲酸TbTMATMA偏三苯甲酸TbPMDMBA其中TbPMDMBA的合成和荧光性能的研究尚未见文献报道该配合物表现为强的铽离子的荧光发射
2014,水溶性丙烯酸涂料的合成研究--《武汉工程大学》,水溶性涂料 丙烯酸树脂 六甲氧甲基三聚氰胺 溶液聚合 超细SiO2,丙烯酸树脂具有较好光泽度耐候性耐化学品性等且生产安全价格便宜然而传统的丙烯酸树脂中有机溶剂的挥发会对环境造成污染与有机溶剂型树脂相比水性树脂具有廉价安全节能和无公害等特点而由水溶性丙烯酸树脂制得的清漆具有无毒无味耐酸碱阻燃光泽度高附着力好不掉色耐候性好和耐化学品性好等特点是一种低挥发性有机化合物VOC的绿色环保型产品但水溶性丙烯酸树脂也存在一些缺点主要表现在树脂成膜干燥后热黏冷脆抗回黏性差耐热性不佳以及硬度不够等针对这些问题本课题采用自由基溶液聚合法合成水溶性丙烯酸树脂首先对水溶性丙烯酸树脂涂料配方进行优化并通过自制的六甲氧甲基三聚氰胺HMMM作为交联剂对水溶性丙烯酸树脂进行固化交联提高其耐热性等指标之后用KH550改性后的SiO2对水溶性丙烯酸涂料进行改性从而提高漆膜硬度最后对水溶性丙烯酸涂料性能进行测试表征本课题主要研究内容如下1合成水溶性丙烯酸树脂实验研究将甲基丙烯酸甲酯MMA丙烯酸丁酯BA甲基丙烯酸β羟乙酯HEMA和丙烯酸AA作为主要原料单体偶氮二异丁腈AIBN作为引发剂选取单一变量进行重复实验得到了不同的试样通过对树脂黏度及涂膜后试样进行相关性能测试从而得到较理想的配方实验结果表明在其他条件不变的情况下以正丁醇异丙醇作混合溶剂反应温度为95MMA用量为48mLAA用量为30mLBA用量为120mLHEMA用量为40mLAIBN用量为045g中和度为85时能得到综合性能最佳的水溶性丙烯酸树脂合成水溶性丙烯酸树脂的红外分析表明1643cm1处碳碳双键伸缩振动吸收峰及990cm1处的不饱和CH面外弯曲振动吸收峰消失说明碳碳双键已经聚合合成产物为丙烯酸丁酯甲基丙烯酸甲酯丙烯酸β羟乙酯丙烯酸组成的共聚物2合成HMMM交联剂并将其与水溶性丙烯酸树脂进行交联固化实验研究将甲醛与三聚氰胺按不同配比反应温度等进行实验通过观察三聚氰胺的溶解时间析出结晶时间及测定游离甲醛含量羟甲基含量等选出能耗最小游离甲醛含量最低的组别作为交联剂使用对水溶性丙烯酸树脂进行交联固化研究了交联剂用量固化温度固化时间等因素对树脂性能的影响研究结果表明加入18vol28vol交联剂选用150烘烤1015min所得漆膜综合性能较好利用红外光谱对固化前后水溶性丙烯酸树脂涂料进行表征结果表明涂料成膜固化后3415cm1处的OH基团伸缩振动特征吸收峰明显减弱说明大量的羟基和羧基参与固化反应3水溶性丙烯酸涂料的改性研究用KH550改性后的超细SiO2与最佳条件下制备的水溶性丙烯酸涂料进行物理共混然后对所制备的超细SiO2改性水溶性丙烯酸涂料性能进行测试探讨了改性前后超细SiO2对水溶性丙烯酸涂料性能的影响改性后超细SiO2加入水溶性丙烯酸涂料中的最佳用量为3wt最后用漆膜扫描电镜SEM对改性前后的SiO2水溶性丙烯酸涂料进行表征结果表明经过KH550改性的SiO2在涂膜中的分散性相比于未改性的原料二氧化硅有一定的改善其团聚现象明显减弱
2006,环氧改性的水性丙烯酸树脂、水性聚氨酯的合成及性能研究--《华中师范大学》,环氧树脂 改性 水性丙烯酸树脂 水性聚氨酯 富锌涂料 性能,本文引用环氧树脂来分别改性水性丙烯酸树脂和水性聚氨酯并对其合成工艺以及性能表征进行了详细的研究通过丙烯酸酯类单体与环氧树脂接枝共聚反应对其进行改性研究了环氧树脂环氧值及用量加料方式反应温度及中和度等因素对改性树脂性能的影响研究结果表明加入环氧树脂改性后丙烯酸树脂的耐水性明显增强硬度附着力拉伸强度及抗冲击强度等力学性能有较大幅度地提高当环氧树脂E44在反应前期加入用量为69反应温度为110中和度为110时改性树脂具有较好的成膜性能和优异的物理机械性能红外光谱分析证实接枝产物的结构扫描电镜观察接枝共聚物的水分散体的粒子形态及大小用DSC对改性前后的树脂进行了热分析以异佛尔酮二异氰酸酯IPDI聚酯二元醇和二羟甲基丙酸DMPA作为主要原料合成了脂肪族水性聚氨酯分散体并用环氧树脂对其进行了改性研究了环氧树脂的环氧值及用量扩链剂种类及用量nNCOnOH等因素对改性树脂性能的影响实验结果表明改性后树脂的硬度附着力拉伸强度及抗冲击强度等力学性能有明显提高当环氧树脂的环氧值为043用量为68以乙二胺为扩链剂质量分数方1nNCOnOH15181时可得到耐水性稳定性力学性能优良的水性环氧聚氨酯分散液DSC测试表明改性后树脂的玻璃化温度增高以水性环氧聚氨酯为基料加工成富锌涂料通过对其腐蚀电位和电化学阻抗谱EIS的测试分析研究了添加不同含量锌粉的富锌涂层在3NaCl溶液中的腐蚀电化学行为并与添加少量铝粉的富锌涂料及传统的富锌涂料进行了对比结果表明水性环氧聚氨酯富锌涂料的防腐蚀能力比传统环氧富锌底漆强锌粉的添加量对涂层的防腐蚀效果有一定的影响添加少量铝粉能提高涂层的防腐蚀性能
2012,喷墨纳米银导电墨水的制备及性能研究--《华南理工大学》,喷墨打印 纳米银 导电墨水 柔性基底 聚羧酸,随着电子产业的快速发展硅基玻璃基板电子产品因质量较重易碎成本高等因素已逐渐无法满足人们对移动式便捷产品的需求微型化柔性化正成为电子产品发展的重要方向与蚀刻丝网印刷等传统工艺相比直接写喷墨打印技术具有方便快速和精确控制的优势正成为一种有吸引力的的电子产品制造工艺在电子领域越来越受到重视喷墨打印工艺可直接将功能材料沉积在柔性基底上形成电路电极薄膜等本文以自制的纳米银制备出了用可于喷墨打印的导电墨水并讨论了该墨水的稳定性可喷性和导电性等首先本文利用化学还原法以聚羧酸PCE为保护剂硼氢化钠为还原剂制备了粒度小分布窄的纳米银颗粒该方法工艺简单制备的纳米银颗粒纯度高粒径集中分布于530nm本文深入探讨了氧化剂分散剂浓度等的改变对纳米银颗粒粒径分布的影响实验结果表明当AgNO_3010molLwPCEwAg020时可得平均粒径为16nm的纳米银颗粒其次通过对黏度表面张力等理化参数的调节用自制并纯化的纳米银配制出了适用于喷墨打印的水基导电墨水墨水的固含量为20wt通过喷墨方式在柔性基底上打印出不同线宽和形状的图案并讨论和分析了墨水黏度表面张力基底润湿性等对打印效果的影响在墨水黏度为25mPas表面张力为323mNm的条件下该墨水可在改性的PI膜上打印出线型良好的图案最后本文着重讨论了烧结时间烧结温度等因素对打印图案成膜性和导电性的影响实验表明喷墨打印形成的导电线路在低温固化烧结成膜后具有良好的导电性能在200下烧结10min导电线路的电阻率可达68μcm利用SEM和AFM对打印线路在烧结成膜前后的表面形貌进行了表征深入分析和讨论了微观形貌烧结温度和烧结时间对导线电阻率的影响
2010,水性丙烯酸酯改性聚氨酯用作光固化涂料的研究--《复旦大学》,光固化涂料 水性涂料 聚氨酯丙烯酸酯 木器漆,UVEB辐射固化涂料及水性涂料技术因其环保优势日益为人们所关注也是目前涂料行业所要大力发展的方向UV光固化涂料的优势在于1固化速度快生产效率高2常温固化3节省能源4环境污染小5涂层性能优异6固化装置简单易维修因此UVEB辐射固化涂料已在木器塑料光纤油墨和粘合剂中市场化应用但一般UV光固化涂料都少不了使用非反应性的有机挥发组份并且需要使用反应性稀释单体及其它多官能团丙烯酸酯等调节体系的粘度但目前常用的活性单体具有较强的刺激作用影响操作者的身体健康此外许多反应性单体在紫外辐射过程中难以完全反应残留的单体会影响固化漆膜的长期稳定性并且这类残留VOC组分有可萃取性及毒性水性涂料对环境无污染不易燃烧安全性好低VOC对人体无影响可通过水来调节涂料粘度以适用于喷涂等施工方式但普通水性涂料在性能上却无法和传统溶剂型涂料相媲美水性紫外光固化涂料体系结合了以上两种环保涂料的优点具有无污染无毒性无刺激性和生产安全等优点并且最终涂料固化后漆膜的性能优异固化速度快同时具有以上所描述UVEB辐射固化涂料所具有的优点它已成为紫外光固化体系的主要发展方向之一水性丙烯酸酯改性聚氨酯即水性聚氨酯丙烯酸酯是目前研究得最多的性能最好的光固化水性树脂本论文研究了目前市场上水性聚氨酯丙烯酸酯的基本性能并用做主体树脂来研究水性光固化涂料配方设计调试高性能涂料配方来达到目前常用木器涂料所需要性能要求在水性聚氨酯丙烯酸酯基本性能研究中第一研究了各水性聚氨酯丙烯酸酯的成膜性确定了最佳的成膜条件第二通过对光引发剂的测试发现Irgacure1173Irgacure500和Irgacure819DW在水性聚氨酯丙烯酸酯的相容性较好光引发剂的用量在25为最佳添加量第三测试了各水性聚氨酯丙烯酸酯光固化后涂层的性能如硬度Taber耐磨性耐溶剂性附着力耐冲击性光泽度和黄变性等随后研究如何将水性聚氨酯丙烯酸酯用于木器涂料配方中调试配方并达到理想的性能第一通过对木器底漆的配方调试与研究发现Ucecoat7177无论在清漆和有色漆配方中都能对油性难附着木材提供卓越的附着力木纹显映性在有色涂料配方中与颜料有很好的稳定性第二在木器中涂层配方调试中Ucecoat7177和BayhydrolUV2348都能提供对滑石粉良好的润湿分散性可以有效地填补木材表面的孔洞并提高整体涂层的耐磨性第三BayhydrolUV2689不仅在面漆清漆中而且在有色配方中都能提供卓越的硬度耐磨耐溶剂等面漆所要求具备的性能其中在有色配方中需要加入Irgacure500和Irgacure819DW两种光引发剂来满足有色涂层的光固化
2014,珠江三角洲VOCs排放来源识别、验证与基于反应活性的控制对策研究--《华南理工大学》,挥发性有机化合物 排放源化学成分谱 组分清单 化学反应活性 臭氧生成潜势,我国城市群地区正面临着以高浓度PM25及O3为特征的区域大气复合污染挥发性有机化合物VOCs是PM25及O3形成的重要前驱物是目前我国大气污染控制的重点和难点之一VOCs包含成百上千种化学组分每种组分的反应活性各异研究表明在二次污染控制上基于化学反应活性的Reactivitybased控制政策比基于排放总量的Massbased控制政策更为有效然而我国在基于化学反应活性控制政策方面的研究仍较为缺乏可靠的排放源清单以及本地化的排放源化学成分谱是VOCs化学组分清单开发以及基于化学反应活性控制对策建立的重要基础为此本文首先利用受体模型源解析结果对排放源清单进行验证识别珠三角重点VOCs排放源再者通过实地排放源测试和文献数据挖掘建立了珠三角本土重点VOCs排放源成分谱在此基础上开发了珠三角2010年人为源和天然源的VOCs化学组分排放源清单估算了各化学组分和排放源的臭氧生成潜势OFP对珠三角的关键VOCs活性组分及排放源进行了识别结果表明1综合参考排放源清单以及受体模型源解析结果溶剂使用汽油燃烧尾气和工业过程是珠三角主要的VOCs排放源排放源清单与受体模型源解析结果的差异主要表现在LPG燃料排放溶剂使用以及天然源的贡献率上受体模型使用的源示踪物VOCs组分测定的种类光化学反应损耗以及排放源清单自身的不确定性可能是引起差异的原因2本研究通过补充的排放源测试以及数据挖掘建立了珠三角地区道路移动源轻型汽油车轻型柴油车LPG汽车和摩托车工业溶剂使用木质家具制造印刷制鞋金属表面处理和电子产品制造以及非工业溶剂使用建筑涂料和家用溶剂的VOCs排放源成分谱基本反映本土排放源特征3VOCs排放量贡献高的组分与OFP贡献高的组分存在差异异戊二烯甲醇甲苯苯丙酮乙烯间对二甲苯和乙苯是VOCs排放量贡献最高的前8种组分而异戊二烯乙烯间对二甲苯丙烯甲苯124三甲苯间乙基甲苯和123三甲苯则是OFP贡献最高的8种组分4764的人为源OFP来自间对二甲苯乙烯甲苯124三甲苯丙烯和间乙基甲苯等20种组分其中丙烯123三甲苯135三甲基苯反式2丁烯和1乙基23二甲基苯是活性极高MIR10的组分而甲苯邻二甲苯苯乙烯和苯则是空气有毒物应优先进行控制5基于排放量以及OFP的人为排放源贡献基本一致工业溶剂使用汽油车摩托车和工业过程是贡献最高的四大人为排放源分别贡献了人为源OFP的329195145和135其中电子产品制造以及家具制造是主要的工业溶剂使用部门制药塑料制品化学纤维石油精炼以及纸浆制造则为主要的工业过程贡献部门6珠三角现有的VOCs控制政策须加强对电子产品制造制药塑料制品化学纤维和纸浆制造行业的控制基于排放总量的VOCs控制思路须逐步向基于化学反应活性的思路进行转变
2010,溶液层状聚集体和界面多孔组装体构筑、结构和性能研究--《山东大学,分子自组装 表面活性剂 层状聚集体 界面组装 蜂窝状多孔结构,分子自组装是21世纪亟待解决的重大科学问题之一在分子层次的化学中自组装如同化学合成已成为创造新物质和产生新功能的重要手段是当今化学发展的一个重要生长点目前的研究表明分子自组装过程容易在体相溶液中和二元界面上发生1溶液中的自组装通常是由两亲分子在体相溶液中利用非共价相互作用自聚集形成各种复杂的有序组合体如胶束囊泡海绵结构和立方结构等这些两亲分子包括磷脂表面活性剂两亲性聚合物和生物大分子等通过调控分子结构并结合外界条件改变从而实现两亲分子在溶液中的可控组装这也是溶液中自组装的研究热点2界面上的自组装通常是由各类分子在气气液和固界面上进行有效地组装和排列如涉及到LB呼吸图案化学吸附等组装技术的界面薄膜的构筑从而制备出多形态多功能的薄膜器件另外通过自组装技术对生物膜或生物相容性界面精确修饰有助于深入了解生命体系并为生物工程材料的构筑提供新的途径因此分子自组装在化学物理学生物学和材料科学领域的重要性日益增强成为多学科交叉的研究热点基于对分子自组装的认识本论文主要包含两方面的研究1表面活性剂溶液中层状聚集体的白组装2两亲性聚合物界面上蜂窝状有序多孔结构的构筑考察各种因素对组装结构的影响确定溶液聚集体和有序多孔薄膜的物理化学性质探讨组装体的功能应用通过研究与探索以期揭示白组装的机理结构和转换规律掌握弱相互作用在复杂有序平衡系统中的协同机制丰富分子自组装的理论实现结构和功能可控本论文的结构安排和研究内容如下第一部分绪论介绍了自组织和自组装的概念及区别概述了胶体化学纳米科学软物质及超分子化学的发展与联系并详细介绍了表面活性剂物理化学基本知识包括表面活性剂溶液中弱相互作用力和聚集体形成理论重点总结了表面活性剂溶液层状聚集体的结构性质和形成规律综述了囊泡在材料合成领域中的应用现状以及基于水滴模板法构筑的界面蜂窝状有序多孔结构的国内外研究动态和应用前景最后引出了本论文的选题依据研究内容和意义第二部分分别研究了两种双长链阴离子表面活性剂双2乙基己基琥珀酸酯磺酸钠AOT和双2乙基己基磷酸HDEHP与单链非离子表面活性剂四乙二醇十二烷基醚C12EO4水溶液混合体系的相行为聚集体结构流变学性质及盐pH等外界因素对体系的影响证明了电荷在双层膜结构转变中的重要驱动作用进一步提供了电荷诱导洋葱状囊泡形成的理论依据其中AOT体系含有过量的反离子而HDEHP体系是典型的无盐体系由于AOT和HDEHP在分子结构上相似极性头基面积相近两体系可以相互证明和补充本章第一节研究发现AOTC12EO4体系是典型的非理想混合体系二者在气液界面上的吸附和溶液中的聚集表现出相互吸引的协同效应向C12E04的层状相溶液中加入少量AOT可以诱导平面层状结构自发弯曲形成层数达几十层的密堆积洋葱状囊泡该超多层囊泡的形成是由于阴离子表面活性剂的加入使非离子双层膜带负电荷产生静电斥力作用抑制膜的Helfrich波动并诱导平面层状结构向囊泡转变而过量的电荷能够再次诱导囊泡向平面层状结构转变无机盐NaCl的加入会诱导胶束层状两相向单一囊泡相转变原因在于随着盐的增加双层膜由于电解质的静电屏蔽作用展现出更大的柔韧性和波动性溶液的粘弹性随之降低由此证明电荷可调控双层膜的柔韧性和波动性是实现层状聚集体相互转变的重要驱动力本章第二节研究发现向C12E04层状相中加入低浓度的HDEHP同样能够诱导平面层状结构转变为囊泡而且双层膜的层间距随着HDEHP的增加而减小加入较高浓度的HDEHP双层膜层间距反而增大所形成的囊泡相向胶束层状两相转变原因在于浓度较低的HDEHP水解后插入到C12E04双层膜中使其荷负电抑制了膜的波动性诱导层到囊泡的转变而过量的HDEHP类似中等链长醇等油状物增溶到囊泡中使双层膜肿胀波动诱导囊泡溶液向两相分离增加HDEHPC12EO4囊泡溶液的pH值发现溶液粘弹性和屈服应力值随pH的增加经历一个最大值而双层膜层间距也随着之先减小后增大由此判断双层膜在随着pH增加的过程中经历了一个膜电荷密度饱和的状态其中在pH378时溶液转变为密堆积平面层状凝胶第三部分合成了十二烷基硫酸钙CDS和月桂酸铁FeL3两种高价金属双链和三链长表面活性剂研究了两种表面活性剂在水溶液和非水溶液中的相行为和聚集结构分别发现了正相囊泡和反相囊泡的自发形成并依据囊泡的不同特点探索了其在硬材料制备中的应用本章第一节研究了CDS与阳离子表面活性剂十四烷基三甲基溴化铵TTABr在水溶液中的相行为和温度依赖性对比传统的含一价盐的SDSTTABr混合体系CDS体系只能在高温下阳离子表面活性剂富集的区域内形成正相囊泡囊泡的形成是静电作用和疏水作用共同驱动的结果而钙离子的引入极大降低了囊泡的表面电荷且钙离子对两个DS的链接作用使CDS表现出非离子表面活性剂的性质导致高价金属表面活性剂及其复配体系的微观结构和宏观性质具有其自身的特殊性将草酸二甲酯加入到CDSTTABr囊泡溶液中缓慢水解出的草酸根离子与囊泡溶液中的钙离子相结合形成具有新颖对称形貌的砖状和星状的CaC2O4H2O晶体证明囊泡对溶液中无机晶体的形成和生长起到了调控作用本章第二节研究发现多支链的金属表面活性剂月桂酸铁FeL3溶解在CHCl3以及CHCl3CH3OH等非水溶剂中能够发生自聚集并形成反相囊泡传统上由于有机溶剂挥发较快凝固点较低以及反相聚集结构极不稳定通过直接成像技术来表征反相囊泡长期以来都是一个难点在本实验中当有机溶剂挥发后溶液中的反相囊泡能够保持其形貌并以固体囊泡的形式存在于基底表面上因此可以通过TEMSEM和AFM等技术直接观察另外不同溶剂挥发会导致形成不同形貌的中空固体结构比如塌陷的血红细胞状和空心球壳状这是溶剂挥发速度不同以及月桂酸铁和溶剂之间的相互作用不同共同导致的本实验不仅证明了多支链高价金属表面活性剂在有机相中能够自发形成反相囊泡也为调控反相囊泡在干燥过程中的变形行为以及由反相囊泡直接制备中空球壳材料提供了新的方法第四部分将两种碳氟碳氢单尾链脂肪酸即全氟月桂酸C11F23COOHPFLA和月桂酸CH3CH210COOHLA分别与C12EO4在水中混合构筑无盐的阴非离子表面活性剂复配体系分别研究其相行为聚集体结构和流变学性质以及温度pH等外界因素对体系的影响比较了碳氟碳氢尾链的不同对层状聚集体的构筑结构和性质造成的差异本章第一节研究发现PFLAC12EO4非理想混合体系在低浓度时仅形成一种混合胶束且胶束化和表面聚集行为均表现出显著的协同效应低含量PFLA时随着总浓度增加短的线状胶束转变成大的碟状胶束室温时增加PFLA含量导致非离子C12E04双层膜自发形成密堆积单层和多层囊泡凝胶且囊泡分子双层中碳氟链处于流动态而且囊泡结构非常稳定当溶剂挥发后仍能保持原结构并以固态形式存在于空气中进一步增加PFLA层状溶液聚集体的相转变温度层间距等物理化学参数以及囊泡凝胶的屈服应力弹性和粘性等流变性质在双层膜分子的空间排列和有效膜电荷密度达到饱和态时出现极值有趣的是增加凝胶的pH可实现刚性囊泡向柔软的平面双层结构转变高稳定性的囊泡凝胶以及pH诱导囊泡凝胶和平面双层之间的相互转变可应用于药物等的运输和可控释放本章第二节研究发现室温下LAC12EO4混合水溶液表现出非常丰富的相行为向浓度较低的C12E04平面层状相溶液加入LA可以诱导形成囊泡相以及多尺度多组分多形式的聚集体平衡共存的表面活性剂三水相向浓度较高的C12E04平面层状相溶液加入LA可以形成高度长程有序的平面层状溶质液晶并表现出凝胶的流体性质另外LAC12E04复配体系层状聚集体表现出高度的温度依赖性其中囊泡只能在较窄的室温范围内自发形成对比PFLAC12E04和LAC12EO4体系可以发现碳氟碳氢混合体系中表面活性剂分子之间的相互作用更强自聚集趋势更明显所形成的聚集结构也更加稳定尤其容易形成囊泡凝胶同时体系抗剪切破坏温度变化等环境干扰的能力更强具有重要的实用价值第五部分研究了表面活性剂三水相平衡体系A3PS的构筑性质和功能A3PS是胶体化学中一种重要的三相分离现象但是有关该体系的研究却在表面活性剂化学中长期被忽视本工作通过在水溶液中混合商业化的简单的单尾链阴非离子或阴阳离子表面活性剂自发形成了表面活性剂三水相体系从而提供了一个构筑和发展A3PS的普适性方法而且我们结合实验现象对其作出了一个规范性的定义即表面活性剂三水相体系由三个相互分离的均一水相构成是表面活性剂溶液中一种自发形成的动力学稳定的的三相平衡现象包含有多尺度多组分多种结构形式的稳定共存的表面活性剂自聚集体如碟状胶束平面层状结构双连续海绵结构囊泡等其中各相溶液密度体积分数以及表面活性剂比例和分布各不相同本工作深入总结了A3PS基本的物理化学参数加深了对A3PS的理解发现通过改变表面活性剂浓度比例以及溶液温度添加剂等因素能有效裁剪A3PS的性质以使其满足不同应用1作为一个潜在的分离和萃取新体系A3PS在生物工程和染料提取方面具有诱人的前景2A3PS被用来一步合成和分离不同尺度的CdS纳米线由此提供了一个制备和收集单分散纳米材料的简单途径3A3PS可以作为合成反应的介质实现将所得产品富集到一相而其它原料副产物或杂质被分散到其它相中的理想效果具有纯化步骤简单的优点第六部分研究了蜂窝状有序多孔结构的界面组装机理和表面润湿行为以功能性聚合物为基本单元制备微米亚微米多层次的蜂窝状多孔结构利用聚合物或其复合材料的优良特性探索蜂窝状多孔膜的化学光学及电学等方面的性质对于化学及光学传感器超疏水材料滤膜材料光子晶体材料组织工程材料和模板功能等方面都具有十分重要的意义本章以胆固醇作为侧链的二茂铁基两亲低聚物为构筑基元通过水滴模板法在气固界面和气液界面构筑了高度有序的蜂窝状多孔结构考察了不同制备条件对薄膜形成的影响探索蜂窝状薄膜的形成规律在此基础上以聚苯乙烯二苯胺取代的三联苯复合物为构筑基元制备出具有高效固态光致发光性能的自支撑蜂窝状多孔膜并对两种蜂窝膜的表面润湿行为进行了研究研究发现聚合物和有机溶剂的混合物在潮湿气流氛围下可以自发形成蜂窝状多孔结构通过改变湿度浓度液滴体积大小溶剂及铺展方法等参数可以得到尺寸均匀的呈六角状排列的2D多孔阵列通过对蜂窝状多孔结构形成机理的深入研究发现了多孔阵列从2D向3D转变的连续过程建立了三维有序多孔阵列形成机制的模型从而为水滴模板法构筑有序多孔结构的空间维数可控性提供了理论依据表面润湿行为的研究表明二茂铁基低聚物蜂窝状多孔结构的高疏水性可以通过调节孔的大小和排列来获得通过机械剥离2D蜂窝状有序多孔膜的表层制备了出具有接近超疏水性质的针垫状阵列结构第七部分研究了蜂窝状有序多孔结构的电化学功能和模板应用在本工作中我们提供了一种新的简便易行的途径将蜂窝状有序多孔膜应用到胶体颗粒的图案化中通过结合自下而上的界面组装方法水滴模板法和电化学沉积技术以二茂铁基低聚物蜂窝状薄膜的有序多孔结构为模板在微孔的内边缘定向沉积了呈环形图案排列的零维银纳米点和一维银纳米棒从而构筑了具有分形结构特点的高度有序的有机无机杂化蜂窝状薄膜该途径的实现是基于二茂铁基低聚物蜂窝状多孔材料自身表现出优异的电化学行为而且在对103的还原中表现出优异的电催化活性通过考察循环伏安法和恒电势双脉冲法以及不同电解参数对银颗粒形态尺寸和分布的影响探讨了AgAg0转化的动力学过程具有重要意义的是所构筑的杂合多孔膜同样对103的还原表现出极为丰富的电化学活性而且能够极大地增强对染料分子的催化降解效率我们相信通过本途径同样可以将其他功能性贵金属纳米颗粒修饰或组装到蜂窝状多孔膜上如金铂等并应用到光电子传感器和催化等领域
2002,辐射固化材料的现状和某些进展--《感光科学与光化学》,辐射固化材料 光固化 UV/EB固化,"介绍近年来UV/EB固化材料的发展进展 ,其中包括北美、欧洲、日本的发展概况和重大的新进展 :(1)稀释单体和预聚体 ;(2 )水基UV/EB固化 ;(3)阳离子光固化 ;(4)辐射固化粉末涂料 ;(5 )复合固化体系 ;(6 )UV固化纳米涂料 ;(7)光引发剂 ;(8)计算机直接制版"
1997,辐射固化涂层技术的最新发展--《化学通报》,电子束（EB）固化 紫外（UV）固化 涂料 油墨 粘合剂,对辐射固化（ＵＶ／ＥＢ）涂层技术的最新发展作了全面的回顾
2002,凹凸棒粘土对消失模涂料流变性的影响--《硅酸盐学报》,消失模涂料 凹凸棒粘土 流变性,"利用差热分析、电子显微镜、X射线衍射、红外吸收光谱等手段测试分析了安徽凹凸棒粘土的理化性能 ,并利用NXS -11型旋转粘度计研究了凹凸棒粘土与膨润土对消失模涂料流变行为的影响 .结果表明 :安徽凹凸棒粘土是一种成分较纯的凹凸棒粘土 .凹凸棒粘土比膨润土更有利于改善消失模涂料的流变性 .消失模水基涂料中加入质量分数为 2 %的凹凸棒粘土可以使涂料的流变性大为提高 .自研的消失模涂料的流变曲线特征参数分别为 :τ0 =9.8Pa ,K =2 .9,m =0 .6 4,其流变性可与美国Ashland消失模涂料相媲美"
2004,含氟表面活性剂的结构、特性及应用研究--《有机氟工业》,含氟表面活性剂 结构 特性 应用,"含氟表面活性剂是特种表面活性剂的一类。与传统的表面活性剂相比,由于其具有高表面活性,优良的耐热性和化学稳定性以及卓越的憎水、憎油性能和防污功能,因此含氟表面活性剂已经广泛应用于各个工业领域及家庭用品领域等。本文对含氟表面活性剂的分类结构、特性及应用领域进行简单综述。"
1994,高分子染料的进展--《功能高分子学报》,高分子染料 染料 综述,高分子染料是一类本身固有颜色的高分子化合物，它兼有染料和高聚物的双重性质。因此既可作为色料也可作为高聚物而应用于许多领域。本文较详细阐述了聚合染料的种类，合成方法及应用情况。
2003,浅谈织物涂层剂--《印染助剂》,织物 涂层剂 制备 应用性能,"简介了织物涂层整理剂的发展历史和分类,评述了聚丙烯酸酯、聚氨酯和有机硅涂层胶的结构、特点、制备和应用性能,预测了涂层剂的发展趋势"
2005,辐射固化技术研究进展--《材料保护》,辐射固化 光固化 UV/EB固化 紫外光,"辐射固化技术以其高效、节能、无污染、物理性能优良等优点而被誉为绿色技术 ,近年来在世界上取得了高速发展。综述了近几年来辐射固化技术的研究进展 ,包括稀释单体和预聚体、水基UV/EB固化、阳离子光固化、辐射固化粉末涂料、复合固化体系、UV固化纳米涂料、光引发剂、计算机直接制版等 ,考察了中国辐射固化市场的现状 ,对辐射固化技术的发展方向作出了预测"
2003,废纸制浆技术的研究进展--《中国造纸》,废纸制浆 浮选脱墨 筛选 漂白 胶粘物,"介绍了20世纪90年代以来废纸制浆理论与技术方面的研究进展。主要着重在废纸碎解理论与技术,废纸浆浮选脱墨和筛选理论与技术,原生胶粘物和再生胶粘物的来源、特性和控制的理论与技术以及废纸浆漂白技术等方面进行了系统而简要的介绍。"
2005,影响喷墨印刷质量的关键因素分析--《包装工程》,喷墨印刷 成像技术 质量,"介绍喷墨印刷成像原理,以热喷墨成像系统为研究对象,探讨该系统成像机理、油墨和受像介质之间的相互关系以及对喷墨印刷质量的影响,并对如何控制关键参数进行了讨论。"
2005,用于造纸废水处理的膜分离技术研究进展--《四川理工学院学报(自然科学版)》,膜分离技术 造纸废水 应用,"膜分离技术是近年发展起来的一门高新技术,在造纸废水处理方面具有广阔的应用前景。文章介绍了膜分离技术的工作机理、特点以及国内外在造纸废水处理方面的研究进展。另外,对膜分离技术在应用过程中出现的问题进行了讨论,并提出了可能的解决方案。"
2001,UV固化材料进展--《精细与专用化学品》,UV固化技术 辐射固化 涂料 稀释单体 预聚体,"由于UV固化技术固有的特点使其在近几年各个领域都获得了高速的发展,但所占市场份额仍然很小。经过学术界和各大公司的努力,目前已经在UV固化材料方面取得了可喜的成绩。稀释单体、预聚体在数量和质量上都有大幅度增加,发展方向是降低刺激性、低毒和赋予特殊功能:在双光子引发自由基聚合、阳离子光固化、杂混光固化、光产碱催化聚合、无光引发剂光固化、水基固化方面取得了一定的进展;UV粉末涂料克服了传统粉末涂料的缺点脱颖而出,成为近年来研究开发的热点;UV固化纳米材料更是集纳米技术、纳米材料、UV固化技术于一体,预计将会开发出具有特殊功能的新材料;UV固化技术在电子、信息领域也具有很好的发展前景。"
2002,乙二醇醚类的市场需求和生产技术进展--《精细石油化工进展》,乙二醇醚 市场需求 生产技术 进展,"综述了国外乙二醇醚类的市场概况和生产技术,还介绍了我国乙二醇醚类的市场需求及生产技术新进展。"
2016,水基油墨聚合物连接料的研究进展--《胶体与聚合物》,水性油墨 聚合物 聚丙烯酸 聚氨酯,"水基油墨因其优良的环保性能受到了越来越多的关注。近些年迅速发展,有逐步取代溶剂性油墨的趋势。本文综述了用于水性油墨的水性聚合物连接料聚丙烯酸、聚氨酯的改性方法和合成工艺以及最近的研究进展。"
2017,水基油墨废水化学絮凝污泥的热解特性及动力学--《纸和造纸》,水性油墨 污泥 热解 热重分析 动力学,"对浮选脱墨污泥及两种絮凝污泥的基本物化性质及热解特性进行了研究,进一步采用Coats-Redfern法描述了热解过程,计算了3种污泥的热解动力学参数。动力学研究结果表明3种污泥有机物热解主要区域的反应级数为2,3者的活化能分别为38.78 kJ·mol~(-1)、44.59 kJ·mol~(-1)及48.11 kJ·mol~(-1),频率因子分别为2.58 E+07 min~(-1)、3.19E+06 min~(-1)、1.50 E+06 min~(-1);说明絮凝污泥中的有机物较脱墨污泥稍难热解,且随着絮凝剂用量的增加,热解难度会增加。但是絮凝法处理含油墨废水所产生的污泥量占浮选脱墨污泥8%以下,与焚烧相关的元素含量及发热量测定结果显示其与浮选脱墨污泥也相近,不会对污泥处理系统带来太大的冲击负荷。絮凝污泥完全可以并入企业现有污泥焚烧系统进行消减进行热能回收。"
2004,影响水基油墨分散因素的研究--《合肥工业大学学报(自然科学版)》,水基油墨 分散效果 表面张力 黏度,"文章通过实验研究考察影响水墨分散的因素,结果表明水基油墨的分散效果是获得水墨理想的光泽、着色力及遮盖力等性能的关键,水墨分散的质量主要依赖于体系中分散树脂和颜料自身的特性及其相互作用的程度,其中,颜基比在较大程度上影响水溶性聚合物对颜料的分散效果。实验还证明了润湿分散剂和助溶剂能改变体系的表面张力和润湿性能,从而提高体系的分散性能。另外,水墨分散的温度也是影响分散效果的重要因素。"
2010,水基油墨印刷纸脱墨中表面活性剂与酶的协同作用--《华东纸业》,纤维素酶 表面活性剂 脱墨剂 欧洲旧报纸,"分别采用十二烷基醚硫酸钠(SLES)、脂肪醇聚氧乙烯醚硫酸钠(AES)、聚山梨酯20(Tween-20)、十六烷基三甲基氯化铵(1631)以及纤维素酶、淀粉酶等生物酶对水基油墨印刷纸进行了脱墨实验,进一步分别探讨了上述四种表面活性剂与中性纤维素酶的协同脱墨效果。研究结果表明,在pH为6-7,浆的质量分数为5%,中性纤维素酶的用量为15 u/g,AES的用量为0.2%,55℃下脱墨处理15 min,脱墨浆的白度可提高5.2%ISO。"
2005,水基油墨光泽度机理研究--《今日印刷》,水性油墨 光泽度,"目前,全世界各行各业都在掀起一股""绿色革命""的浪潮,而包装印刷作为与人民群众生活紧密相关的行业也在不断受到冲击。传统的包装印刷采用的是溶剂型油墨,溶剂挥发后不仅造成空气污染,而且对人体产生致癌作用,在这种情况下水基油墨应运而生。"
