2014,国外印刷电子产业发展概述--《影像科学与光化学》,印刷电子 有机柔性电子 印刷电子材料 印刷电子工艺装备 印刷电子产品 印刷电子产业,"近年来印刷电子有了快速发展,许多有关印刷电子的科研成果,已从实验室投入了生产,初步形成了印刷电子产业体系。本文介绍了应用于印刷电子的各类有机、无机材料及工艺装备,特别详细列举了各类印刷电子产品及其应用情况,这些印刷电子产品已开始进入人们日常生活的多个方面。虽然印刷电子产业尚处于发展初级阶段,市场不够成熟,但已显示出十分光明的发展前景。文中还指出政府机构的重视和支持是国外印刷电子产业发展的重要因素。"
2017,印刷电子发展回顾与展望--《科技导报》,印刷电子 柔性电子 无机纳米材料 物联网 绿色增材制造,"印刷电子技术作为一个新兴电子技术正在受到越来越广泛的关注。通过印刷方法制造的信息电子与光电子器件和系统具有大面积、柔性化、个性化、低成本、绿色环保等一系列优点。尽管印刷加工本身没有传统微纳米加工的高分辨率与高集成度,但上述优点足以使印刷电子在许多新应用领域发挥作用。本文对印刷电子定义、起源、发展历程及产业与技术现状进行了全面介绍,分析了印刷电子面临的挑战,并对印刷电子未来发展前景做了展望。"
2013,中国印刷电子产业现状与前景展望--《印制电路信息》,印刷电子技术 印刷光伏 印刷薄膜晶体管 印刷电路 印刷电子设备,"介绍了印刷电子的基本定义,印刷电子所涉及的产业领域,以及国外对印刷电子技术的研发投入情况。重点介绍了国内自2009年以来印刷电子的发展情况,特别是产业技术开发情况。分析了中国发展印刷电子产业的优势,并对未来印刷电子对中国一些产业领域的影响做了预测。"
2018,基于丝网印刷的印刷电子技术专利分析--《北京印刷学院学报》,印刷电子 丝网印刷 专利,"为了掌握全球印刷电子技术和有关印刷电子技术丝网印刷专利的情况,利用Goldfire Innovator软件中的Patent Collections,对全球印刷电子技术和有关印刷电子技术丝网印刷专利进行检索,并从专利发展趋势、地区分布、专利申请人、前引证等方面进行分析,得出两者全球专利现状以及核心专利。"
2018,印刷电子设备市场的最新创新--《印刷杂志》,印刷电子 设备 小型化 智能化,"近几年来,印刷电子市场需求的增长带来印刷量的增加,用于印刷电子生产的新设备也层出不穷。印刷电子市场的快速增长和高度商业化,使印刷电子设备制造商纷纷获益。CERADROP公司副总经理尼古拉·伯纳丁表示:""印刷电子技术是世界上发展最快的技术之一,目前已经实现了高度商业化。世界各地的研究实验室都在致力于"
2017,增材制造:印刷电子和3D打印技术--《科技导报》,增材制造 印刷电子 D打印 功能性材料 功能性油墨,"增材制造作为智能制造的一部分已经被科研及工业界广泛关注。印刷电子和3D打印是两个典型的增材制造技术案例。在锁定增材制造的前提下,本文着重介绍了这两项技术的工艺发展历史和现状;通过对电子和光电器件的可印刷结构和性能的综述,引申出对增材制造工艺和功能性材料进一步优化的实际需求。这一生产工艺和材料系统的同时优化和创新将最大限度地发挥增材制造优势,从而促进应用市场的开发,加速中国制造2025的进程。"
2013,导电油墨和印刷电子市场蓬勃发展--《印刷技术》,导电油墨 电子市场 印刷 应用市场 市场规模 经济危机 咨询公司 研发 新产品 预测值,"2008～2009年的经济危机几乎对所有行业造成冲击,甚至以研发为主推力的导电油墨和印刷电子市场也未能幸免。即使这样,我们还是欣喜地看到在导电油墨和印刷电子市场上仍有许多新公司成立,且各公司不断加大研发力度,并在2010年陆续推出新产品。2011年,这种趋势还在持续。据知名咨询公司IDTechEx预测:2026年,印刷电子市场规模将达到3000亿美元。即使市场规模仅达到预测值的一半,也意味着该领域具有巨大的市场商机。印刷电子成为导电油墨又一主要应用市场"
2016,印刷电子带给印刷行业的思考--《印刷杂志》,印刷电子 应用 柔性显示器 照明 传感器 光伏电池,"印刷电子就是基于印刷原理的电子生产技术,用印刷的技术与方法制造电子元器件,甚至整个电子系统。最常见的就是采用灵活、高效、快速的数字喷墨打印技术在基板材料上形成电路和图像。虽然印刷电子产业尚处于发展初级阶段,但随着科学技术的快速进步与发展,由印刷技术生产的电子产品将逐渐进入人们日常生活。我国现阶段对于电子"
2015,印刷电子装备套印精度控制技术研究进展--《北京印刷学院学报》,卷到卷凹版印刷 印刷电子 套印精度 测试技术 控制补偿,"套印精度是保证印刷电子性能的重要指标。国内有许多机构在研发印刷电子装备,但对其套印精度指标、测量方法及影响因素等缺乏系统研究。国外学者指出:印刷电子套印误差应控制在30μm以内。采用光电传感器及摄像系统可测量套印精度,采取张力控制等补偿措施能提高套印精度。研究表明:印刷电子装备的套印精度约为普通印刷机的10倍,普通印刷机无法实现印刷电子产品的生产。为满足印刷电子产品的电学性能,保证套印精度,应考虑承印材料的特性、机械变形及热变形、张力等。"
2015,金属纳米颗粒导电墨水的制备及其在印刷电子方面的应用--《化学进展》,印刷电子 金属纳米颗粒 导电墨水,"发展下一代柔性、低价和环境友好的印刷电子技术已取得大量的研究进展。印刷电子是基于印刷原理的电子制备技术,主要是将一些液体分散性好的或可溶性材料进行印刷图案化从而实现电子元器件的制备。印刷电子学涉及大量的基础学科问题,包括材料、设备、工艺与应用多方面的共性技术,但其关键技术之一在于制备环保、低成本的新型导电墨水。结合印刷电子基础与应用研究的发展现状,本文主要对金属纳米颗粒的合成及其导电墨水的制备与相关应用的最新研究进展进行了综述和讨论,并对其在传感器、薄膜晶体管(TFT)、太阳能电池及RFID等方面的最新应用进展进行了概述。"
2017,印刷电子  增材制造--《科技导报》,微电子工艺;功能性材料;一次成形;零污染;,"与传统微电子工艺相比,印刷电子为增材制造,致力于运用优化的图形印刷,使功能性材料在衬底上一次成形,无需后续减材成形。印刷电子增材制造将电路及功能性器件(如集成电路)同时印刷,免去了后续贴片工艺,大大简化了生产工艺,节省材料,近于零污染排放。同时,印刷电子增材制造可以达到大面积、高产速、低成本量产,其产品具有柔性、大面积功能化分布及廉价等诸多优势。这将开拓传统微电子无法企及的潜在应用市场。"
2014,纸电池和印刷电子--《中国材料进展》,纸电池;纳米材料技术;聚合物化学;领域交叉;印刷技术;物联网;读写距离;通信技术;温度传感器;丝网印刷;,"印刷电子是多学科、多技术领域交叉发展起来的新技术和新学科,它集不同印刷技术、纳米材料技术、传统硅基电子技术、电化学、有机/无机化学、聚合物化学等于一体。印刷电子工业是目前在全球范围内发展最迅速的新兴工业之一,与正在全球快速发展的物联网、云技术和通信技术产业有着不可分割的联系。印刷电子"
2018,基于TRIZ流分析的印刷电子试验平台研究--《北京印刷学院》,印刷电子 TRIZ流分析 线宽放大率 凹版胶印 橡皮滚筒,印刷电子技术是指基于印刷原理的电子技术具体来说就是利用传统与新型印刷技术制造电子器件与系统的科学与技术目前印刷电子技术趋向于向大面积化轻薄化柔性化透明化的柔性印刷电子技术方向发展柔性印刷电子技术的主要特征是衬底材料的柔性化可以通过印刷的方式在柔性衬底上直接制作电子器件实验室自行研制一台卷对卷柔性印刷电子试验台承印基材为PET和纸张等柔性材料因此本文就基于实验室现有的柔性印刷电子试验台运用TRIZ流分析的分析问题模型针对印刷电子试验台在印刷电子产品制备过程中存在的问题进行分析探究造成问题存在的因素并用TRIZ理论对印刷电子试验台进行改进设计解决试验台在印刷过程中存在的问题本文主要内容包括1建立基于TRIZ流分析的分析问题模型2运用TRIZ流分析的分析模型对印刷电子试验台的分析找出问题存在区域是印刷单元并针对印刷单元的凹版胶印系统进行二次流分析分析其中影响印刷线宽放大率的因素并找出影响因素的属性参数3运用TRIZ理论中的解决问题工具对凹版胶印印刷系统中的橡皮滚筒进行改进设计降低印刷线宽放大率改善印刷电子试验台中存在的问题4进行印刷导电线条正交试验探究各影响因素对印刷线条再现性与导电性的综合影响
2016,基于印刷电子工艺制作SAW器件的关键技术研究--《天津大学》,声表面波滤波器 印刷电子 丝网印刷 温度特性,声表面波SAW器件是一类具有广泛市场前景的电子器件它的优势有频率选择性好体积小可靠性高可大面积生产等目前的声表面波器件多采用传统微电子光刻技术制备虽然基于光刻技术制备的声表面波器件精度高但生产过程工艺复杂成本较高且会产生废气废液印刷电子是近几年兴起的将传统印刷产业技术应用到电子器件制备中的一门工艺本论文进行了将印刷电子工艺中的丝网印刷技术应用于声表面波滤波器的制备的实验研究应用此方法将极大地简化制造工艺降低生产成本同时绿色环保具有较高的理论意义和市场应用前景本文主要研究内容如下本论文针对传统制备声表面波器件的传统方法中存在的问题在深入了解了声表面波和印刷电子的相关原理的基础上提出了应用印刷电子工艺中的丝网印刷技术来制备声表面波器件的设想并利用实验验证了此方法的可行性本实验中不仅基于现有实验室印刷设备条件设计并制作了声表面波滤波器还结合理论分析对所设计的滤波器的性能进行了仿真然后通过实施丝网印刷实验和器件电气特性测试结果显示制备出的声表面波滤波器样品性能基本吻合仿真结果具有带通滤波特性从而验证了采用此工艺制备声表面波器件的可行性其次本论文在对基于印刷电子工艺印制的声表面波滤波器的研究基础上进一步开展了该器件的温度特性实验探索了基于此工艺制备出的声表面波滤波器的性能随温度的变化趋势并通过分析测试结果讨论了在未来的研究中将采用此工艺生产的声表面波类器件用作温度传感功能的可能性
2018,凹版印刷电子装备多层套准系统控制策略研究--《西安理工大学》,印刷电子 套准精度 自抗扰控制 模糊控制 PID,印刷电子技术是一种利用传统的印刷技术原理来制造电子产品的新兴技术机组式凹版印刷电子装备是实现高效率低成本大面积生产多层印刷电子产品的理想设备之一然而传统机组式凹版印刷装备的多层套准精度无法满足印刷电子产品的需求已成为制约其在印刷电子制造领域广泛应用的瓶颈因此本文在国家自然科学基金青年基金等项目的资助下以机组式凹版印刷电子装备多层套准系统为研究对象展开多层套准系统耦合机理建模和控制策略的深入研究主要内容如下1研究了套准误差产生的多源机理结合凹版印刷制造工艺特点提出了建模基本假设建立了双层套准系统的非线性机理模型研究了多层套准系统中存在的多物理过程耦合机制以速度为纽带建立了多层套准系统的多变量耦合数学模型揭示了各级套准误差间存在的多重耦合关系及其随承印基材运行的变化规律2针对传统凹印机套准系统PID控制器存在动态裕度差的缺点研究了模糊控制的基本原理并在凹版印刷电子装备的基础上设计了多层套准系统模糊PID控制器仿真结果表明所提出的控制策略实现了PID参数的自整定具有比传统PID控制器更好的控制性能3针对凹版印刷电子装备套准精度不高的问题研究了前馈控制和自抗扰控制技术ADRC的基本原理提出了多层套准系统的前馈ADRC解耦控制策略张力速度承印基材性能变化三种干扰下的仿真结果表明所提出的控制策略有效抑制了干扰引起的套准误差实现了对多层套准系统的解耦控制控制精度比传统PID控制和模糊PID控制高三个数量级
2016,基于RFID天线无颗粒喷墨导电墨水印刷适性研究--《天津科技大学》,印刷电子 RFID PET 喷墨印刷,无线射频识别技术RadioFrequencyIdentificationRFID日渐成熟已在商品包装运输物流追溯等领域广泛应用目前RFID标签的常用印制方法有蚀刻柔版丝网等其中蚀刻印刷不环保环境污染严重柔板和丝网印刷制作周期长而喷墨印刷是经计算机控制直接将功能性墨水转移到基材上精度高速度快导电好适用的材料广泛等优点所以将RFID标签天线用喷墨印刷形式喷印在承印基材上是研究的趋势本论文将以无颗粒型导电墨水采用喷墨印刷方式印制RFID标签天线探究喷墨印刷方式印制RFID标签天线的工艺流程主要研究内容是对现有的已研制出的无颗粒墨水进行测量优化选出导电性优异稳定性高的墨水用IJDAS300A喷墨打印机在改性的聚对苯二甲酸乙二酯基材上喷印RFID标签天线针对影响标签质量的各因素进行系统的分析研究通过正交实验的方法印刷标签天线最终确定喷墨印刷RFID标签的工艺参数并最后对喷印的标签天线进行封装用于衣服吊牌上实现商品在物流中追随功能课题通过实验得出以下几个方面结论无颗粒型导电墨水加入表面活性保护剂PVP能够有效的提高墨水的稳定性在20条件下粘度为663cp表面张力为281dyncm通过控制电晕处理参数经过电晕处理的聚对苯二甲酸乙二酯薄膜提高了表面能表面张力可增加56103Nm能够达到521103Nm通过正交试验在IJDAS300A喷墨打印系统印刷标签天线测量天线质量最终确定了喷墨印刷工艺参数为图像分辨率300DPI烧结温度150烧结时间20min通过控制印刷工艺参数用喷墨印刷方法能够喷印出优良的RFID标签天线为实际生产提供参考和依据
2015,基于印刷电子工艺的声表面波器件制备及性能研究--《天津理工大学》,印刷电子 喷墨打印 丝网印刷 SAW滤波器,印刷电子PrintedElectronicsPE技术近几年在电子学领域内发展迅速应用印刷电子技术各类电子产品可以像印刷纸制品一样被大批量地生产出来包括各类柔性存储及显示器件传感器和驱动器可以拉伸弯折的薄膜太阳能电池等论文在研究了印刷电子技术和SAW技术的应用热点和研究现状的基础上探讨了将印刷电子工艺技术应用于声表面波SurfaceAcousticWaveSAW器件制备的方法采用印刷电子工艺可以较为灵活地在压电衬底上定义图形同时金属纳米颗粒墨水的快速发展和广泛应用也为应用印刷电子技术制备SAW器件提供了条件文中分别应用印刷电子工艺中的喷墨打印技术和丝网印刷技术制备SAW滤波器主要内容包括滤波器的设计与仿真工艺步骤及参数说明和SAW器件性能测试及结果分析文中设计的SAW滤波器为横向型滤波器具有单电极等叉指宽和等指间间隔的IDT模型结构分别在石英铌酸锂和钽酸锂三种压电材料上应用喷墨打印工艺和丝网印刷工艺制备叉指线宽为50μm和200μm的SAW滤波器对比三种材料的压电特性并对制备的滤波器性能进行测试针对滤波器性能的测试论文分别进行了形貌测试和电学性能测试其中形貌测试包括显微镜观测和台阶仪测试电学性能测试包括阻抗测试信号传输测试以及用网络分析仪分析其幅频特性等方式喷墨打印工艺制备的SAW滤波器在显微镜观测下的叉指线条在尺寸上存在误差用万用表测量其叉指电极的阻抗基本位于0320Ω之间导电性能良好台阶仪测试的叉指电极厚度为0305μm叉指换能器周期与设计值基本吻合铌酸锂为衬底的滤波器性能较为突出应用丝网印刷工艺制备的SAW滤波器的叉指线条边沿不够整齐误差约为50100μm导电层厚度为510μm应用铌酸锂和钽酸锂作为衬底制备的滤波器能实现滤波特性论文通过理论分析和大量实验验证了应用印刷电子技术制备SAW器件的可行性以铌酸锂作为压电衬底的喷墨打印制作的SAW滤波器的滤波性能较为突出以铌酸锂和钽酸锂作为压电衬底的丝网印刷制作的SAW滤波器基本实现了滤波特性测试结果表明虽然应用印刷电子工艺制备的SAW器件的精确度与微电子工艺相比还有一定的差距器件的制备工艺方面还有很大的提升空间但其具有的工艺流程简单设备和生产成本低廉不产生废液废气等有害物质且适于大规模生产等优势具有十分重要的研究价值和经济意义
2019,竹材在现代包装设计中的探索与创新--《包装工程》,竹文化 审美意向 智能化 生态化,"目的研究竹材料在包装中的运用。方法从竹子的使用历史、文化内涵、生物特性等方面,对中国传统文化生活中所赋予竹的诸多精神内涵和物质功能进行了多角度的分析解读,并结合竹子作为包装材料所具有的文化语义和生态价值,探讨竹材在现代包装设计的文化审美特征及传统竹艺与现代工艺的有机融合带来的竹材包装应用形态的创新。结论对竹材包装的市场前景进行了理性分析和展望,提出竹材在现代包装设计中应具智能化、民族化、生态化的发展建议。"
2019,凹版印刷产品质量预测数学模型--《包装工程》,表面粗糙度 厚度 数学模型 凹版印刷 帕累托分析,"目的预测凹版印刷产品的表面粗糙度和厚度,以提高印刷图案的质量和速度,实现智能化的快速印刷。方法利用24全因子试验设计方法,建立包括操作张力、印刷速度、油墨粘度和理论转移量等自变量的数学模型,将各变量之间的相互作用进行帕累托统计分析。结果印刷图案的表面粗糙度较高,最大值、最小值分别为1.812,1.524μm,建立凹版印刷图案的厚度和表面粗糙度数学模型决定系数分别为76.32%和82.25%,通过考虑刮刀类型和压区压力等其他参数,可以提高模型的决定系数(R2),进而提高模型的精确度。在高张力(4.0 N)的操作条件下,理论转移量(1.2 cm3/m2)的表面粗糙度更均匀,使用低粘度油墨会导致更大的图像厚度,进而降低制造成本。结论粘度、速度、张力*速度、速度*粘度、张力*粘度*理论转移量(*表示几个因素共同作用)为厚度变化的主要影响因素。理论转移量、张力*理论转移量、张力*速度、张力、粘度*理论转移量为表面粗糙度变化的主要影响因素,且理论转移量是决定表面粗糙度的最重要因素。"
2019,新产品新技术(140)--《印制电路信息》,热固性树脂;三菱瓦斯化学公司;,"可对应高温制程之电子基板用PC薄膜沙特阿拉伯基本工业股份有限公司(SABIC)开发了一项利用聚碳酸酯(PC)制成的薄膜「LEXAN CXT FILM」,具有优异的热稳定性与光透过性,玻璃化温度(T_g)为196℃,在高温环境下亦能发挥其优异的热稳定性与尺寸安定性。以厚度50μm的薄膜而言,光透过性最高达90%,显示其具有高度光学透明性,黄变状况也极少,经过长时间亦能维持与玻璃同等程度的透明性。此外兼具弹性等特征,未来可望应用于挠性印刷电子的基板。(材料世界网,2018/12/24)"
2019,柔性印刷电子技术解析及发展趋势--《集成电路应用》,印刷电子 柔性电路 有机电子 系统集成,"印刷制造的电子系统在形态上和性能上都不同于传统电子技术。最典型的例子是,印刷的晶体管不同于传统集成电路芯片中的硅基晶体管,印刷制备的柔性电路不同传统的PCB。因此,传统电子系统的设计方法不再适用,传统的系统集成技术也需要改变。分析印刷电子定义,起源与发展历程,阐述印刷电子技术涵盖领域。由于印刷电子本身的大面积、柔性化与低成本特点,所创造的电子产品具备了传统电子系统所没有的新形态、新特征。"
2019,高导热石墨/SEBS/超高分子量聚乙烯三元复合材料的制备与研究--《塑料工业》,石墨 超高分子量聚乙烯 隔离结构 高导热 取向,"以鳞片石墨(FG)为填料,热塑性弹性体苯乙烯-乙烯-丁烯-苯乙烯(SEBS)嵌段共聚物和超高分子量聚乙烯(UHMWPE)为基体,通过材料结构设计,在通用加工条件下构建了具有隔离结构的高导热三元复合材料。结果表明,FG和SEBS的混合物分布在UHMWPE颗粒周围组成隔离结构,形成导热通路; XRD结果证实FG在复合材料中存在择优取向,促使材料产生了的各向异性,复合材料在in-plane和through-plane两个方向上的最高导热系数分别为6. 781 W/(m·K)和2. 553 W/(m·K)。相对于纯的UHMWPE,导热系数分别提高了14. 07倍和4. 67倍。TGA结果表明FG的引入在一定程度上阻碍了复合材料的热降解,提高了材料的耐热性。"
2019,SABIC推出LEXAN~(TM) CXT耐高温薄膜--《塑料工业》,CXT;LEXAN;SABIC;TM;耐高温;,"沙特基础工业公司(SABIC)在美国加州举行的ID TechEx展会上展示一款全新透明耐高温薄膜产品LEXAN~(TM) CXT。这款基于聚碳酸酯(PC)的创新材料专为快速增长的柔性印刷电子市场而开发,具有出众的光学透明度和极高的设计灵活性,在高温下能保持卓越的热稳定性和尺寸稳定性,旨在为集成电路基板以及其他对加工温度要求较高的应用提供高性能、高性价比的解决方案。SABIC功能性材料业务全球经理Ravi Menon表示:""对于柔性印刷电子应用而言,基板是必不可少却又经常被忽视的"
2019,电场驱动喷射沉积微纳3D打印技术及应用--《航空制造技术》,微纳尺度D打印 电场驱动喷射沉积 微纳增材制造 多材料多尺度D打印 功能梯度材料/结构,"微纳尺度3D打印是增材制造的前沿和研究热点,在航空航天、组织工程、生物医疗、微纳机电系统、新材料(超材料、轻量化材料、智能材料、复合材料)、新能源、柔性电子、印刷电子、结构电子、微纳光学器件、微流控器件、可穿戴电子产品、软体机器人等诸多领域和行业有着非常广泛的应用。介绍了课题组近年提出并建立的一种微纳尺度增材制造新工艺——电场驱动喷射沉积微纳3D打印,并论述了近年研究进展和取得的重要成果,介绍了5个工程应用案例。电场驱动喷射沉积微纳3D打印为微纳尺度3D打印和微纳制造提供了一种全新的解决方案,具有良好的工业化应用前景。"
2019,"围观,这个喷墨打印头为什么这么吸引眼球?--《今日印刷》",喷墨打印;工业级;同类产品;数码打印;纺织印花;喷墨印刷;数码印刷;股份有限公司;苏州工业园区;纳米技术;喷墨技术;研发资金;,"锐意进取,厚积薄发!这是苏州锐发打印技术有限公司的企业精神,也是企业名称的来源。2018年12月16日,在苏州园区福朋喜来登酒店举行的一场新产品发布会,吸引了许多人的眼球,来自印刷行业、纺织行业、电子行业、增材制造行业等与喷墨打印密切相关行业的专家、企业代表,以及上下游供应商等数百人齐聚一堂。上海安诺其股份有限公司董事长纪立军,上"
2019,"功能印刷,印刷技术的新大陆!--《今日印刷》",功能印刷;印刷工业;印刷技术;喷墨印刷;印刷包装业;印刷电子;,"功能印刷的内涵谈起功能印刷,它是基于当下为了提高印刷品的价值,并更好地服务于未来其他高新科技产业而提出的全新概念。功能印刷并非一种印刷技术,更多的是一种印刷目的与方向。功能印刷是可以让印刷脱离原先基于生产者的单向印刷要求而转变为以客户技术需求为核心的服务型印刷趋势。所以越来越多的人开始关注功能印刷,功能印刷正在带动印刷工业与高新科技融合,为智能制造的实现打下坚实基础。"
2019,印刷企业管理模式分析与建议--《经济研究导刊》,管理模式 建议 印刷企业,"信息技术的不断进步,对我国印刷市场造成较大的冲击,传统的印刷企业管理模式已经无法适应时代的变化,需要进行一系列改革。对印刷企业管理模式以及管理模式改革进行相关探讨,对印刷企业的管理有一定的参考意义。"
2018,出版人才:出版事业兴旺发达的智力泉源与不竭动力--《滇西科技师范学院学报》,出版事业 出版人才 出版质量 职业道德 选题能力 预测能力,"出版人才作为出版事业勃兴与繁荣的智力泉源与内生动力,优秀出版人才的培养与造育、发现与使用十分关键。打造一支专业精湛的出版队伍、提升出版人才的整体素养,应做到:转变发展理念,大力提升出版业质量与内涵;强化德、能、识""三大素质""、培育超卓出版人才(出版家);提升""四大能力""、造就行业精英。唯有如此,才能令出版业人才辈出、优秀出版人才向出版家迈进。"
2015,纤维素的改性及应用研究进展--《化工进展》,纤维素 纤维素衍生物 化学改性,"植物纤维素是天然的可再生资源,对纤维素的改性利用一直是研究的热点。本文简要介绍了纤维素的结构与性质,综述了纤维素的改性方法,包括物理改性、化学改性和生物改性等,其中化学改性是最主要的方法,包括酯化、磺化、醚化、醚酯化、交联和接枝共聚等,通常涉及其结构中羟基的一系列反应。通过改性,引进了一系列离子型基团,有利于增强纤维素的亲水性。经改性后的纤维素与之前相比,结晶度和聚合度明显降低,可及度明显提高,无论物理性质还是化学性质都表现出更大的优越性。其后回顾了纤维素衍生物在食品、造纸以及建筑行业中的一些研究应用成果,阐述了其在医药及废水处理等方面的研究进展,并展望了纤维素衍生物的发展前景。"
2015,微纳尺度3D打印--《中国科学:技术科学》,微纳尺度D打印 复杂三维微纳结构 微立体光刻 微纳制造 微纳结构增材制造,"复杂三维微纳结构在微纳机电系统、生物医疗、组织工程、新材料、新能源、高清显示、微流控器件、微纳光学器件、微纳传感器、微纳电子、生物芯片、光电子和印刷电子等领域有着巨大的产业需求,然而现有的各种微纳制造技术无论从技术层面还是在生产率、成本、材料等方面还难以满足高效、低成本批量化制造复杂三维微纳结构的工业级应用的需求.高效、低成本批量化制造复杂三维微纳结构(尤其是大面积复杂三维微纳结构)一直被认为是一项国际化难题,也是当前国际上学术界和产业界的研究热点,以及亟待突破的瓶颈问题.微纳尺度3D打印(微纳结构增材制造)在复杂三维微纳结构、高深宽比微纳结构以及复合材料三维微纳结构制造方面具有突出的潜能和优势,而且还具有设备简单、成本低、可使用材料种类多、无需掩模或模具、直接成形的优点.微纳尺度3D打印被美国麻省理工学院(MIT)的《技术评论》列为2014年十大具有颠覆性的新兴技术.本文论述了近年国际上微纳尺度3D打印重要的研究进展和代表性研究成果,微纳尺度3D打印典型重大应用,阐述了微纳尺度3D打印当前面临的挑战性问题,并探讨了微纳尺度3D打印未来的应用前景和发展方向及趋势.为深入开展微纳尺度3D打印、增材制造和微纳制造的科学研究和工程化应用提供一定的借鉴和参考作用."
2016,柔性可穿戴电子传感器研究进展--《化学学报》,可穿戴电子 柔性传感器 印刷制造 人体监测,"随着智能终端的普及,可穿戴电子设备呈现出巨大的市场前景.传感器作为核心部件之一,将影响可穿戴设备的功能设计与未来发展.柔性可穿戴电子传感器具有轻薄便携、电学性能优异和集成度高等特点,使其成为最受关注的电学传感器之一.综述了近年来柔性可穿戴电子传感器的研究进展,包括压阻、电容、压电、力致发光和摩擦电等信号转换机理,金属、无机半导体、有机和碳材料等柔性可穿戴电子的常用材料,柔性电子传感器的印刷制造及其在体温和脉搏检测、表情识别和运动监测等方面的最新应用,最后提出了柔性可穿戴电子传感器面临的挑战与未来发展方向."
2015,我国生物传感器研究现状及发展方向--《山东科学》,生物传感器 酶电极 分析仪器 应用市场,"生物传感器是一个内容广泛、多学科介入和交叉的研究领域。本文以固定化酶传感器为重点,对我国生物传感器技术现状和特点进行了总结。在生物活性元件的种类、固定化策略和推广应用方面进行了分析,指出影响我国生物传感器实用化进程的主要问题是传感器酶品种缺乏、稳定性差以及检测底物范围受限等。以此为基础,在酶分子元件、生物电子器件、传感器制造技术及市场开发等几个方面,对今后发展重点和方向进行了探讨,建议加强新型酶分子元件、生物电子器件的标准化和分析系统的集成技术研究。"
2014,纳米纤维素及其功能材料的制备与应用--《南京林业大学》,纳米纤维素 磁性纳米纤维纸 功能微米纤维 分散剂 锂/钠离子电池,纳米纤维素是直径100nm长度可到微米的纤维聚集体它具有优异的机械性能巨大的比表面积高结晶度高亲水性高透明度低密度良好的生物可降解性与生物相容性以及稳定的化学性质因此纳米纤维素在生物制药食品加工造纸能源材料功能材料等领域已显示出巨大的应用潜力然而细胞壁外层微纤丝呈网络状排列以及纤维的高结晶度降低了纤维素对试剂的可及度使得纤维溶解及分丝帚化十分困难而常规的处理技术与方法制备纳米纤维素存在能耗高或得率低等问题严重阻碍了纳米纤维素在上述领域中的应用研究步伐论文针对植物纤维结构与形态特点主要开展了纳米纤维素制备纳米纤维基磁性功能纸纳米纤维素基功能纤维及纳米纤维素分散剂研究与应用等方面的工作纳米纤维素制备方法上首先系统分析比较了打浆超声波氢氧化钠尿素硫脲体系对纸浆纤维纳米化的作用打浆处理能有效降低纤维的长宽度有助于纤维的润胀与分丝帚化超声波处理将使纤维表面产生沟壑裂纹对破裂破除细胞壁外层有一定的帮助而NaOH尿素硫脲体系能打开纤维间的氢键结合促使纤维发生高度润胀结合以上处理方法在文中制备了高得率高热稳性的纳米纤维素TEMPO选择性氧化能赋予纤维更多的羧基基团有效削弱纤维微纤丝间的内聚力促使纤维吸水润胀借助微射流技术处理TEMPO氧化纤维制得了水溶性及分散稳定性优异的纳米微细化纤维NFC透明磁性纳米纤维纸的制备通过将磁性纳米粒子与NFC混合通过过滤实现磁性纳米粒子固定在纳米纤维纸三维网路结构中从而制备了高强度透明磁性纳米纸其透明度高达86抗张强度为1713MPa磁矩为143μB研究发现透明磁性纳米纤维纸的光学力学以及磁学性能都与Fe304纳米颗粒的含量有关Fe304纳米颗粒的含量越高透明度越低力学性能越差然而磁化强度越高且NFC的存在对于Fe304纳米颗粒的的磁矩基本没影响该制备原理与方法同样适用于导电或导热等功能纳米纤维纸的制备以一维的NFC和二维的氧化石墨烯GO为原料制备了高强度的GONFC微米纤维高强度微米纤维以GONFC的混合液晶纺丝液通过湿纺的方法得到研究发现GONFC微米纤维强度明显高于单独的GO微米纤维或者NFC微米纤维强度因为NFC能利用羟基分子间氢键作用将GO片与片粘接在一起提高了GO片间的结合强度同时NFC可以像线一样将二维GO片连接起来二维GO也可以将多跟纤维结合起来宏观上提高NFC间的氢键结合密度这种GO与NFC之间的协同作用由此大幅度提高了复合微米纤维的机械性能分子学动力模拟也证实了上述结论对复合微米纤维进行离子强化渗透处理发现离子键的引入能进一步增强微米纤维强度最终得到的GONFC复合微米纤维抗张强度可达4424MPa弹性模量为341GPa研究也发现NFC与GO间的协同作用原理适用于其他形式的高强材料制备研究将得到的GONFC微米纤维进行炭化处理可以得到超导电cGONFC微米纤维其平均导电率为64960Scm研究表明GO将成为NFC炭化模型剂将促进NFC的炭化程度炭化后的NFC形貌由球形变为涂覆在炭化GO片上的炭涂层同时NFC炭涂层也起到对炭化后的GO缺陷修复与连接炭化GO片的作用进而提高微米纤维的导电性能对实验制得的超导cGONFC电微米纤维用于锂离子电池组装试验63个充放电循环以后电池的放电容量稳定在312mAhg另外超导电微米纤维也具有用于制备柔性可穿戴电子设备的潜在用途利用NFC表面存在大量羟基的亲水点与CH基团的疏水活性点的两亲性可作为二维材料BN和MoS2以及一维材料CNT理想的分散与稳定剂研究结果表明以NFC作为分散剂BNMoS2和CNT分别被分散在水溶液中并成功制备出了具有导热功能的BN复合薄膜薄膜导热系数约为150WmK抗张强度182MPa钠离子电池MoS2复合薄膜薄膜抗张强度达159MPa第一个循环充电电容335mAhg第三个循环后充放电效率稳定在85以上以及用于可穿戴电子器件的CNTNFC微米纤维抗张强度达247MPa导电率约为2668Scm和BNNFC微米纤维抗张强度为244MPa本论文以植物纤维制备的纳米纤维素为原材料基于纳米纤维素优异的机械性能表面两亲特性高透明度低的热膨胀系数以及稳定的化学性质等诸多独特性能首次研制出了透明磁性纳米纤维纸超导电纤维状锂离子电池电极材料钠离子电池MoS2薄膜电极材料导热BN薄膜以及GONFCBN微米超强复合纤维并成功进行了相关验证实验取得了较为满意的研究结果研究发现纳米纤维是薄膜材料超强复合纤维制造的理想结构单元与增强剂并且首次揭示纳米纤维素对二维材料水相分散所体现出的高度分散与稳定性能进一步拓宽了纳米纤维素的应用范围
2008,导电油墨构成与导电性能关系的研究--《北京印刷学院》,导电油墨 低电阻 薄涂层 水性 胶印,为了研发适用于胶印喷墨等高速高精度印刷方式的新型导电油墨得到厚度薄表面电阻低的导电涂层本论文制备了有机酸银型与导电高分子型两种导电油墨并对其构成与导电性能的关系进行了研究在有机酸银导电油墨研究中在高分子保护剂聚乙烯基吡咯烷酮PVP存在的条件下通过柠檬酸钠与硝酸银反应合成了柠檬酸银乳液并用抗坏血酸Vc对柠檬酸银乳液进行还原制得了纳米银胶导电油墨研究结果表明当PVP含量为2研磨时间为2小时时得到了纳米级的柠檬酸银乳液Vc过量一倍柠檬酸银纳米乳液还原彻底其粒径分布在1050nm无明显团聚现象通过水浸泡与低温烧结150对导电涂层进行后处理均能得到涂层厚度小于3μm表面电阻小于10Ω的低电阻薄导电涂层对水浸泡前后导电涂层进行FTIR测试及相关研究表明纳米银颗粒在水作用下的生长以及副产物溶解使得纳米银膜更加致密的排列降低了涂层表面电阻DSCTG结果表明纳米银的低熔点特性与有机物的分解使得导电涂层的表面电阻在烧结过程中大幅降低在导电高分子导电油墨研究中以基于聚乙烯基二氧噻吩PEDT的导电高分子水分散液为导电填料通过二甲基亚砜DMSONN二甲基甲酰胺DMF等二次掺杂剂的加入水性树脂的筛选增稠剂对导电油墨黏度的调节以及导电油墨配方的优化制得了适用于胶印的环保型水性导电油墨通过在胶印机上的实际印刷得到了膜层厚度小于3μm表面电阻低于100KΩ的导电涂层研究发现DMSODMF的加入能够改善导电高分子的分子链状况使其更加有序舒展从而提高导电油墨的导电性能在树脂含量相对较高的导电油墨体系中水性增稠剂能够有效的提高导电油墨黏度印刷样张在室温下能够长时间保存导电性能不发生变化
2003,高校文献资源建设中各种载体信息的构成和配置研究--《大学图书馆学报》,文献资源建设 馆藏构成 文献载体 高校图书馆 藏书采访,"以高校图书馆文献经费使用和馆藏资源状况调查统计数据为依据,分析论述大学图书馆馆藏构成的特点和发展状态;以南京大学图书馆为例,对投入产出效益作实证性研究,以利用率论证各载体文献在资源建设中的合理配置,并提出可操作的工作原则。"
2008,喷墨打印技术在PCB中的应用前景--《印制电路信息》,印制电路板 数字喷墨打印技术 图形转移 埋嵌无源元件 全印刷电子技术 纳米级油墨,"文章简要的介绍了喷墨打印技术在PCB工业中的应用前景。从喷墨打印技术在PCB中应用发展来看,首先是在图形转移中应用,然后再推广应用到埋嵌无源元件和全印刷电子产品的的领域上。今后,喷墨打印技术会成为PCB工业生产的主流之一。"
2006,"1,3-双(4-氨基苯氧基)苯的合成及其聚酰亚胺--《绝缘材料》",-双(-氨基苯氧基)苯 可溶性聚酰亚胺 合成 性能,"间苯二酚和对氯硝基苯通过缩合反应,合成得到了1,3-双(4-硝基苯氧基)苯(134BNPB);随后,在Pd/C-水合肼的还原体系中,被进一步还原,得到了1,3-双(4-氨基苯氧基)苯(134BAPB)单体。基于134BAPB单体,制得了多种结构的芳香族聚酰胺酸树脂及其对应的可溶性聚酰亚胺树脂,并对它们的性能进行了研究。"
2003,正己烷的毒理学研究概况--《职业与健康》,正己烷 毒理学 代谢 毒性," 正己烷(n-hexane)属饱和脂肪烃类,由于其价格低廉,性能良好,在印刷、电子器件清洗、粘胶、制鞋、家具、运动器材及干洗等行业中广泛使用,而且在某些生产过程中,迄今尚未找到其他有效的替代物。按急性毒性分类,正己烷属低毒类[1];但因其高挥发性、高脂溶性,且有蓄积作用和神经系统的毒作用,故被认"
2014,深圳地区臭氧污染来源的敏感性分析--《中国环境科学》,深圳 臭氧 敏感性 源排放,"利用美国EPA开发的区域多尺度空气质量模式CMAQ对2008年8月发生在深圳地区的臭氧污染过程进行模拟,运用源敏感性识别工具DDM-3D分析深圳本地排放源及周边地区排放源对深圳地区臭氧污染形成的敏感性.研究表明,VOCs人为源排放对深圳臭氧形成敏感度高,控制深圳臭氧污染的关键在于控制VOCs人为源排放,控制重点应放在化学品/橡胶/塑胶、印刷、电子产品制造、家具、玩具、制鞋、建筑涂料使用、家用溶剂等方面;深圳的臭氧污染具有区域特征,在不利天气条件下,需与周边城市协调控制才能达到8h平均浓度120μg/m3的目标."
1986,区域发展战略的理论和案例研究--《自然资源学报》,案例研究 区域发展战略 发展战略研究 连云港市 导向模式 产业结构 陈传康 对应变换 第三产业 农业结构," 一、理论基础 有关一定单位的组织管理问题,从高层次到低层次,可分为战略规划层、计划管理层、组织运行层等不同级別。高层次,也即战略规划层的组织管理研究称为发展战略,这方面研究属于带有软科学性质的软咨询。 有关具体区域的战略规划层的组织管理研究,称为区域发展战略,这方面研究习惯只强调其长期性和规划性两方面,而忽视其结构性特征,正是发展战略的结构性保证了这项研究具有科学性。发展战略研究的长期规划性并不是脱离现实的构想,有了长期的远景"
2005,我国资源型城市竞争力的重塑与提升--《中南大学》,资源型城市 竞争力 冷水江 博弈 DEA,建国以来在大规模推进工业化的进程中一大批资源型城市伴随着资源的大规模开发而相继兴起这些城市为国民经济乃至国家安全做出了重大贡献但是经过多年的高强度开发资源型城市的资源储备逐渐枯竭开采成本急剧上升竞争力严重削弱富余下岗人员大幅增加主导产业的衰退不可避免地影响到这些城市的经济和社会发展一些情况严重的城市已经陷入举步维艰的地步因此根据资源型城市经济发展的自身规模特色和优势通过调整产业发展战略在推动资源型城市经济文化和环境改造的同时重塑与提升其竞争力对实现资源型城市的可持续发展具有重要意义本文对资源型城市竞争力重塑与提升的研究分为四部分共十一章第一部分第一二章第一章在对国内外相关研究现状进行总结和评价的基础上主要阐述研究资源型城市竞争力重塑与提升的目的和意义以及本文的研究方法和创新点第二章对我国的资源型城市进行界定和分类在详细分析其特点后指出资源型城市重塑与提升竞争力的必要性及存在的困难并总结了国外资源型城市的成功经验第二部分第三四五六章第三章总括性的提出资源型城市竞争力重塑与提升是一个系统工程最终要依靠产业转型社会转型环境改造这三大支柱在无形的力开放和文化和有形的手政府的共同促进下更为协调的互动第四章指出产业转型包括衰退产
2011,图像配准和缺陷检测算法在印刷系统中的应用研究--《北京交通大学》,印刷检测系统 图像配准 缺陷检测 人眼视觉特性,目前国内的大多数中小型印刷企业对基于机器视觉和图像处理理论的印刷品缺陷自动检测系统的需求相当迫切国内在此方面的研究才刚刚起步因此开展此方面的研究对提高我国印刷行业的整体水平具有重要的作用本文主要研究了以下内容第一印刷品图像预处理和缺陷检测算法是印刷缺陷检测系统的核心本文首先分析了印刷检测系统面临的几个图像预处理问题包括彩色印刷品的灰度化噪声的滤除印刷图像的配准图像的差分等并针对以上问题提出了相应的解决方案图像配准算法是图像预处理中的难点因此我们根据系统的要求和对常用的图像配准算法的深入对比研究探索找到了适合印刷检测系统的配准算法基于金字塔和模板匹配的图像配准算法实验验证了该方法不仅有较高的配准精度也具有较高的配准速度能满足检测系统对图像处理的实时性和精度的要求第二本文提出了基于人眼视觉特性评价的图像缺陷检测方法该方法首先利用区域分割算法对印刷差分图像进行缺陷区域分割其次结合数学形态学方法对各个缺陷区域进行特征分析这些特征包括缺陷的大小类型面积等信息最后根据人眼的视觉特性对缺陷进行了客观质量评价根据评价的结果来判定缺陷对图像的影响程度实验证明该方法具有良好的人工智能性能够满足印刷检测系统对印刷缺陷的检测标准要求第三根据印刷厂商提供的印刷检测系统的功能需求设计了印刷检测系统的具体功能模块并在VC60和OPENCV的开发平台下编程实现了印刷检测系统的软件功能部分该软件部分能支持印刷品图像的输入图像的预处理缺陷检测缺陷列表输出人机交互查看缺陷等功能
2012,实时以太网EtherCAT网络研究及在多轴运动中的应用--《南昌航空大学》,EtherCAT 多轴运动 PSoC 分布时钟 netANALYZER,目前多轴运动系统已经广泛应用于高速印刷电子装配及智能机器人等领域其实时和同步性能直接影响着产品的品质和性能传统的基于现场总线的多轴运动系统已经在远距离传输时显示出了其在速度和同步精度方面的缺陷且各种现场总线长期缺乏统一的标准开放性大大受限因此将具备高带宽高精度和开放性好等特点的实时以太网应用到轴动领域将很好的解决这些问题对网络化的多轴运动系统的研究有重要的理论意义和广阔的应用前景本文首先分析了现场总线的不足继而通过对比引出了德国Beckhoff公司的实时以太网EtherCAT网络接着论文分别从物理层数据链路层和应用层等角度详细地介绍了EtherCAT网络的运行原理及协议基础并以主从方式搭建了EtherCAT通信网络EtherCAT主站功能的实现主要借助TwinCAT组态软件及VC编写的应用程序共同完成二者之间采用ADS自动化设备规范路由接口进行通信从站方面在使用Beckhoff公司的模块完成了基本网络的搭建后论文进一步将其应用到了多运动系统在多轴运动系统的具体设计中论文以PSoC器件为EtherCAT微处理器中心单元配合EtherCAT从站控制器实现了复杂从站设备功能完成了多步进电机的细分驱动和加减速规划等设计最后论文借助netANALYZER实时以太网分析仪和Wireshark网络封包分析软件完成了EtherCAT网络报文的捕获及系统性能的测试和分析实验结果表明本文完成了EtherCAT网络的搭建和远程通信且其优越的高速和高同步精度性能十分适合远距离多轴同步运动的控制
2014,可用于印刷电子的水性CNTs导电材料及其在印刷电子器件上的应用--《影像科学与光化学》,印刷电子 碳纳米管 双亲嵌段共聚物 气敏传感器,"印刷电子技术较传统硅基微电子技术具有大面积、柔性化与低成本的优势,具有广阔的应用前景。而印刷电子材料的制备是印刷电子技术得以蓬勃发展的关键所在。碳纳米管(CNTs)是近年来发展迅速的新型碳材料之一,可应用在透明导电薄膜、晶体管、电容器、传感器、催化剂、高强度材料等各个材料领域。本文主要介绍了采用双亲共聚物改性CNTs,制备适用于印刷电子的导电墨水及其在印刷电子器件上的应用。"
2018,银纳米线透明导电膜的制备及其在印刷电子中的应用--《影像科学与光化学》,银纳米线 透明导电膜 触控显示 太阳能电池 有机发光二极管,"透明导电膜广泛应用于光电器件中,其性能影响着器件的整体性能。近年来,研究者们开发了许多基于纳米材料的透明导电膜,其中银纳米线透明导电膜整体性能优异,有可能取代目前应用最多的ITO导电膜。本文通过分析近年来国内外针对银纳米线透明导电膜开展的研究工作,总结了提高银纳米线透明导电膜综合性能的方法,并综述了其在触控显示、太阳能电池、有机发光二极管中的应用。"
2017,恩福赛印刷电子有限公司副总经理王展  印刷电子的“天时人和”--《中国自动识别技术》,总经理助理 固体电子学 材料协会 半导体设备 智能包装 福赛 集成产品 咨询专家 市场总监 物联网,"王展,微电子与固体电子学硕士,专注于集成产品研发及营销传播平台构建,具有近20年的营销及管理实战经验。他曾任瑞同科技传媒CEO、华人知名管理咨询专家余世维特别研究助理、SEMI国际半导体设备与材料协会中国区战略市场总监、复旦微电子集团总经理助理等职务,对电子信息产业及物联网领域"
2015,基于印刷电子的透明导电薄膜研究进展--《影像科学与光化学》,透明导电薄膜 印刷电子 喷墨打印 图案化 透明电极,"透明导电薄膜是一种在可见光范围内透光率较高、导电性优良的薄膜材料。近年来随着智能手机、平板电脑等电子产品日益普及,透明导电薄膜受到越来越多的关注。本文分析了目前占据市场统治地位的掺锡氧化铟透明导电薄膜的缺点以及近年来国内外对透明导电薄膜开展的研究工作,总结了目前在印刷电子领域透明导电薄膜的主要研究方向,一方面是在传统金属氧化物薄膜基础上的改进;另一方面是寻找新型透明导电薄膜材料,并分别综述了各个研究方向的最新进展。"
2017,石墨烯基墨水的制备及其在印刷电子中的应用--《科技导报》,印刷电子 石墨烯 喷墨打印 丝网印刷 D打印,"石墨烯材料具有优异的导电性、柔性、化学稳定性等特征,在印刷电子领域中具有广阔的应用前景。概述了石墨烯材料的宏量制备方法,结合喷墨打印、丝网印刷和3D打印等方法介绍了石墨烯墨水制备的技术特点和要求,展示了石墨烯在印刷电子功能器件中的应用,主要类型包括透明导电薄膜、柔性电路、超级电容器和可穿戴传感器等。总结了该领域当前研究进展中存在的问题和挑战,从材料设计、加工制备和器件应用方面进行了展望。在未来发展中可通过丰富石墨烯打印线路的结构形式,并注重利用组装的策略增强结构有序性,实现多功能、高性能的器件制备和应用。"
2014,液态金属印刷电子墨水研究进展--《影像科学与光化学》,印刷电子 导电墨水 液态金属 氧化性 润湿性 电导率,"印刷电子是一种基于印刷原理的新兴电子增材制造技术,与传统电子加工方法相比,它在大面积、柔性化、个性化、低成本制造电子等方面具有无可比拟的优势。印刷电子所用的典型导电墨水通常分为三类:碳系、高分子及金属导电墨水,然而它们在打印后仍需借助高温后处理工艺,以进一步提升打印物及墨水的电导率及运行可靠性,步骤稍显繁琐;且由于相应纳米材料及墨水的配制较为复杂,也增加了使用的成本。液态金属作为一大类新出现的电子打印墨水,近年来正日益成为重要的研究领域,这种墨水具有电导率高、制备简单、无需后处理等独特优点。为推动这一方向的研究,本文评述了国内外围绕液态金属导电墨水物理化学性质的研究进展及对应的典型打印方法,并指出了进一步发展的方向。"
2017,导电油墨在印刷电子方面的研究进展--《北京工业大学学报》,印刷电子 柔性电子 导电油墨 附着力,"随着新型柔性电子器件的出现、发展与应用,印刷电子的制备工艺相对于其他传统技术表现出成本低、效率高以及可大面积生产等比较优势,逐步受到广泛关注.而导电油墨作为印刷电子工艺中的重要组成部分,越来越多的科研工作者对其进行了研究.为此针对导电油墨进行了相关论述,并阐明了未来导电油墨的发展方向,其中重点介绍了金属纳米颗粒型、金属有机分解型和金属纳米线型等不同导电体系的导电油墨,评述了它们的整体特点、制作方法和应用实例,并针对各油墨体系提出了改进其在基材上的附着力设计方法.可以看出:在印刷电子工艺中所使用的导电油墨,其性质与特征决定了整个制备工艺的流程和最终产品性能,并且将会继续沿着低成本、环境友好型和高导电性等方向进行发展."
2014,微纳柔性制造与印刷电子材料--《中国材料进展》,微纳柔性制造 印刷电子 金属网格透明导电膜,"微纳加工技术主要应用在光电子和IC领域,随着国际新一轮印刷电子技术的发展,电路线宽越来越细,对印刷电子材料与应用技术提出更高要求,传统印刷术很难实现数微米以下精密电路。针对国际行业研究现状、工艺及最新进展,详细阐述微纳柔性制造技术的原理与特点。基于微纳图形化激光直写光刻技术、卷对卷纳米压印技术及其配套(微纳填充、转印和软压印)技术,以大尺寸透明导电材料的研发为例,微纳柔性制造在106.68 cm幅面上使印刷电路的线宽达到1.5μm。微纳柔性制造方法属于""加法""制造。展望了柔性制造在印刷电子材料产业发展中的前景和需求,指出微纳柔性制造与印刷材料的结合,有可能成为新一轮大尺寸柔性显示与触控、传感器件等产业发展的有力工具和推动性力量。"
2017,用于印刷电子技术的氧化锌纳米材料的研究--《天津理工大学》,印刷电子技术 纳米ZnO 压电传感器 超疏水薄膜,印刷电子技术是指利用传统印刷技术制造电子器件与系统的科学与技术基于该项技术工艺的大面积柔性化与低成本的鲜明特征在实际应用中可达到减少污染降低材料浪费与成本的效果氧化锌ZnO纳米材料作为一种常见且结构非常稳定的半导体金属氧化物其高比表面积表面活性强对外界变化非常敏感等优势都非常适合用于制造压电传感器此外经疏水羧基修饰后的ZnO纳米材料具有优异的超疏水特性本文将主要是ZnO纳米材料与印刷电子技术相结合制备了柔性压电传感器和超疏水薄膜本论文主要内容如下所述采用高温氧化法制备了四针状纳米ZnO结构通过X射线衍射扫描电子显微镜等表征手段对其结构形貌进行分析结果表明马弗炉的炉膛内温度对样品结构性能影响较大炉膛内温为10501100时样品为四针状ZnO结构为反应的最佳温度采用水热法成功制备了花状的ZnO纳米结构实验结果表明以醋酸锌为原材料过氧化氢和PVP为络合物在氢氧化钠碱性环境下的最佳反应条件为真空干燥箱的温度为140反应时长为2h得到三维花状ZnO结构四针状ZnO纳米颗粒相对于压力信号具有快速敏感的传感性能通过四针状ZnO与carbonpastescreen结合以ZnO纳米四针颗粒制备敏感层碳浆制备碳电极制备得氧化锌压力传感器本研究制得的以碳浆修饰电极和ZnO敏感层制备得压电传感器具有高灵敏度的压电传感性能花状结构与四针状结构的纳米ZnO在此基础上通过低表面能物质硬脂酸的化学修饰从而获得具有超疏水特性的表面并通过添加聚氨酯等成功提高薄膜的附着力
