2016,试论水性油墨在柔印中的应用--《科技经济导刊》,水性油墨 柔版印刷 工业,"随着现代工业的迅猛发展,印刷技术也得到了巨大进步,且在生产生活中的应用越来越广泛。印刷技术是文化宣传、艺术塑造的重要工具,我们必须要深刻分析和广泛应用各种印刷新技术。基于此,本文将介绍水性油墨的特点、发展、应用、以及注意事项,以期能促进水性油墨在柔印中的应用质量。"
2007,水性油墨发展综述--《化工科技市场》,水性油墨 发展历史 技术 经济 发展趋势,"文章参考中国油墨相关书籍及国外相关期刊杂志,从水性油墨发展的历史、技术发展概况、应用概况,经济概况、技术发展动态和发展趋势对水性油墨进行了综述,对中国的水性油墨的发展历史,现状,及存在的问题进行了简单的分析,使人们对水性油墨有所了解。"
2016,柔性版常见故障的处理--《科技经济导刊》,柔性版 印刷方式 故障处理,"随着人们对印刷质量的要求的不断提高,柔板印刷方式在整个印刷领域中的应用范围不断扩大。该印刷方式应用广泛、优势明显,但在实际工作中仍经常出现问题。鉴于此,本文将详细介绍柔性版印刷常见故障的处理方法,以期能提高柔板印刷的质量。"
2007,微胶囊电泳柔板显示器件及材料研究进展--《材料导报》,柔板显示器件 微胶囊 电泳显示 电子墨水 显示技术 柔性显示器件 制备方法 原位聚合法 制备工艺 界面聚合法,"微胶囊电泳柔板显示器是一种新近发展起来的电泳显示技术,有着广泛的用途。介绍了微胶囊电泳柔板显示器的显示原理、制备工艺、微胶囊的制备方法及器件衬底材料的研究现状,对各种制备方法及工艺进行了分析与综合评述,同时讨论了国内外柔板显示器及材料的应用研究现状、存在问题及发展前景。"
2004,第六届中国国际柔凹印展6月将在上海召开--《中国包装》,包装印刷 柔版印刷 柔性版印刷 凹印工艺 柔印技术 包装产品 凹印技术 博览中心 观众优势 瓦楞纸箱," “第六届中国国际柔印、凹印技术设备展”将于2004年6月16日至19日在浦东上海新国际博览中心隆重举行。 近年来世界上柔印发展很快,虽然这几年我国柔印取得很大发展,但在包装印刷总量上仅为70％左右的占有率。一些先进国家的包装产品采用柔板印刷已占包装产品总量的75％以上,距离之大,可见一斑。 随着我国进入WTO,国际包装订单会大幅度增加,对包装印刷品会有更高的要求,我国的柔性版包装印刷"
2009,柔板显示技术研究进展--《材料导报》,柔板显示 电子纸 电子墨水 电致发光显示器件 电致变色 光子墨水 显示技术 光子晶体 研究进展 显示原理,"作为下一代显示技术的代表,模拟普通纸张显示效果的柔板显示技术已经成为世界各国研究的焦点。目前,主要包括4种实现柔板显示的技术,分别为电子墨水显示技术(Electronic ink display technology,EID)、柔性电致发光显示技术(Flexible organic light emitting devices display technology,FOLED)、电致变色显示技术(Electro-chromic display technology,ECD)和光子墨水显示技术(Photonic ink display technology,PID)。每种技术都有各自的特点,在器件制备方面各自都发展到了不同的程度。主要评述了这4种显示技术的研究进展,并对其未来的发展进行了简要的市场分析。"
2012,耐高温丙烯酸酯压敏胶带在挠性电路板行业的应用--《印制电路信息》,压敏胶带 耐高温 柔性电路板 回流焊,"双面压敏胶带在柔性电路板组装行业有着广泛的应用。本文综述了柔板行业对压敏胶带的性能要求,介绍了3M公司新型的耐高温丙烯酸酯压敏胶带,特别适用于要求在柔性电路板回流焊工艺前的表面粘贴应用。"
2017,基于机器视觉的FPC智能对位系统的研究--《光电子·激光》,柔性电路板(FPC) 机器视觉 阈值分割 椭圆拟合,"针对传统对位装置对位精度低、速度慢的缺点,设计并开发了基于机器视觉的柔性印刷电路(FPC)智能对位装置。装置利用高分辨率工业CCD相机采集图像,配合机械和电气系统,控制运动控制卡完成FPC智能抓取、采集、处理和对位。在关键的定位算法中,通过改进的一维Otsu阈值分割方法对FPC图像进行阈值分割,利用提出的三椭圆平均拟合法提取定位圆圆心坐标,采用累计概率Hough直线变换测量旋转的角度;进而将计算的相对于标准位置的偏移量传送至运动控制卡,利用闭环反馈控制伺服系统进行纠偏。在开发的样机上进行大量的在线实验结果表明,本文装置稳定性强,对位精度高,对位误差不超过±0.06mm,角度误差不超过0.001 6rad。"
2014,全自动贴敷PSA设备的研制--《电子工业专用设备》,柔性电路板 贴敷PSA胶片 自动化设备,"针对当前柔性电路板贴敷PSA(压敏胶)胶片工序自动化程度低的情况,研发了可以完成贴敷PSA工序的全自动化设备,并能够满足柔版生产线速率、适应多种规格的PSA胶片。对该设备的工艺流程、结构特点及达到的技术指标进行了论述。设备的研制极大地提高了生产效率和贴敷精度。"
2014,PSA贴敷机的精度分析与优化设计--《机械科学研究总院》,PSA 贴敷工艺 误差模型 动态特性 优化算法 运动控制器,柔性印刷电路板具有轻薄柔并易于大规模生产的特点在手机平板电脑等电子产品中得到了广泛应用柔板的自动化生产是提高产量和良品率的重要手段在柔板生产中关键设备如贴片机的自动化程度已很高但PSA贴敷还是以人工作业为主精度差效率低是典型的劳动力密集型生产为此我们研制了一种高精度高速度的PSA贴敷机节省了人力填补了市场空白本文以PSA贴敷机为研究对象针对PSA贴敷生产中高精度高速度的要求分析了PSA贴敷机由结构设计和运动控制引入的各误差项在仿真计算的基础上结合实际测量数据提出了优化设计方案并成功地应用到PSA产品中在分析贴装头的速度曲线时发现速度波动很大这是导致设备精度下降定位时间长的主要因素经过仿真计算发现使用基于全闭环S型曲线速度控制的方法可以满足设备的精度要求通过搭建嵌入式控制平台实现了该算法实测数据表明该算法可以解决设备精度下降和定位时间长的问题为PSA的产品化提供了指导意见在测试嵌入式控制平台时探索了相关的硬件组成和软件架构为将来的推广应用打下了良好的基础全文取得了如下研究成果1建立了PSA贴敷机的几何误差数学模型分析了影响贴敷精度的关键误差元素指出了设计和装配中需要注意的关键环节2对PSA贴敷机进行了模态计算和瞬态动力学仿真分析了影响PSA贴敷机动态特性的各项因素提出了优化设计方案并进行了验证3针对伺服电机高频次短距离定位中的振荡问题设计了全闭环S型曲线速度控制方法并进行了仿真验证为从控制上优化贴敷精度提供了理论基础4为优化设备控制系统和实现速度控制算法设计了以ARMDSP为核心的嵌入式控制平台优化了速度和位置控制曲线并通过该实验台验证了系统的可实施性
2017,柔性电路板智能对位装置的研究与开发--《浙江理工大学》,柔性电路板 机器视觉 对位 运动控制 精度 速度,近年来随着智能化电子产品和设备的迅速发展柔性电路板FPC的应用范围越来越广阔在柔性电路板的生产过程中对位是其关键技术环节本文针对自动化对位的生产需求进行了深入的研究开发出了基于机器视觉的智能对位装置包括机械运动控制和视觉系统在开发出的装置上进行了大量的实验分析验证了装置的精度速度以及稳定性全文取得的研究成果如下1针对柔性电路板的特性设计了柔性电路板智能对位系统的总体方案包括机械系统控制系统视觉系统三个子系统机械系统设计了基于伺服电机和步进电机的三坐标平台并针对FPC的柔软轻薄的特性设计了真空吸附装置完成FPC的抓取和放置减少了对FPC的机械损伤控制系统采用了运动控制卡对电机进行控制高效精准的完成了对FPC的一系列对位动作视觉系统对相机镜头光源及其照明方式进行了详细的研究根据技术指标和装置相关内外环境选择出了相机镜头光源的型号结合照明方式进行了装置的整体搭建2对采集图像进行了预处理分析研究各种算法的优缺点选择使用改进的中值滤波进行平滑去噪迭代法进行区域阈值分割并且使用形态学操作去噪最后使用了Canny算子进行了边缘检测3在图像定位算法中针对霍夫圆拟合不精准单个圆拟合随机误差较大的缺点并根据FPC定位圆的特性在不同半径区域内结合最小二乘法进行了多个椭圆的同时拟合定位取其平均值大大提高了定位圆定位的稳定性和精准性在FPC偏移角度定位中使用累计概率霍夫检测直线不仅执行效率高而且可以直接检测到端点坐标便于计算FPC的偏移角度4设计了柔性电路板智能对位的软件系统使用SaperaLT软件库和OpenCV函数库进行图像的采集和处理在运动控制方面使用了API函数中的定时器对不同运动动作设置相关标志位通过定时器扫描运动状态标志位的改变来判断执行步骤保证了系统稳定有序的执行大量的实验验证表明系统对位误差不超过006mm角度误差不超过00016rad速度为3schip
2013,柔性印制电路板自动生产设备关键技术研究--《华南理工大学》,柔性电路板 显著性 缺陷检测 图像配准 主边缘提取,柔性印制电路板行业经过六十多年的发展在新材料新工艺的带动下不断和上下游产业相互促进甚至融合发展已经成为国防军工芯片制造等具有战略意义行业中不可或缺的支柱产业本文研究工作的主要目的为提高柔板行业的自动化水平研制自动化设备提高生产效率降低废品率本文通过对柔板行业现有生产方式工艺环节的分析总结出制约该行业进一步提高自动化水平的四个典型工艺环节并深入分析这些环节中的实际问题抽象总结成为两类理论问题图像配准问题和表面缺陷检测问题通过对比人类和现有机器视觉算法在解决这两类问题时的不同方法和表现揭示出人类利用选择性注意机制和信息逐层抽取方式以较少的数据量完成了图像配准和缺陷检测的事实并设计了四个人类实验以实验数据证明了相关理论和猜想本文从仿生学角度出发尝试模拟人类在解决图像配准和表面缺陷检测这两类问题时所采用的视觉机制为了达到此目的首先提出了创新性的AB并行采集处理模式及其机构模型在这个机构模型的基础上以显著性计算为基础模拟人类的选择性注意机制和信息抽取方式把图像配准问题和表面缺陷检测问题整合到一个框架里为了讨论显著性也为了解决柔板图像的干扰边缘问题本文首先讨论了主边缘提取方法由于尺度空间的许多算子和人类视网膜以及视觉皮层的感受野剖面有着很高的相似度本文先讨论了基于尺度空间的边缘提取并提出了一种新的基于尺度空间和格式塔率模拟的主边缘提取法该方法能较好的去除保护膜X光图像纹理造成的干扰边缘得到主要对象的清晰轮廓同时也不影响缺陷的外观本文重点讨论了显著性的生成首先讨论了基于频域的显著性计算方法介绍了现有方法并提出了使用唯相位变换来进行计算的新方法进而讨论了图像金字塔里该显著性方法的特点即低分辨率下的频域显著性图较好的模拟了选择性注意机制而高分辨率下的频域显著性图凸显了包括缺陷在内的非常规模式可以作为很好的缺陷检测手段其次讨论了基于对象的显著性计算方法并提出了使用色彩先验知识来指导对象分割合并的新方法第三提出了新的显著性概念即基于缺陷的显著性计算方法该显著性计算方法模拟人类自上而下的串行视觉处理过程产生高层知识指导下的显著性图基于缺陷的显著性图一共有三种色彩缺陷显著性图边缘密度显著性图和边缘规整度显著性图在讨论了显著性图的特性后本文提出了一种基于显著性计算和局部不变特征的图像配准方法主要讨论了使用频域显著性方法和最大稳定极值区域法相结合的图像配准方法该方法使用图像金字塔中的低分辨率显著性图作为数据导引在显著性点周围进行开窗操作得到显著性区域而最大稳定极值区域法就在所开的显著性区域窗口中进行操作通过这样的处理方法减少了总体计算量降低了误匹配的可能性并通过显著性的导引形成了簇状的数据空间加速了匹配速度为了进行对比也讨论了使用基于对象显著性方法和局部不变特征法相结合的图像配准方法最后本文提出了一种基于显著性计算和信息熵倍率的表面缺陷检测方法这种方法分为两个阶段第一阶段工作在AB模式下当两幅图像粗配准完成后将两幅图像的高分辨率显著性点集进行几何变换后的双向比较进而得出缺陷候选对象而第二阶段使用唯相位变换前后的信息熵倍率来专门处理焊盘金面的缺陷检测问题这两阶段方法都是对人类缺陷检测行为的模拟而模拟的关键也是显著性计算方法
2017,虚模式运动控制技术在柔版印刷机中的应用--《天津大学》,柔版印刷 运动控制 虚模式 无轴传动 双伺服,节能减排和绿色发展使得应用水性墨水的柔版印刷成为印刷技术的发展趋势目前我国的柔版印刷技术还存在很多不足特别是无机械传动结构设计控制系统同步等关键技术问题未能解决已成为我国柔版印刷技术进步的主要障碍为提高柔版印刷机的工作效率改善柔版印刷工艺提高印刷质量本文针对柔版印刷系统中的机械传动结构运动控制技术等开展了研究工作完成了基于虚模式运动控制技术的柔板印刷系统的整体设计本文完成的主要工作有研究了虚模式运动控制机理及关键技术采用高速实时智能色标处理单元设计了基于虚拟电子主轴的总体方案该方案通过网络可以实现对本地数据的配置并可监测多种变量现场实验表明该方案具有结构简单调整方便传动精度高传动比范围宽等优点结合印刷工艺的需求设备机械设计计算了虚拟运动参数设计了包括顺序控制运动控制和套色控制等在内的系统硬件实现了基于虚模式的运动控制和网络通讯并采用双伺服分离驱动技术提高了加减速段的精度与印刷速度基于虚拟控制平台设计了包括主要控制流程张力PID控制套准工艺程序控制等在内的系统软件编制了逻辑控制程序SFC运动控制程序通讯程序HMI画面编辑程序等实验研究表明软件设计及程序编制满足柔性印刷系统的运行要求在完成电脑仿真模拟PC机逻辑化验证通讯的兼容性测试等实验后进行了虚模式运动控制系统现场实际运行实验通过测试分析验证了该设计的正确性并取得了较好的运行效果
2013,基于机器视觉的FPC检测对位系统关键技术研究与开发--《机械科学研究总院》,FPC 机器视觉 检测对位 精度 速度,本文结合柔性印刷电路板简称FPC自动化生产线检测对位的需求研究了针对FPC上料机的检测对位系统关键技术系统标定和FPC图像识别与定位在此基础上开发了基于FPC的机器视觉检测对位系统并通过实验对其精度和速度进行了分析验证全文取得了如下研究成果1系统标定技术提出了针对FPC自动上料机的快速系统标定方法该方法首先借助标定板实现摄像机标定然后通过工件移动实现视觉坐标与运动坐标的标定最后通过虚拟标准位置的设置和目标位置的调节实现FPC目标位置的标定具有速度快精度高的特点2FPC图像识别与定位技术论文采用双定位圆识别定位算法该方法通过机械移动的方式分别采集相距较远的两定位圆图像增大图像分辨率提高视觉定位精度3FPC检测对位系统开发结合基于机器视觉检测对位关键技术的研究设计开发了一套针对FPC自动上料机的视觉检测对位系统使其纠偏定位精度达到20μm处于国内领先水平4FPC检测对位系统精度速度实验分析对FPC上料机视觉检测对位系统的误差因素进行了实验论证分析指出了影响精度的主要因素为Z轴旋转精度和移动过程中产生的工件偏移为进一步提高纠偏定位精度奠定了基础为提高速度设计了三种运动过程中快速触发拍照的实现方式及精度验证方法为高速触发的方案选择提供了依据本文填补了国内基于机器视觉的检测对位系统在FPC自动上料机应用的技术空白其研究成果对丰富和发展基于视觉的FPC生产加工技术推进基于机器视觉的FPC检测对位系统的工程应用具有一定的理论意义和工程实用价值
2016,基于视觉定位技术的FPC补强自动贴合系统--《苏州大学》,视觉定位 FPC 补强 自动贴合,随着电子科学技术的日新月异自动化生产成为电子制造业的大趋势本文设计了一套柔性线路板FPC补强自动贴合系统用于改善柔性线路板补强贴合的精度提高生产效率该系统应用视觉定位技术建立XYθ运动平台利用运动控制卡及伺服驱动控制系统对FPC补强进行自动化贴合本文针对FPC补强及材料的不同特点应用视觉对位技术进行处理依靠图像识别方法以及运动平台的PLC控制手段对FPC补强进行贴合本文同时根据FPC补强材料的不同分类方法及加工方式研究比较卷料补强作业与托盘作业的精度速度品质差异测试FPC不同补强材料的自动贴合过程的速度精度测试评估了过程能力指数CPK值对FPC补强自动化方法特别是卷对卷RTR工艺及机械臂取放方法进行了积极的探索尝试最后实验验证FPC补强自动贴合系统可以满足生产精度要求应用RTR及机械臂技术PI补强不锈钢补强生产速度可以大幅度提升实验数据获得的CPK值约为10对于FPC补强自动贴合系统目前存在的不足本文指出了改善的方向
2018,电池标签数码印刷表面处理剂的研究--《广东印刷》,表面处理剂;UV;数码印刷;,"电池标签是电池的重要保护层,其承载产品信息,可从外观就能够区分产品的特征,吸引客户眼球,是现代社会中不可或缺的产品标识方式。电池标签必须具备耐醇、耐磨、抗刮伤性能,使电池在长期使用过程中可一直清晰可见。现有的电池标签产品生产通常通过两个工序:第一工序为数码印刷工艺,第二工序为柔版或凸版工艺。数码印刷工艺采用的油墨通常为电子油墨,其附着力较差,后工序常规UV油墨很难在电子油墨上附着,"
2018,单轴受弯方矩形截面冷弯薄壁型钢构件设计的连续强度法--《钢结构》,冷弯薄壁方矩形钢管 单轴受弯 局部屈曲 连续强度法 等效变形,"对单轴受弯的冷弯薄壁方矩形钢管的局部稳定承载力设计方法展开研究。基于试验验证的非线性有限元建模方法,对不同宽厚比和高宽比组配下的单轴受弯方矩形截面钢构件进行参数分析,探究翼缘和腹板的相关作用和应变强化对构件局部屈曲的影响情况。采用等效变形的概念,提出将连续强度法(CSM)应用于冷弯薄壁方矩形钢构件的设计。通过建议承载力计算式与试验、有限元模拟结果及各国规范方法的比较,证明连续强度法的有效性。"
2018,一种抗打印扫描的双彩色QR码水印算法--《包装工程》,彩色QR码 DWT SVD 水印 虚警率 抗打印扫描,"目的为了提高QR码的抗打印扫描能力,提出一种抗打印扫描的双彩色QR码水印算法。方法将彩色载体QR码分通道,并对各通道进行三级小波变换和SVD分解,将置乱后彩色水印图像分通道嵌入到对应载体图像特征矩阵中,利用DWT-Schur分解嵌入标记矩阵的方法解决SVD分解带来的虚警率问题。结果实验表明,该算法在100%识别的情况下,具有较好的抗打印扫描能力。结论该算法不仅具有较好的抗打印扫描能力,且解决了SVD分解带来的虚警率问题,同时对裁切、旋转和JPEG压缩等攻击具有较好的鲁棒性。"
2009,喷墨印制PCB用新型纳米银导电油墨的研发现状及趋势--《印制电路信息》,纳米银 导电油墨 喷墨印制 加成法 印制电路板 印制电子,"喷墨打印加成法制造电路板,可明显改善传统减成法效率低、成本高、污染重等缺点,因而受到业内广泛关注。该方法所使用的新型功能材料纳米银导电油墨,因具有烧结温度低、导电性能好等优点,近年来成为全球电子油墨行业的研发热点之一。文章详细介绍了纳米银油墨在印制电子产品电路制作领域的应用,并对喷印纳米金属油墨的技术要求、纳米银油墨的特点及主要不足进行了评述,重点展示了全球纳米银油墨的产品开发动态,同时对新型喷印纳米金属油墨的制备与研发提出了一些建议。"
2004,热喷涂技术替代电镀硬铬的研究进展--《中国有色金属学报》,热喷涂 硬铬 研究进展,"从热喷涂技术的发展,高速火焰喷涂(HVOF)涂层的性能,包括耐磨性、耐蚀性、对基体耐疲劳性的影响,热喷涂涂层替代电镀硬铬镀层的成本以及应用4个方面综述了近年来热喷涂技术替代电镀硬铬的研究进展。指出热喷涂技术已经在航空、冶金、包装印刷和造纸等工业领域部分替代了电镀硬铬工艺;由于热喷涂技术对于大工件、厚涂层在性能和价格上的优势,热喷涂技术在其他工业领域的应用也将得到迅速发展。"
2008,水性油墨废水处理技术的研究--《西北农林科技大学》,水性油墨废水 絮凝 光催化 水解酸化 SBR,由于油性油墨原材料石油供应的紧张人们在印刷包装业上从传统的油性油墨转向了水性油墨的研究和应用随着材料科学的发展水性油墨的连接料得到改进大大地拓宽了它的应用领域水性油墨废水的排放量也相应地急剧增加作为一种典型的新型印染废水水性油墨废水仍属于纺织染整工业水污染物的一部分它的突出特点是高CODcr高色度和难生物降解它一旦进入水体会对水环境造成极大的污染严重威胁着人类的生产生活和自然界的生态平衡这引起了社会各界的广泛关注为满足公众对环境质量不断提高的要求国家对其制订了严格的排放标准开发经济高效的水性油墨废水的处理技术已成为水污染治理领域研究的重点和热点本文以西安某水性油墨企业产生的高浓度水性油墨废水为处理对象通过实验材料的制备模拟废水的处理水性油墨废水的处理三步对水性油墨废水的处理技术进行初步的研究探讨了超细高岭土分子筛复合光催化剂处理模拟废水的优化工艺酸沉降化学絮凝光催化生物法对水性油墨废水的处理条件等得出如下结论1针对水性油墨废水的特点系统地选择了它的测定指标和国家标准方法筛选亚甲基蓝溶液为模拟废水并制备出超细高岭土分子筛复合光催化剂2采用六因素五水平正交实验以模拟水性油墨废水为处理对象讨论了过氧化氢浓度光催化剂剂量模拟废水浓度光源pH值反应时间对模拟废水的处理效果实验表明处理模拟废水最佳条件为过氧化氢为2000mgL高岭土超细分子筛复合光催化剂为500mgL模拟废水初始浓度为80mgL光源为20W紫外线消毒灯pH值为1000反应240min此时的去除率达9946溶液透明色度由3200倍降到1737倍反应后pH值降到758达到GB428792纺织染整工业废水Ⅰ级排放标准3通过酸沉降化学絮凝光催化生物法对实际水性油墨废水的处理找出最佳的工业化应用的方案水性油墨废水加酸调pH至436酸沉12h上清液在水解酸化池停留1d进入SBR系统活性污泥的剂量按SV3025温度为201过量曝气使溶解氧DO饱和在20时DO907mgL8h可以稳定运行半个月SBR出水的pH值69之间色度40倍原水色度为106375BOD525mgL达到Ⅰ级排放标准CODcr500mgL原水CODcr为31040mgL达到Ⅲ级排放标准接近Ⅱ级排放标准上清液SS和浊度未检出此方法节约了传统生物法处理废水的能源且出水各项指标基本达到或超过Ⅲ级排放标准
2007,基于复杂适应系统理论的产业盈利性实证研究--《同济大学》,产业盈利性 思维模式 复杂适应系统 经济学演化范式 印制电路板,投资的本质特征是通过投入获得盈利为了保障投资能够获取满意的回报无论是证券投资风险投资还是产权投资和项目投资都需要对投资对象所在产业的盈利性和投资机会进行研究和判断并且对产业盈利性的研究和投资机会的判断是进行投资的重要基础性工作具有非常重要的现实意义和很高的理论研究价值但是以往对产业盈利性及其演变规律和产业投资机会的研究一般均立足于还原论的思维模式和确定性的均衡假设依据这种思维模式和假设所进行的产业研究结果与实际情况往往会有很大的差距对实际工作的指导意义非常有限针对这一问题本文基于复杂适应系统理论及经济学演化范式的观点和原理以新的视角提出了一个独创的产业盈利性及投资机会评价模式并依据这一模式对PCB产业的盈利性及投资机会进行了实证分析具体研究内容归纳如下思维模式的转变产业研究中运用的还原论思维模式来源于传统的经典物理学以牛顿力学为代表的经典科学认为现实世界的规律能够和应该从简单的原理和普遍的规律出发加以解释随着以爱因斯坦的相对论和玻尔等人的量子力学为核心的现代物理学的诞生使自然科学领域的思维模式开始发生转变逐步从还原论转向整体论和系统论开始注重从事物的整体和个体之间的联系去研究发现事物的变化规律并认识到一个系统整体的功能大于部分之和许多系统单个部分的性质与整体的性质存在极大的差异当自然科学领域的学者们不再以单纯的还原论和均衡论思维模式看待自然界事物时在整体论和系统论的视角下事物的复杂性就被呈现出来复杂性科学及复杂性思维模式因此应运而生复杂适应系统CAS理论与经济学演化范式复杂适应系统CAS理论和演化经济学就是在新的思维模式下产生的新兴的复杂性科学和经济理论分支CAS理论认为经济系统中的构成元素是具有适应性的主体适应性的主体具有非线性自组织自学习自适应动态性和非均衡性等复杂性特征CAS理论针对CAS涌现现象的研究建立了基于主体的多层次网络结构受限生成过程模型提出了深入认识和分析CAS的较为系统的思路和方法在经济学领域中针对均衡范式存在的局限性演化范式提出将经济系统视为一个演化着的复杂系统认为经济活动过程是一个动态的非均衡的演化过程认识到理性的有限性和信息的不完全性形成了基于有限理性和不完全信息的动态非均衡演化分析范式基于复杂适应系统CAS理论与经济学演化范式的产业盈利性及投资机会评价模式根据CAS理论的基本观点和多层次网络结构受限生成过程模型我们将产业系统视为一个适应性主体或基于主体特征的机制产业的盈利性则被当作产业系统的一个状态变量在此基础上本文提出了以目标产业为核心的H型产业网络结构分析框架将目标产业的盈利性放入到与目标产业直接连接的上下游产业所构成的H型产业网络中进行分析在H型产业网络中目标产业通过产量产业集中度技术创新和产业规制等要素与上下游产业相连接目标产业的盈利性状态与H型产业网络中所有产业的产量产业集中度技术创新和产业规制等状态相互关联相互作用同时本文认为无论是产量和产业集中度还是技术创新和产业规制这些状态变量对目标产业盈利性的影响不取决于其绝对水平而是取决于目标产业与上游产业之间及目标产业与下游产业之间的相对水平即相互间的差异大小本文提出通过将目标产业的产量产业集中度技术创新和产业规制状态分别与上下游产业的对应状态进行对比分析或差异比较来评价和推断目标产业的盈利性状态因此本文将基于复杂适应系统CAS理论与经济学演化范式的产业盈利性及投资机会评价模式归结为H型产业网络4个盈利性相关状态变量产量产业集中度技术创新和产业规制目标产业与上下游产业状态对比分析这一模式为更加科学客观地分析和评价产业盈利性及产业投资机会提供了有效的方法和思路对PCB产业盈利性及投资机会的分析与判断PCB作为电子系统产品之母应用范围非常广泛使PCB产业成为电子元件产业中的主要支柱产业且具有快速增长的朝阳产业特征目前中国已经成为全球PCB第一生产大国PCB产业在国民经济中占据着重要的战略和经济地位研究和探索国内PCB产业的演化规律和特征认识和把握PCB产业发展过程的投资机会具有十分重大的现实意义根据本文提出的产业盈利性及投资机会评价模式针对PCB产业及其主要上下游产业包括覆铜板CCL电脑手机数码相机液晶面板等离子面板通信设备等产业分别对PCB产业与其主要上下游产业之间的产量增长率产业集中度产业技术创新成果产业规制状况进行对比分析并得出以下分析结果产量增长率绝大部分下游产业的产量增长率远远高于PCB产业差异均在2倍以上而上游产业则略高于PCB产业产量增长率对PCB产业的盈利性产生有利影响是对PCB产业盈利性贡献最大的状态变量产业集中度无论从国内PCB产业看还是全球PCB产业看PCB产业的集中度均大幅低于上下游产业从产业集中度来看PCB产业相对于上下游产业处于完全不利的状态之中产业集中度是对PCB产业盈利性贡献最小的状态变量技术创新成果从各产业前5大厂商获得的专利总量来看PCB产业相对于上游产业具有微弱的技术创新优势而相对于下游产业则存在非常明显劣势从各个产业专利数量增长变动情况来看PCB产业与下游产业整体平均增长水平比较接近均基本保持稳定和较快增长仅上游CCL产业增长缓慢甚至近10年呈负增长因此技术创新成果状态变量对PCB产业盈利性的贡献不大在H型产业网络中基本处于被动跟随状态产业规制在社会规制方面各个产业都需要应对来自环境保护方面的规制没有大的差别各个产业的规制状态差异主要体现在经济规制方面其中手机产业和通信设备不包括手机产业存在进入规制液晶面板LCD与等离子面板PDP产业享受较多的产业优惠和扶持政策其他产业除LCD与PDP的部分高端产品可享受产业优惠和扶持政策覆铜板CCL产业的出口退税率被大幅调低PCB产业PC及数码相机产业则拥有相近且较为简单的经济规制环境根据上述统计分析结果可以进一步得出以下对PCB产业投资机会的认识和判断产量增长带来的规模扩张和盈利提升机遇在PCB产业及其下游产业均保持良好增长势头的情况下PCB产业与其下游产业之间还存在着较大的产量增长差异而且是下游产业的产量增长远远快于PCB产业这将有利于持续改善和提高PCB产业的盈利水平高端PCB细分领域的高成长与高回报机遇未来PCB高端细分领域HDI板和FPC板及其下游产业具有更好的成长性并且由于HDI板和FPC板的工艺技术复杂技术保障能力和机器设备投资要求较高使这一产品领域具有相对较高的产业进入门槛在相对较高的进入门槛保护下有利于HDI板FPC板厂商保持较高的盈利回报水平PCB产业集中度提升所带来机遇PCB产业的低集中度既为尚未进入PCB产业的厂商提供了低成本的进入机会也为在位厂商通过产业重组和整合提升产业集中度提供了很大的空间以动态的视角看待PCB产业的低集中度有利于发现其蕴藏的并购重组机会综上所述本文通过理论研究提出了独创的产业盈利性评价模式并通过实证分析获得了具有实用价值的分析成果后续研究将主要在进一步完善产业数据的基础上进行产业盈利性评价模型及机制转换函数模型的研究
2012,C公司供应链管理优化方案的研究--《兰州大学》,C公司 供应链管理 优化方案,在全球市场经济一体化的格局下供应链管理理论和实践得到了空前发展众所周知21世纪的市场竞争已经从企业间的竞争演变为供应链与供应链之间的竞争然而供应链管理的应用和发展在不同的行业有着巨大的差别相对传统的印刷行业供应链管理还处于起步阶段已经进入微利时代的传统印刷企业在经历了金融危机的洗礼后市场快速萎缩出口持续减少同时面临原材料价格不断上涨和用工成本持续增加的困境尤其需要快速地导入供应链管理理念并且积极参与到运作中本文以印刷行业的领军者C公司为研究主体从现代供应链管理和相关重要理论出发针对C公司在供应链管理方面存在的问题运用PEST和波特五力模型分析法从宏观和微观两个层面进行了全面深入的分析提出具有战略性和实施性的供应链优化方案即C公司内部组织架构的变更使供应链管理部门职能得到提升以促进供应链管理的有效实施与发展供应链管理环境下的ERP系统的全面实施流程标准化作业准时制生产的同步实现为供应链管理的优化奠定了坚实的基础同时建立战略合作伙伴关系为C公司搭建外部供应链网络提供了先决条件信息共享技术支持联合开发的深层合作促进了C公司的业务拓展能力供应商库存管理和联合库存管理物流整合与第三方物流等方案增强了C公司的外部协作能力降低了供应链整体库存和交易成本提高了客户服务满意度随后对供应链管理优化方案的实施阶段进行了划分指出供应链管理的实施是一个由内而外的过程同时对实施过程中的重点和难点做了分析最后就实施的风险防范措施加以补充说明增强了实施方案的可操作性希望同行企业在不断地追求设备升级和技术创新的同时可以从C公司供应链管理优化方案中得到借鉴找到更为直接的切实有效的维持企业持久竞争力的途径
2011,连续式跨声速风洞设计关键技术--《实验流体力学》,连续式风洞 跨声速风洞 低噪声 风洞设计 关键技术,"为研制先进飞行器,除了提高现有风洞试验测量精度和改进试验技术外,必须建立高性能连续式跨声速风洞试验设备,解决飞行器高速风洞试验模拟能力和精细化模拟问题。以试验段尺寸0.6m×0.6m连续式跨声速风洞设计为例,给出了风洞总体设计方案,分析了如何降低风洞气流脉动、如何改善风洞流场品质、提高风洞运转效率和拓展风洞试验能力等关键技术途径。该风洞作为大型连续式跨声速风洞的引导风洞,方案设计主要采用了高压比压缩机驱动系统、半柔壁喷管、低噪声试验段、高性能换热器和三段调节片加可调中心体式二喉道等新型技术。"
2009,一种蓝色电泳液微胶囊的制备与表征--《深圳大学学报(理工版)》,电子墨水 微胶囊 酞箐蓝BGS 电场响应,"采用十八胺对酞青蓝BGS进行化学修饰,以Span-80为稳定剂,四氯乙烯为分散介质,制备了分散性和稳定性良好的电泳显示液.用该电泳液作囊芯,以尿素和甲醛进行界面反应形成囊壁,制备了蓝色电子墨水微胶囊,讨论了搅拌速度、酸化时间和固化条件等对微胶囊形貌与物理性质的影响.所制备微胶囊呈规则球形,表面光滑,囊壁结构致密,平均粒径为100μm,包覆率达89%.采用红外光谱、光学显微镜和电泳实验等方法,研究微胶囊结构及电场响应,蓝色电泳液微胶囊在电场作用下具有明显可逆移动响应"
