荧光 特性 应用 发展趋势,"本文主要介绍目前新型荧光材料的荧光特性 ,着重介绍了荧光材料在农业、工业、医药学方面的应用 ,并探讨了新型荧光材料的研究及发展趋势"
UV油墨 碳黑颜料 固化速度,"由于颜料对紫外光的吸收作用 ,影响了光引发剂的光引发效率 ,因此它对UV油墨的固化速度有着很大的影响。本文采用不同的碳黑颜料在不同用量的情况下与不同的光引发剂配制丝印UV油墨 ,通过对油墨的印刷密度和固化速度的测试 ,研究了不同种类的碳黑颜料对UV油墨固化速度的影响。"
UV油墨 UV固化 光引发剂 颜料 固化速度 光谱吸收曲线 印刷密度,UV油墨由于干燥速度快无污染印刷质量高等优点在印刷行业正在被越来越广泛的应用在UV油墨中固化速度是一个比较重要的问题UV油墨的固化是依靠光引发剂吸收辐射能后形成自由基或阳离子引发单体和预聚物发生聚合交联和接枝反应形成交联的立体网状结构的高分子聚合物从而使油墨固化另外由于油墨含有颜料而不同的颜料对紫外光也有不同程度的吸收反射和散射从而影响油墨的固化速度所以无论是光引发剂还是颜料它们对UV油墨的固化速度都有着很重要的影响本论文利用了9种光引发剂11种颜料在相同的条件下改变光引发剂颜料的种类及用量配制四色丝印UV油墨测试了所用颜料的光谱吸收曲线配制油墨的固化速度以及在改变颜料时的印刷密度研究了光引发剂颜料对于UV油墨的固化速度的影响研究结果表明光引发剂颜料对UV油墨的固化速度的影响很大要提高UV油墨的固化速度首先必须选择好光引发剂和颜料的种类这是非常重要的光引发剂吸收光谱要与光源的辐射光谱相匹配同时应与油墨的颜料相匹配即光引发剂的吸收峰尽可能在颜料光谱窗弱吸收范围内颜料对UV油墨固化速度的影响主要由于它对紫外光的吸收不同种类的颜料对UV油墨固化速度的影响是不同的颜色的影响尤为严重UV油墨固化速度的顺序依次为品红墨黄墨青墨黑墨油墨中光引发剂颜料的含量要适量颜料的含量应在保证印刷密度的前提条件下越低越好通过本论文的实验可以得到光引发剂819与BK2碳黑颜料匹配最佳最佳颜料的含量约为7光引发剂ITX与C3酞菁蓝颜料匹配最佳最佳颜料的含量约为6光引发剂ITX与Y2联苯胺黄颜料匹配最佳最佳颜料的含量约为6光引发剂ITX与M四色版宝红颜料匹配最佳最佳颜料的含量约为6运用本论文的研究结果配制UV丝印光盘油墨由油墨生产厂进行中试并在光盘印刷厂进行印刷通过对研制的油墨的性能印刷质量与同类进口墨相比较结果表明研制的油墨的固化速度以及印刷性能印刷质量都很好北京化工大学硕士学位论文完全可替代进口油墨关键词UV油墨UV固化光引发剂颜料固化速度光谱吸收曲线印刷密度
消泡剂 表面张力 水基油墨,"分析水基油墨出现泡沫的原因、对印刷质量的影响及消除途径 ,并通过实验找到了适用的消泡剂型号 ,指出当加入量为 0 .3 %～ 0 .5 %时消泡效果为佳"
紫外光 辐射固化 多官能团单体 低聚物 光引发剂,"涂层紫外光固化技术由于在能源节省、产品质量以及环保方面的优势 ,正在不断的迅速发展 .本文综述了近年来辐照设备的进步 ,以及紫外光固化体系所涉及的单体、齐聚体和光引发剂的研究发展情况"
UV固化技术 辐射固化 涂料 稀释单体 预聚体,"由于UV固化技术固有的特点使其在近几年各个领域都获得了高速的发展,但所占市场份额仍然很小。经过学术界和各大公司的努力,目前已经在UV固化材料方面取得了可喜的成绩。稀释单体、预聚体在数量和质量上都有大幅度增加,发展方向是降低刺激性、低毒和赋予特殊功能:在双光子引发自由基聚合、阳离子光固化、杂混光固化、光产碱催化聚合、无光引发剂光固化、水基固化方面取得了一定的进展;UV粉末涂料克服了传统粉末涂料的缺点脱颖而出,成为近年来研究开发的热点;UV固化纳米材料更是集纳米技术、纳米材料、UV固化技术于一体,预计将会开发出具有特殊功能的新材料;UV固化技术在电子、信息领域也具有很好的发展前景。"
稀土 发光材料 激光材料 荧光探针,"近年来 ,稀土元素及其化合物已成为现代尖端科技领域不可缺少的特殊材料 ,本文就其发光特性和应用作一介绍"
喷墨打印 按需喷墨 色彩管理系统 连续喷墨 喷墨技术 印刷色彩 新闻纸 压电原理 直接加热 传送系统," 现今的喷墨打印系统具备了模拟报纸印刷色彩所需的各种要素—— 可以在新闻纸上做出玫瑰网纹,再借助先进的色彩管理系统就能准确匹配色彩。 连续喷墨和按需喷墨是两种主要喷墨技术,前者可不间断喷射墨流,后者则是高速按需喷墨。"
阳离子型絮凝剂 有机絮凝剂 高分子絮凝剂 水处理,"絮凝剂是絮凝法水处理技术的核心 ,目前阳离子高分子絮凝剂作为龙头产品受到人们广泛关注。就国内外阳离子有机絮凝剂的研究开发和应用进行评述 ,内容涉及阳离子型聚丙烯酰胺接枝共聚物、羟基醚化类、烷基烯丙基卤化铵类和环氧氯丙烷与胺反应物 ,特别是淀粉等天然高分子改性阳离子型絮凝剂和人工合成的无毒有机阳离子高分子絮凝剂"
酶制剂 工业 应用,"综述了国内外酶制剂工业生产的安全卫生管理 ,以及酶制剂在食品、纺织、造纸等工业领域中应用的进展"
紫外光固化UV固化油墨 自由基光固化油墨 阳离子光固化油墨 混杂光固化油墨,紫外光固化UV固化技术应用于涂料油墨粘合剂等领域高效节能无环境污染且产品性能优异为行内竞相开发的新技术本文根据UV固化机理对自由基阳离子及自由基阳离子混杂体系油墨进行了研究并自行合成了自由基体系油墨的粘结料环氧丙烯酸酯EA和聚氨酯丙烯酸酯PUA在自由基体系中实验着重于引发剂与颜料的紫外吸收波长配伍在测定了四种基本颜色各自紫外吸收波长的基础上寻找出与不同颜色体系相匹配的引发剂配方得出用于红黄兰黑色油墨的引发剂分别为I369I819I180OITXI369自由基体系油墨粘度为21002200cP固化温度80固化时间为086S附着力7086丙酮擦拭20O次铅笔硬度为H2H在阳离子体系中出于降低成本的考虑实验选用了较便宜的双酚A环氧树脂为粘结料探索了与其它原料的配比筛选出E5lUVR6128polyol0301UVI6974的最佳阳离子油墨配方阳离子油墨粘度为1280180OcP固化温度80固化时间为1336S附着力100丙酮擦拭200次铅笔硬度为HB2H自由基和阳离子体系油墨的性能均达到或超过了相关技术指标在自由基和阳离子油墨优化配方的基础上本文通过改变两体系的配比进行了自由基阳离子混杂体系油墨配方的探索混杂体系油墨粘度为15802100cP固化温度80固化时间0823S附着力85100丙酮擦拭108200次铅笔硬度为H2H固化后的混杂体系涂层固化速度界于自由基与阳离子体系固化速度之间价格适中但附着力和耐溶剂性欠佳有待进一步研究建议改变混杂体系中的树脂连接料采用同一分子上既有丙烯酸酯官能团又有环氧官能团的单体
UV油墨 环保型 工艺参数 网版制作 光固油墨 印刷器材 承印物 感光胶层 锐利度 色密度,"本文作者概述了现今广告中油墨应用的现状,并特别推荐了美国HUOOO系列水性UV光固油墨,介绍了其特征、工艺参数及在使用中应注意的问题。"
印刷油墨 柔性版印刷 水性油墨 珠光效果 UV油墨 网纹辊 珠光油墨 柔版印刷 醇溶性油墨 干燥速度,"本文对环保的柔性版印刷、水性柔版油墨进行了系统的介绍,并在文末重点阐述了珠光柔性水墨的使用方法和注意事项。"
苯 有机废气 复方液吸收法,"低浓度苯类有机废气的常用处理方法有催化燃烧法、活性炭吸附法、微生物处理法及吸收法等 ,其中吸收法投资费用少 ,运行成本低 ,在中小型企业中得到广泛应用。文章结合具体应用实例 ,在传统吸收法的基础上 ,针对低浓度苯类有机废气提出了一种新的复方液吸收法 ,提高了吸收效率 ,使低浓度苯类废气的净化处理效率达到 87.5 %。该项技术具有投资省、运行成本低、净化效率高、易操作等特点 ,有很好的推广应用价值"
热转印印刷机 医用产品 数字系统 包装印刷 柔印技术 柔印工艺 可变信息 印版 印刷工艺 柔印机,"柔印工艺目前被广泛应用于药品软包装产品的生产中。随着热转印数字印刷的发展。柔印工艺遭遇到了挑战。本文针对传统柔印工艺与数字印刷工艺之特点,阐述了二者的利弊。"
网点扩大 典型故障分析 柔性版印刷 故障统计 印版 硬度 承印物 印刷方式 包装印刷 感光树脂版,"本文作者对柔性版印刷中出现几率最大的故障——网点扩大进行了多方面的分析和统计,并针对其成因超出了相应的解决方法。"
中国市场 生产基地 经销商 普通型 公司 油墨制造 丝网印刷 水性 市场推广 合成纸," 美国丽色达公司最近加大了水性UV油墨在中国市场的推广力度。美国丽色达公司是北美最大的丝网印刷油墨制造商,在北美,丽色达有5家生产基地,在全球有50多家经销商。丽色达公司在中国市场主要推广其普通型的"
稀土 无机光致发光材料 有机光致发光材料 荧光灯 长余辉材料,"本文就稀土光致发光材料进行了分类 ,对其发光特性作了简要介绍 ,综述了其开发与应用的历史与现状 ,并介绍了其目前在各个领域的应用产品 ."
包装印刷市场 凹印机 柔印机 瓦楞纸印刷 生产线 市场占有率 印刷工艺 技术条件 标签印刷 纸盒包装,"本文将柔印、凹印在国内外的应用现状进行对比,充分肯定了其广阔的可开发空间。"
包装印刷 油墨 环境性能 绿色化,"环境污染问题已成为阻碍新世纪包装印刷工业持续发展的大问题。研究了各种包装印刷工艺的环境特性,并研究了包装印刷材料中油墨的环境性能问题,最后探讨了发展绿色包装印刷的五条措施。"
絮凝剂 形态分布 混凝 设备 设计理论 废水处理 分形 模型,气浮设备和絮凝剂是气浮净水技术的核心研究新型复合聚硅硫酸铁铝絮凝剂及CAF涡凹气浮设备将解决实际问题具有十分重要的现实意义用钛白废酸和粉煤灰为原料设计出一条新工艺流程制取新型复合聚硅硫酸铁铝PFASSi其最佳工艺条件为当酸浸时间为15hNaCl助溶剂与粉煤灰的质量比例为0051固液比为110浸取温度为90时铝的酸浸取率最大可达3926当碱浸时间为2h浸取碱液浓度为5molL固液比为110浸取温度为90时硅的碱浸取率最大可达3588在常压40的条件下以NaNO_2为催化剂空气为氧化剂KI为助催化剂氧化反应时间为2h以氧化聚合一步法制取聚合硫酸铁铝然后加入聚合硅酸复合即可制得聚硅硫酸铁铝的红棕色液体产品在混凝处理焦化废水滇池含藻水和三种再生造纸废水时与PACPFS相比PFASSi具有用量少沉降速度快费用低对藻类油CODcrSS色度或浊度的净化效率高适用的pH值范围较宽等优点PFASSi的形态分布和混凝研究表明针对不同的废水研究开发了不同的专一复合PFASSi絮凝剂它的最优技术指标为B1520FeAlSi或FeAl摩尔比均为101pH为2040论文初步建立了CAF涡凹型气浮机工作及设计计算理论体系设计制作了小型CAF样机同时采用PFASSi絮凝剂为主要絮凝剂对四种废水进行了气浮净水试验研究结果表明用小型CAF样机气浮处理滇池含藻水两种再生造纸废水以及焦化废水预处理是可行的具有用药量低气浮时间短净化效果好的优点除藻率和除油率分别可达99和998SS和浊度的净化效率分别可达96和92以上预处理焦化废水时COD的净化效率可达565气浮除藻后的水可作为工业用水再生造纸废水处理后可回用单独使用絮凝剂时无机絮凝剂的净化效果顺序为PFASSiPFSPAC复配药剂的处理效果要优于单一用药而且无机与有机絮凝剂配合使用有利于降低药耗和提高净水效果应用分形理论研究分析PFASSi及与PAM复合处理废水时生成的絮体的形成生长和不规则程度生成的絮体分形维数为153165或155173解释了混凝过程的吸附架桥沉淀网捕作用机理和气浮过程的凝聚絮粒与气泡粘附及上浮作用机理建立了絮体生成的DLA分形模型V_nknup经过理论推理建立了理想化的气浮絮体分形模型其分形维数为提高结合气浮絮粒的个数n有利于提高分维D_f和气浮效率将无机高分子和有机高分子絮凝剂复合使用通过CAF气浮机叶轮或涡轮的长时间高强度机械搅拌使气浮絮体发生脱水收缩促进致密型气浮絮体的生成气浮效果更好
大豆油 印刷油墨 挥发性有机化合物 新成员 替代品 芳香族化合物 印刷质量 单张纸胶印机 资源保护对策 数字印刷机,"什么是大豆油墨印刷油墨的原料主要由树脂、颜料、溶剂组成。使用石油系溶剂的现有的油墨含有对人体颇为有害的芳香族化合物成份,并且还可能产生挥发性有机化合物—ＶＯＣ。作为其替代品的需求近年来不断增加。其替代品分两类,即芬香族成份小于"
消失模涂料 凹凸棒粘土 流变性,"利用差热分析、电子显微镜、X射线衍射、红外吸收光谱等手段测试分析了安徽凹凸棒粘土的理化性能 ,并利用NXS -11型旋转粘度计研究了凹凸棒粘土与膨润土对消失模涂料流变行为的影响 .结果表明 :安徽凹凸棒粘土是一种成分较纯的凹凸棒粘土 .凹凸棒粘土比膨润土更有利于改善消失模涂料的流变性 .消失模水基涂料中加入质量分数为 2 %的凹凸棒粘土可以使涂料的流变性大为提高 .自研的消失模涂料的流变曲线特征参数分别为 :τ0 =9.8Pa ,K =2 .9,m =0 .6 4,其流变性可与美国Ashland消失模涂料相媲美"
辐射固化材料 光固化 UV/EB固化,"介绍近年来UV/EB固化材料的发展进展 ,其中包括北美、欧洲、日本的发展概况和重大的新进展 :(1)稀释单体和预聚体 ;(2 )水基UV/EB固化 ;(3)阳离子光固化 ;(4)辐射固化粉末涂料 ;(5 )复合固化体系 ;(6 )UV固化纳米涂料 ;(7)光引发剂 ;(8)计算机直接制版"
乙二醇醚 市场需求 生产技术 进展,"综述了国外乙二醇醚类的市场概况和生产技术,还介绍了我国乙二醇醚类的市场需求及生产技术新进展。"
水基油墨 稳定性 抗水性 光泽度 连结料 溶剂型油墨,水基油墨简称水墨以其环保卫生经济节省能源和具有良好的印刷适性等优点在印刷行业中越来越倍受青睐然而目前国内水墨普遍存在着稳定性抗水性和光泽度差的问题严重阻碍了水墨的普及推广使用本文正是针对这一实际现状着手进行研究水墨是以水作为溶剂的这就决定了其连结料的选择只能局限在水溶性或水分散性的范围内从而导致了水墨的特性和传统的溶剂型油墨存在着较大的差异论文立足在对水墨的结构体系和使用机理的正确认识基础上针对影响水墨稳定性抗水性和光泽度的因素进行了系统的分析通过实验对水墨的最基本配方进行了研究和测试结合前面的理论分析在提高稳定性抗水性和光泽度的前提下不断调整水墨配方并对其结果进行了比较和分析实验表明水墨的分散稳定有助于提高稳定性抗水性和光泽度增稠剂能有效提高体系的黏度有助于分散温度会影响黏度对稳定性不利水墨的含水量和表面张力会对光泽度产生较大的影响胺类物质能协调体系的稳定性和抗水性乳液树脂既起到树脂的作用又充当表面活性剂的角色对提高稳定性抗水性和光泽度都十分有效
,水基油墨由于适应环保要求降低了或消除了有机排放物并具有稳定性和低燃性质近年来已成为油墨界的开发重点本课题的研究目标是研制开发新一代的高档瓦楞纸箱水基油墨本文以黑墨为主要研制对象确立了使用碱溶性树脂液分散颜料然后使用水溶性的聚合物乳液调稀获得预期性能的水墨分散体系水墨分散的研制实验表明分散体的质量和稳定性主要有赖于体系中使用的分散树脂和颜料自身的特性及其相互作用的程度而且与分散介质的粘度有关实验证明了颜料树脂比即颜基比很大程度上影响水溶性聚合物对颜料的分散效果即其对着色力规则遮盖力的影响进一步的实验表明了具高固低粘的树脂润湿分散剂和消泡剂均可能因能降低体系的粘度从而影响分散效果通过对水墨的调稀实验研究了影响水墨最终使用性能如粘度泡沫干燥性能等的主要因素根据乳液聚合物具有高固低粘的特性并且具有如高光快干但对颜料润湿性及稳定性较差等特点我们确定了拼混使用不同聚合物的方法获得了较好的应用性能另外我们还研究了蜡分散剂和消泡剂胺化试剂等助剂类原材料对水墨制备及其性能的影响研究结果表明拼混使用不同类型的胺化试剂可有助于获得最佳的应用性能另外我们还发现合适的蜡分散体在提高水墨墨膜爽滑和耐磨性能的同时不会导致光泽的下降和稳泡作用通过对水基油墨制备配方和工艺及其影响因素的系统研究优选出水墨各组分确定了较佳的配方和制备工艺成功地研制开发出新一代高档水基柔版纸箱油墨
织物 涂层剂 制备 应用性能,"简介了织物涂层整理剂的发展历史和分类,评述了聚丙烯酸酯、聚氨酯和有机硅涂层胶的结构、特点、制备和应用性能,预测了涂层剂的发展趋势"
油墨 紫外线固化 网版印刷,"综述了紫外线固化油墨(UV油墨)的基本概念和成膜原理,UV油墨和传统油墨的组成比较,优势比较,介绍了影响UV油墨固化性能的因素及使用方法和注意事项,对UV油墨的市场作了预测。"
废纸制浆 浮选脱墨 筛选 漂白 胶粘物,"介绍了20世纪90年代以来废纸制浆理论与技术方面的研究进展。主要着重在废纸碎解理论与技术,废纸浆浮选脱墨和筛选理论与技术,原生胶粘物和再生胶粘物的来源、特性和控制的理论与技术以及废纸浆漂白技术等方面进行了系统而简要的介绍。"
松香 改性 酯化,"本文综述了近年来松香改性的研究进展情况 ,对其进行了分类阐述 ,即基于羧基的改性、基于双键的改性、基于羧基和双键的改性以及其它方面的改性 ,并展望了此领域的发展趋势和前景。"
紫外光固化 积层电路板 环氧丙烯酸酯 碱溶性感光树脂 感光成像油墨 混杂聚合,在整个涂料工业中紫外线UV固化技术是发展最为迅猛的领域UV固化技术具有低毒性原料价格便宜固化速度快配方简单和操作方便等诸多优点本文对光化学光聚合光引发剂光敏树脂UV固化等的研究进展进行了综述采用UV固化技术可以使含有不饱和官能团的活性单体预聚物在光引发剂的作用下进行光聚合反应发生交联光引发剂主要起到吸收光能并经过化学变化产生活性中间体的作用常见的光引发剂可以分为阳离子型和自由基型两大类积层印制电路板简称积层板是由独立的印制电路板或内层间被绝缘材料分隔的电路板组成内层的电路依靠普通孔和电镀通孔进行连接积层板的电路是三维排列的与传统印制电路板相比极大地节省了空间因为后者最多只能排布两层电路即双面板积层板微孔的制作方法包括激光钻孔光致蚀孔和等离子体蚀孔法在本研究中采用一种不仅能光致成像而且能硬化成为永久绝缘材料的UV油墨来形成积层板的内层UV油墨可用多种方法涂布如丝网印刷静电喷涂帘涂等涂布UV油墨后将板进行曝光再用适当的显影剂显影将已曝光或未曝光的部分洗掉显影后进行蚀刻蚀刻液可以是碱性蚀刻液或是酸性的氯化铜或氯化亚铜溶液可将脱去抗蚀层的金属层蚀刻掉UV油墨不是在曝光显影和蚀刻后被剥离而是作为一种预浸物的补充物或取代物留在内层上形成内层间的绝缘层采用光差扫描量热法DPC来监测环氧丙烯酸酯体系的光固化动力学讨论了反应的影响因素利用DPC数据计算出反应速率与各种影响因素的关系光引发剂的浓度指数小于05单体浓度指数介于1和2之间环氧丙烯酸EA树脂在辐射固化领域中是一种重要的感光树脂其中双酚A型环氧丙烯酸树脂的应用最为广泛本文着重研究了该种树脂的合成工艺讨论了原料投料比反应温度催化剂及操作方法等因素对树脂性能的影响并通过正交试验确定了最佳反应条件用NN二甲基苯胺作催化剂合成了酚醛环氧丙烯酸酯通过酸值和环氧值的测定研究了反应时间反应温度反应物配比及催化剂用量对丙烯酸转化
文献资源建设 馆藏构成 文献载体 高校图书馆 藏书采访,"以高校图书馆文献经费使用和馆藏资源状况调查统计数据为依据,分析论述大学图书馆馆藏构成的特点和发展状态;以南京大学图书馆为例,对投入产出效益作实证性研究,以利用率论证各载体文献在资源建设中的合理配置,并提出可操作的工作原则。"
正己烷 毒理学 代谢 毒性," 正己烷(n-hexane)属饱和脂肪烃类,由于其价格低廉,性能良好,在印刷、电子器件清洗、粘胶、制鞋、家具、运动器材及干洗等行业中广泛使用,而且在某些生产过程中,迄今尚未找到其他有效的替代物。按急性毒性分类,正己烷属低毒类[1];但因其高挥发性、高脂溶性,且有蓄积作用和神经系统的毒作用,故被认"
白炭黑 特性 改性 应用,"简述了白炭黑的结构、性质、制备方法,并重点综述了其表面改性的作用、改性机理、常用的改性剂及其近年来在工业生产中的应用情况,分析了国内外白炭黑工业的市场现状及我国与国外的差距,提出了研究和生产发展的方向。"
电化学合成 纳米复合粉体 二氧化钛,结合我国钛白粉现有工业生产技术以钛白粉工业中间产品四氯化钛为原料研究一种新颖的纳米尺寸单组分及复合二氧化钛粉体水溶液电化学合成方法以及制备工程的电化学工艺及其相变微结构规律传统的二氧化钛作为一种常用的化工原料因其卓越的颜色性能被广泛地用作颜料涂料油墨和纸张的增白剂它同时也是重要的功能陶瓷半导体及催化材料特别地二氧化钛纳米化以后由于其粒径小比表面积大界面原子所占比例大而具有更为独特的性能如优异的紫外屏蔽作用透明无毒独特的颜色效应及光化学催化作用等在汽车工业防晒化妆品高级涂料废水处理杀菌环保吸附剂及功能陶瓷材料等方面有着广阔的应用前景发展纳米二氧化钛的新颖制备技术具有学术和工业应用意义对二氧化钛国内外文献和研究现状进行了综合评述在水解法溶胶凝胶法水热法微乳液法等制备技术中二氧化钛的电化学合成技术在纳米颗粒的形成机理复合均匀化等方面具有特殊性以四氧化钛为前驱体用电化学合成方法制备纳米晶二氧化钛粉体的工艺条件进行了系统的研究在本实验条件下小的电流密度有利于金红石相的生成而少量硫酸根离子的引入对生成锐钛矿相粉体有利调整电流密度大小和引入硫酸根离子的量可以得金红石型和锐钛矿型的混合混体研究无定型粉体锐钛矿相粉体以及金红石型粉体随温度的粒径变化情况时发现粉体在400以前晶粒长大相对缓慢400以后晶粒粗化现象严重在室温条件下制备了尺寸为97nm的金红石相92nm的锐钛矿相以及混晶等多种二氧化钛纳米晶粉体在400温度下煅烧可获得不同粒径的纳米晶粉体对纳米氧化铝氧化锆以及二氧化钛与氧化铝和二氧化钛与氧化锆的复合粉体的电化学制备进行了实验研究不经热处理就可获得γAl_2O_3和tZrO_2粉体在500处理2h氧化铝粉体全部以γAl_2O_3存在在950则全部转化为αAl_2O_3其粒度分别为20nm和60nm电化学合成方法制得的氧化锆纳米粉体在常温下以四方相而不是以单斜相存在在400处理2h晶化比较完全在800出现单斜晶相采用电化学合成方法制备了RTiO_2和γAl_2O_3与RTiO_2和tZrO_2的复合粉体及Al_2TiO_5和ZrTiO_4的形成规律在500可得到品化完好的RTiO_2γAl_2O_3复昆明理工大学博士学位论文摘要合粉体950则为R一TIOZa一A1203复合粉体在400可制得晶化完好的R一Tiozt一zro的复合粉体借助化学热力学数据库软件系统对各体系进行了热力学分析对制备各种粉体实验的确定起到了一定的指导作用所得TioA1203复合粉体中氧化铝主要沉积在二氧化钦颗粒的表面且二氧化钦的成分任意可调对TIOZA1203复合凝胶采取进一步的高温处理在1200实现了粉体的完全相变生成纯A12Ti05陶瓷粉体相对常规制备方法条件要缓和得多类似地对TIO亿roZ复合粉体进行锻烧在1200保温3h即得到了zrTIQ陶瓷粉对自制纳米金红石型粉体进行了有机和无机改性研究研究了纳米粉体的分散行为不同分散剂对其分散效果为NaPo36CZHSOHN处5103HZONaoH采用有机改性剂硬脂酸钠和聚乙二醇进行了纳米二氧化钦的有机改性研究获得了改性剂用量浓度等最佳工艺条件的参数对纳米二氧化钦进行了包裹二氧化硅的研究适当调整溶液的pH值滴加硫酸的速度以及改变滴加方式获得了较致密的包覆二氧化钦其分散性和酸溶性都获得了较大程度的改善本研究的铝钦错纳米金属氧化物电化学合成路线制备条件容易控制复合组分容易实现均匀化新相生成和晶化温度较低为以轻金属稀有稀土金属为基的纳米复合氧化物电化学合成提供了一种新思路
喷墨打印 喷墨打印介质 墨水 连续喷墨 按需喷墨,"喷墨打印是一种快速发展的高新信息技术,在非接触性打印领域占有重要地位。喷墨打印机用墨水和介质,也随打印机技术的改进不断更新换代。本文综述了喷墨打印器件、打印介质、打印墨水发展的基本情况,着重探讨了喷墨打印技术新用途的广阔前景,介绍了喷墨打印技术的发展趋势。"
紫外线 固化 油墨,"光固化油墨有许多优点,因此受到薄膜开关、广告、灯箱、光盘、包装印刷等领域的青睐。介绍了光固化油墨的成分、特点、工艺参数及应用范围。同时对操作中的一些关键问题进行了详细论述。"
按需喷墨 电信号 工作原理 喷墨技术 信息转化 脉冲 陶瓷技术 计算机 喷墨头 实地密度," ?问:什么叫按需喷墨? 答:所谓按需喷墨(drop on demand),又叫脉冲给墨,其工作原理是将计算机里的图文信息转化成脉冲电信号,然后,由这些电信号来控制喷墨头的开闭,从而在有图像的地方喷上油墨。当前,最有代表性的按需喷墨技术要属压电陶瓷技术。目前,比较著名的制造按需喷墨头的公司有Aprion公司和Xaar公司。"
圆盘式 紫外线油墨 盘式烘干机 印刷企业 特种光源 保定市 操作人员 印刷操作 高清晰度 操作流程," 保定市特种光源电器厂针对一些印刷企业在圆瓶子等工件上印制条形码等不易被识别的难题,逐步采用紫外线油墨印刷。但是紫外线对人体有伤害,尤其是紫外线干燥时,长期工作在机器旁,对操作人员的皮肤、眼睛等危害更大。"
表面施胶剂 作用机理 种类 应用,"叙述了表面施胶剂的优点,阐述了表面施胶剂的作用机理,分别论述纸张表面补强剂和表面施胶剂种类,同时介绍了国内外表面施胶剂的应用状况,最后提出表面施胶今后的发展方向。"
无机颜料 有机颜料 金属颜料 发展趋势,"综述了钛白、氧化铁、铅铬黄、锌钡白等无机颜料及金属颜料 ,有机颜料的国内外发展概况 ,并阐述了其发展趋势"
水性油墨 生产应用 技术进展 发展趋势,本文介绍了我国水性油墨的应用和技术发展情况。具体介绍了水墨柔印在食品包装中应用。最后 指明了水性油墨的发展趋势。
按需喷墨 喷墨打印头 喷墨打印机 压电式打印头 喷墨技术 打印质量 打印系统 平均故障间隔时间 墨水盒 印品,"随着社会经济的快速发展,给印刷,特别是给围绕直邮业务的印刷服务带来很多机会,由于直邮业务的一些特点,例如:收件人的姓名和地址每一封都是不同的,同时这种与促销、服务结合起来的直邮业务打印总量往往十分庞大,每一次直邮少则一两千份,多则数十万份。小产品中往往蕴涵着大市场,如何满足这个市场的需求,找到控制成本、增加利润的办法非常重要。"
光固化涂料 UV油墨 光引发剂,"光固化涂料是 1种新型的绿色环保节能型涂料 ,近几年发展很快。本文介绍了光固化涂料的基础理论、各个组成部分、国内外的近期发展、研究现状及其应用 ,指出了光固化水性涂料和粉末涂料是其发展的 2大热点 ,同时介绍了光固化涂料在抗蚀剂中的应用 ,制造印刷电路板及制成UV光固化油墨等。"
水基油墨 分散效果 表面张力 黏度,"文章通过实验研究考察影响水墨分散的因素,结果表明水基油墨的分散效果是获得水墨理想的光泽、着色力及遮盖力等性能的关键,水墨分散的质量主要依赖于体系中分散树脂和颜料自身的特性及其相互作用的程度,其中,颜基比在较大程度上影响水溶性聚合物对颜料的分散效果。实验还证明了润湿分散剂和助溶剂能改变体系的表面张力和润湿性能,从而提高体系的分散性能。另外,水墨分散的温度也是影响分散效果的重要因素。"
塑料热成型 真空热成型 紫外线固化油墨 塑料制品 热成型工艺 三维立体 丝网印刷油墨 玻璃化温度 柔韧性 热成形工艺," 为使塑料制品对顾客更具吸引力,同时也有出色的使用功能,在三维立体塑料制品表面印上色彩斑澜的图案,已经成为近几年一个被关注和迅速发展的领域。例如:一个色彩鲜艳的三维立体塑料娃娃,会使儿童爱不释手,争相购买;一个色彩鲜明的三维立体塑料装饰品,非常醒目,又美化环境,给人以美的享受。塑料制品表面印刷主要是依靠丝网印刷来实现的,这也是伴随着塑料自身性能的不断改善以及新型丝网印刷油墨体系的进步得以迅速发展起来的。 在众多常见的三维立体塑料制品"
二氧化钛 纳米 低温 前驱体,TiO2又称钛白粉在无机化工产品中销售量位居第三仅次于合成氨和磷酸盐晶型有锐钛矿型板钛矿型和金红石型锐钛矿型和金红石型被广泛使用在涂料塑料造纸印刷油墨化妆品和光催化剂医药等化工和环保领域与普通钛白粉相比纳米TiO2是新型的无机化工原料其化学稳定性和化学活性更高比表面积大对可见光有很高的透射率对紫外线有非常强的吸收和屏蔽能力是一种附加值很高的功能精细无机材料纳米TiO2具有极大的市场价值和光明的发展前景目前具有代表性的TiO2工业生产技术主要有硫酸法和氯化法硫酸法是以钛铁矿为原料用硫酸分解对环境污染较严重氯化法以金红石或高含量钛渣为原料氯化得到四氯化钛再通过高温氧化制得国内的钛白粉生产仍在延续硫酸法同时氯化法在技术上有一定的难度仅由国外少数几家大公司垄断并且以传统的硫酸法和氯化法工艺都难以生产出纳米尺寸的二氧化钛国内对纳米级二氧化钛的制备尚处在实验室研究阶段大都采用价格较高的钛醇盐或具有发烟特性的四氯化钛作为原料使生产成本提高生产效益降低更重要的是没有很好地利用我国丰富的钛资源和已有的工业生产基础纳米二氧化钛的合成工艺的研究主要集中在以下几个方面1以采用廉价的原料和简单的工艺步骤为目的寻找适宜的新合成工艺2探讨新的合成工艺中各反应条件的影响机理主要研究了合成条件对前驱体的控制本课题任务主要是对纳米级二氧化钛的合成工艺进行选择和探讨以达到采用价廉易得的硫酸钛为原料简单操作生产出纳米二氧化钛的目的结合已有的实验条件和有关文献先对合成路线的选择进行了实验对比探讨的三条合成路线分别是超重力场制备纳米二氧化钛微波诱导均匀沉淀法制备二氧化钛低温控制中和水解法制备纳米二氧化钛并分别研究了各反应路线的影响机理WP4和最佳反应条件在实验的基础上确定了低温控制中和水解法制备纳米二氧化钛的合成新工艺考察了温度pH值等主要影响因素对反应和产品的综合影响得出的该工艺最佳反应条件为反应温度为15oC左右反应pH值为72硫酸钛反应液浓度为05molL为了使产品具有良好的锐钛矿晶型和在焙烧中晶粒生长缓慢我们首次提出在沉淀过程中控制前驱体的组成即得到的前驱体为具有锐钛矿晶型的H2TiO3并对其反应影响机理进行了探讨性的研究通过实验可得出以下结论低温控制中和水解法可以通过简单的控制温度pH值采用低廉的无机钛盐硫酸钛为原料制备纳米二氧化钛制备出的二氧化钛粒子粒径在515nm颗粒均匀粒度分布窄收率达到99以上
包装印刷 柔版印刷 柔性版印刷 凹印工艺 柔印技术 包装产品 凹印技术 博览中心 观众优势 瓦楞纸箱," “第六届中国国际柔印、凹印技术设备展”将于2004年6月16日至19日在浦东上海新国际博览中心隆重举行。 近年来世界上柔印发展很快,虽然这几年我国柔印取得很大发展,但在包装印刷总量上仅为70％左右的占有率。一些先进国家的包装产品采用柔板印刷已占包装产品总量的75％以上,距离之大,可见一斑。 随着我国进入WTO,国际包装订单会大幅度增加,对包装印刷品会有更高的要求,我国的柔性版包装印刷"
紫外光固化涂料 环境友好涂料,"紫外光固化涂料是一种节能和环境友好型涂料,本文首先介绍了紫外光固化涂料的特点、固化机理、组成紫外光固化涂料的各种组分及其作用,然后对紫外光固化涂料的发展现状与应用领域进行了详述,最后指出,未来紫外光固化涂料的研究和发展应朝水性化和粉末化方向发展。"
水基油墨 表面张力 粘度,"为获得高固低粘的油墨配方体系,通过油墨的分散实验,探讨了分散树脂和乳液及其助剂对水基油墨体系粘度的影响规律,润湿分散剂对水基油墨粘度的影响,胺化剂对水基油墨粘度的影响机理。研究表明,乳液聚合物具有高固低粘特性,拼混使用不同的聚合物可获得理想粘度和应用性能;润湿分散剂能改变体系的表面张力和润湿性能,从而降低水基油墨体系的粘度;拼混使用不同的胺化剂可以获得粘度稳定的水基油墨体系。"
稀土配合物 掺杂 原位法合成 荧光防伪油墨 荧光猝灭,稀土有机配合物发光是无机发光与有机发光生物发光的交叉学科有着重要的理论研究意义和实际应用价值稀土离子具有丰富的能级和4f跃迁特性使稀土离子成为一个巨大的发光宝库为高新技术提供了许多性能优越的发光材料和激光材料本文研究的铕铽荧光配合物是指能够吸收辐射能产生光致发光的稀土有机配合物涉及的第一配体主要为相对廉价的苯甲酸系列发光强度较高的β二酮类并采用掺杂廉价的稀土离子的手段提高发光强度和降低成本在此基础上利用原位法合成技术在双酚A环氧丙烯酸酯EA基质中制备了相应的具有良好分散性的荧光剂并成功的应用于光固化荧光防伪油墨中制备了环保型的光固化荧光防伪油墨最后对荧光猝灭效应及机理进行了研究因此本文的主要研究工作包括如下几个方面1以均相沉淀法合成了铕红色荧光配合物和铽绿色荧光配合物对其荧光性能进行了研究1合成了铕苯甲酸邻菲咯啉铕噻吩甲酰三氟丙酮邻菲咯啉三元配合物和铕噻吩甲酰三氟丙酮丙烯酸或磺基水杨酸邻菲咯啉四元混配配合物利用红外光谱元素分析荧光光谱及差热热重谱对配合物进行了表征荧光光谱表明上述铕红色荧光配合物的荧光强度由强到弱的顺序如下EuTTA_3PhenTTA噻吩甲酰三氟丙酮Phen邻菲咯啉EuAATTA_2PhenAA丙烯酸EuBA_3PhenBA苯甲酸EuAA_2TTAPhenEuTTASsalPhenSsal磺基水杨酸其中EuAA_xTTA_3xPhen及EuTTASsalPhen四元配合物体系的合成和荧光性能的研究尚未见文献报道2合成了铽均苯四甲酸和偏三苯甲酸铽对氨基苯甲酸和TbPMDMBAPMDMBA均苯四甲酸改性双酚A环氧丙酸酯配合物利用红外光谱元素分析荧光光谱及差热热重谱对配合物进行了表征上述铽绿色荧光配合物的荧光强度由强到弱的顺序如下TboA_3oA邻氨基苯甲酸TbPMA_34PMA均苯四甲酸Tb_2Ssal_3TbpApA对氨基苯甲酸TbTMATMA偏三苯甲酸TbPMDMBA其中TbPMDMBA的合成和荧光性能的研究尚未见文献报道该配合物表现为强的铽离子的荧光发射
紫外光固化 涂料 光引发剂 述评 发展趋势,"综述了紫外光固化材料在国内外市场的最新发展与应用,讨论了紫外光固化技术的几种新趋势。"
辐射固化 涂料 油墨 丙烯酸酯,"高效、优质、环保是推动光固化技术广泛应用的主要因素 ,我国光固化产业在 2 1世纪快速持续发展。2 0 0 3年我国光固化原材料总产量达到 4 75 6 6  5t,比 2 0 0 2年增长 5 6  4 % ;光固化产品总产量为 2 5 5 97t,比 2 0 0 2年增长2 3 5 %。 2 0 0 3年生产功能性丙烯酸酯 2 4 739t,比 2 0 0 2年增长 78 5 % ,出口 6 5 0 0t,从原来的进口国变成了重要的出口国 ;低聚物产量为 8930t,但一些特殊用途和高档涂料、油墨用的产品还不能生产 ;光引发剂产量 13897 5t,比 2 0 0 2年增长 4 6  0 % ;光固化配方产品产量 190 0 7t;UV光源 38 4万支 ;光固化和涂装设备 14 89台 /套。"
热喷涂 硬铬 研究进展,"从热喷涂技术的发展,高速火焰喷涂(HVOF)涂层的性能,包括耐磨性、耐蚀性、对基体耐疲劳性的影响,热喷涂涂层替代电镀硬铬镀层的成本以及应用4个方面综述了近年来热喷涂技术替代电镀硬铬的研究进展。指出热喷涂技术已经在航空、冶金、包装印刷和造纸等工业领域部分替代了电镀硬铬工艺;由于热喷涂技术对于大工件、厚涂层在性能和价格上的优势,热喷涂技术在其他工业领域的应用也将得到迅速发展。"
含氟表面活性剂 结构 特性 应用,"含氟表面活性剂是特种表面活性剂的一类。与传统的表面活性剂相比,由于其具有高表面活性,优良的耐热性和化学稳定性以及卓越的憎水、憎油性能和防污功能,因此含氟表面活性剂已经广泛应用于各个工业领域及家庭用品领域等。本文对含氟表面活性剂的分类结构、特性及应用领域进行简单综述。"
水性油墨 光泽度,"目前,全世界各行各业都在掀起一股""绿色革命""的浪潮,而包装印刷作为与人民群众生活紧密相关的行业也在不断受到冲击。传统的包装印刷采用的是溶剂型油墨,溶剂挥发后不仅造成空气污染,而且对人体产生致癌作用,在这种情况下水基油墨应运而生。"
辐射固化材料 现状 发展趋势,介绍了近年来辐射固化材料应用和市场现状。论述了辐射固化技术及产品今后的发展趋势。
资源型城市 竞争力 冷水江 博弈 DEA,建国以来在大规模推进工业化的进程中一大批资源型城市伴随着资源的大规模开发而相继兴起这些城市为国民经济乃至国家安全做出了重大贡献但是经过多年的高强度开发资源型城市的资源储备逐渐枯竭开采成本急剧上升竞争力严重削弱富余下岗人员大幅增加主导产业的衰退不可避免地影响到这些城市的经济和社会发展一些情况严重的城市已经陷入举步维艰的地步因此根据资源型城市经济发展的自身规模特色和优势通过调整产业发展战略在推动资源型城市经济文化和环境改造的同时重塑与提升其竞争力对实现资源型城市的可持续发展具有重要意义本文对资源型城市竞争力重塑与提升的研究分为四部分共十一章第一部分第一二章第一章在对国内外相关研究现状进行总结和评价的基础上主要阐述研究资源型城市竞争力重塑与提升的目的和意义以及本文的研究方法和创新点第二章对我国的资源型城市进行界定和分类在详细分析其特点后指出资源型城市重塑与提升竞争力的必要性及存在的困难并总结了国外资源型城市的成功经验第二部分第三四五六章第三章总括性的提出资源型城市竞争力重塑与提升是一个系统工程最终要依靠产业转型社会转型环境改造这三大支柱在无形的力开放和文化和有形的手政府的共同促进下更为协调的互动第四章指出产业转型包括衰退产
亚太地区 油墨市场 环保法规 发展方向 生产能力 印刷行业 溶剂型 油墨制造 水性油墨 环保问题,"世界各国环保法规越来越严格,亚太地区也是如此,作为印刷行业使用的油墨,环保油墨将是关注的重要领域,是未来的发展方向。亚太地区油墨行业已经出现了从传统溶剂型油墨向诸如水性柔版油墨、大豆油油墨、UV油墨等环保油墨发展的趋势。环保油墨的开发和生产能力已经成为油墨制造商们未来在亚太地区致胜的关键砝码之一。"
松香 富马酸 水性油墨树脂 合成,"介绍了一种富马酸改性松香水性树脂的合成方法。产品由天然松香通过富马酸加成改性,再与季戊四醇发生酯化反应而成。通过单因素和正交实验优化合成工艺条件,筛选得到优化工艺条件为n(松香)∶n(富马酸)∶n(季戊四酸)=50∶11∶6,催化剂用量为松香的0.15%,加成温度160±5°C、反应时间为3h;酯化温度200±5°C、反应时间为1.5h。在此条件下可得到有较高软化温度、各种溶解性好、综合性能优良的水性树脂。"
水性油墨 丙烯酸树脂 酮醛预聚物 改性 合成,随着人们环保意识的不断提高水性油墨以其低污染性低挥发性以及具有不可燃无或降低毒性无或降低异味等特点越来越来受到人们的重视被称为新型绿色印刷材料作为水性油墨的连接料丙烯酸树脂的性能会极大地影响油墨的质量本文分别采用溶剂法正丁醇异丙醇为溶剂合成半乳化法异丙醇水作溶剂合成以及乳化法水相合成水性丙烯酸树脂通过选择不同引发剂不同溶剂不同反应时间单体配比等研究了聚合体系中的有关影响因素讨论了聚合工艺针对国内生产水性丙烯酸树脂的工艺问题结合实验研究情况确定出生产水性油墨所需的丙烯酸树脂的中试工艺条件为提高水性丙烯酸树脂的光泽度附着力及耐磨等性能及降低工业生产成本本文中采用加入酮醛预聚物对水性丙烯酸树脂改性并讨论了酮醛预聚物的加入方式加入量以及对树脂性能的影响对于应用不同合成方法得到的树脂从性能工艺条件成本上分别进行对照筛选出适应作水性油墨的树脂并将其制成水性油墨经测定和用户试用达到了国内上海等企业生产所要求的标准此外论文还对水性丙烯酸树脂变色原因进行探讨从理论上给出了变色的可能原因并从实验上加以解决
无水胶印油墨 印刷适性参数 抽样调查 故障排除,本文利用抽样调查和数理统计的原理深入分析了无水胶印油墨的印刷适性参数如油墨的比重粘度细度等为解决无水胶印油墨在印刷中出现的一些故障提供了相关的理论依据该理论与实际结合通过制作测试条在标准的印刷条件下进行印刷对无水胶印的印刷质量和油墨的印刷适性参数如实地密度相对反差网点扩大油墨的色强度色效率饱和度等相关参数进行测定得到了有参考价值的参数对生产实践有很大的指导意义从而为在我国推广普及无水胶印提供了合理的依据
聚氨酯 聚丙烯酸酯 乳液 塑料凹版水性油墨,"采用乳液共聚法制备聚氨酯-聚丙烯酸酯复合乳液,并以酞菁蓝为颜料配制了塑料凹版水性油墨,讨论了封端剂丙烯酸-β-羟乙基酯含量和颜料含量对水性油墨性能的影响。结果表明,随着HEA用量的增加,PUA复合乳液和水性油墨的粘度增加,但油墨的稳定性先得到改善而后下降;随着颜料含量的增加,水性油墨的稳定性变差, 13%的颜料含量为宜;该水性油墨不仅对PET薄膜具有优异的附着牢度,对OPP薄膜同样具有良好的附着牢度并具有良好的耐水性能。"
大豆油 油墨 胶印 环保,在传统油墨中一般含有3060的石油系矿物油属有机溶剂含芳烃当印刷时油墨的干燥需要挥发这些矿物油会释放出大量有机溶剂造成严重的大气污染全球每年因油墨引起的有机挥发物VOCVollitileOrganicChemicals污染排放量已达几十万吨这些有机挥发物可以形成比二氧化碳更严重的温室效应而且在阳光的照射下会形成氧化物和光化学烟雾严重污染大气环境对于印刷工人由于长期处于高浓度的VOC中会对人体特别是神经系统造成极大损害因此如何减少油墨中VOC的含量成为各国治理环境的重中之重现在各国也都开始陆续制定严格的法令法规以限制有机溶剂的使用和排放大豆油墨是将传统油墨配方中2050的的矿物油替代为自然环保的大豆油从而使油墨中的VOC含量由原来的3060降低到515因此在环保呼声的推动下大豆油墨必将成为今后胶印印刷用油墨的主流尽管大豆油墨具有很好的环保前景但由于大豆油自身的特点给大豆油墨的开发带来一定的难度其主要的难点在于①大豆油墨的干燥性问题②调整大豆油墨墨性使其接近甚至超过传统油墨大豆油中只有9双键含量较多的亚麻酸而双键含量较少的硬脂酸油酸和亚油酸却占到了近80与其相比传统的亚麻油中亚麻酸含量在52以上亚油酸等双键较少的植物油酸只占了30左右因此大豆油由于含有的较少的可反应双键与空气中的氧气反应相对缓慢使制造出的大豆油墨出现干燥不良会给印刷带来如粘脏附着力差等许多问题也使油墨的可印刷性和印刷效率大大降低同时由于大豆油替代了传统油墨配方中的部分矿物油打破了传统油墨的墨性平衡使大豆油墨在流动性水墨平衡等方面都与传统油墨有一定的差距这就需要通过全新的油墨配方将其重新达到平衡使大豆油墨能在印刷中得到接近传统油墨甚至更好的表现对于油墨来说影响其干燥性的不只是植物油还有树脂矿物油连接料制造工艺等因素也会很大程度上影响油墨的干燥性所以尽管大豆油自身在干燥性方面存在不足但完全可以通过树脂的选择和调整连接料的配方改进连接料制造的工艺以及油墨配方的合理配比来克服大豆油的干燥性问题依据以上思路本文着重针对树脂的选择连接料配方和工艺的调整以及油墨配方的合配比展开研究工作
柔印技术 母版制版机 柔性印刷机 柔印版材,"通过对柔印技术的发展历程回顾,与其他三大印刷术(胶印、凹印和丝印)比较、剖析,阐述了 国内外柔印的各种优点及其潜在实惠,认为柔印技术在将来一定时期内会逐渐占领印刷业市场更大份额,虽不 可能一统市场,但柔印业具有广阔的发展前景。"
膜分离技术 造纸废水 应用,"膜分离技术是近年发展起来的一门高新技术,在造纸废水处理方面具有广阔的应用前景。文章介绍了膜分离技术的工作机理、特点以及国内外在造纸废水处理方面的研究进展。另外,对膜分离技术在应用过程中出现的问题进行了讨论,并提出了可能的解决方案。"
大豆油墨 环保 印刷油墨,"本文简要地介绍了大豆油墨的研发历史、功能特性及应用现状 ,大豆油墨的研发是油脂行业对环保的一份贡献。"
水性光固化涂料 聚氨酯丙烯酸酯 流变 相反转 微凝胶,本文以水性紫外光UltrayioletUV固化聚氨酯丙烯酸酯为研究对象针对水溶性和水乳液型聚氨酯丙烯酸酯制备及应用中的若干问题进行了深入的研究并结合树脂的特殊结构创新性地将其应用于乳液聚合微凝胶中为了研究高固含低粘度的UV固化聚氨酯丙烯酸酯水溶液设计了四种高羧基含量的树脂并根据分子结构确定了合成路线合成和表征了各自的分子结构树脂考察了其在水中的溶解性得到两种水溶性优良的且具有UV活性的聚氨酯丙烯酸酯预聚物TDG和IDG揭示羧酸含量不是聚合物获得优异水溶性的充分条件通过对TDG和IDG水溶液流变行为的研究发现其在浓度55以下粘度都较低且增长缓慢呈牛顿流体是一种高固含低粘度的水溶液深入研究了溶剂用量对自乳化型聚氨酯丙烯酸酯的乳液相反转过程和乳液最终性能的影响对相反转过程中的体系流变行为和电导率进行跟踪监测发现一定量的溶剂丙酮可以大大降低乳液相反转过程的粘度然而过量的溶剂会破坏乳液的稳定性溶剂用量存在一个使乳液稳定的临界值利用三角形相图和FC两维相图对这一现象进行解释同时研究了羧基含量对乳液相反转的影响找到了使乳液稳定的羧基含量最低值由于相反转受热力学和动力学双重因素的控制搅拌转速对乳液稳定性亦有影响通过对相反转过程的研究得到了粒径均匀贮存稳定的UV固化乳液粒径可从20nm变化至130nm首次用乳液型聚氨酯丙烯酸酯在无外加乳化剂和交联剂的情况下制得微凝胶同时将其做为稳定剂和交联剂与甲基丙烯酸甲酯单体共聚合成复合型微凝胶用GPC考察分子量的变化规律得到微凝胶的合成动力学曲线微凝胶动态流变行为的研究表明其内部交联结构已经生成测量了损耗角正切和复数粘度随频率的变化发现其变化趋势与微凝胶的结构有密切关系所有合成的微凝胶在四氢呋喃中都表现出极高的粘度和强烈的剪切变稀行为对微凝胶溶胀行为的研究表明微凝胶的溶胀与聚合物组成和交联密度有关研究发现做为一种软质微凝胶聚氨酯微凝胶与硬质微凝胶有明显的不同它具有在室温下成膜的能力
,"为便于读者收集、检索中国国家标准,本刊在2005年3、4期连载国家标准(GB)题录,题录刊载了截止2005年1月中国标准化研究院标准馆收藏的全部现行标准。本刊同时发行:国家标准(GB)题录(中文电子版)单价200.00元,国家标准(GB)题录(中文合订本)单价200.00元。上述电子版用微软 Excel 软件格式排列,便于读者使用。请需要该题录或标准全文的读者按杂志地址(或电话)与杂志社联系。"
瓦楞纸板 包装材料 缓冲性能,"　随着绿色包装理念的渗入,瓦楞纸板以其可降解和可再生的特性而倍受青睐。文中从原材料、楞型结构、缓冲特性、印刷适性等方面全面地分析了瓦楞纸板作为包装材料的性能,阐述了目前瓦楞纸板研发的状态及瓦楞纸板的发展前景。"
辐射固化 光固化 UV/EB固化 紫外光,"辐射固化技术以其高效、节能、无污染、物理性能优良等优点而被誉为绿色技术 ,近年来在世界上取得了高速发展。综述了近几年来辐射固化技术的研究进展 ,包括稀释单体和预聚体、水基UV/EB固化、阳离子光固化、辐射固化粉末涂料、复合固化体系、UV固化纳米涂料、光引发剂、计算机直接制版等 ,考察了中国辐射固化市场的现状 ,对辐射固化技术的发展方向作出了预测"
喷墨印刷 成像技术 质量,"介绍喷墨印刷成像原理,以热喷墨成像系统为研究对象,探讨该系统成像机理、油墨和受像介质之间的相互关系以及对喷墨印刷质量的影响,并对如何控制关键参数进行了讨论。"
氧化铁 纳米 性质 用途,"纳米氧化铁是一种多功能材料,在催化、磁介质、医药等方面具有广泛的应用。本文综述了纳米氧化铁的结构性质及其用途。"
产品设计 绿色设计 绿色包装设计 设计流程,传统设计主要是根据该产品的性能质量和成本等指标进行设计设计过程中很少考虑产品的维护性拆卸性回收性报废产品的处理以及对生态环境的影响按传统设计生产制造出来的产品在其使用寿命结束后不能有效地回收而且其生命周期的全过程都可能造成生态环境的污染并造成资源的大量浪费影响了经济发展的可持续性绿色设计是80年代末开始出现的一股国际设计潮流绿色设计要求在设计产品时必须按环境保护的指标选用合理的原材料结构和工艺在制造和使用过程中降低能耗不产生毒副作用其产品易于拆卸和回收回收的材料可用于再生产绿色设计要求设计师具有更广博的知识和对人类持续发展的责任感以及更明晰的设计理论和系统化的设计体系因此产品设计中可行的绿色设计方法和设计流程的研究是非常必要的本论文首先分析了产品对环境的不利影响接着介绍了绿色设计的概念历史现状和发展趋势分析了绿色设计与传统设计的关系在此基础上总结了绿色设计的主要方法和具体流程然后对当前绿色设计中容易被忽视的绿色包装设计进行了详细的分析和探讨接着对绿色设计的生命周期评价方法及其运用过程中的缺陷和问题进行了讨论最后本论文以手机为实例进行了绿色设计实践
嵌入式系统 按需喷墨 喷墨喷头 DPI,随着条码标识技术的迅速发展和广泛应用人们对条码标识印制的质量速度效益的要求也日益提高比如对小批量多批次信息内容需要经常变化的条的印制如果用制胶片印刷的方式则成本相对较高不经济如果用条码打印机打印条码标签然后再粘贴的方式则速度慢且烦锁喷码技术以其非接触特性丰富的标注功能以及可靠的喷印质量得到了广泛的应用本文研究和设计了用于工业包装行业的按需喷印系统论文调查了喷印技术的现状分析了当前市场上的喷印技术以及各种不同喷印技术之间的优势和劣势并预测了喷印技术的发展趋势通过喷印技术在国内和国际市场上的发展比较以及国内市场现状的分析发现国内目前的喷印技术水平落后在按需喷印技术上严重依赖国外品牌因此在掌握喷印的基本工作原理和XJ128喷头特性的基础上给出了一种按需喷印系统的设计方案并分析了提高喷印图像DPI的方法根据工业包装行业对喷印系统的基本性能需求给出了喷印系统具体的设计详细说明了各模块硬件设计思路和软件设计方法给出设备界面的结构和部分程序流程图最后对设备样机功能进行了测试本课题研究并实现了适用于工业包装生产流水线上的喷印系统测试结果表明系统运行稳定基本实现了所设计的功能
-双(-氨基苯氧基)苯 可溶性聚酰亚胺 合成 性能,"间苯二酚和对氯硝基苯通过缩合反应,合成得到了1,3-双(4-硝基苯氧基)苯(134BNPB);随后,在Pd/C-水合肼的还原体系中,被进一步还原,得到了1,3-双(4-氨基苯氧基)苯(134BAPB)单体。基于134BAPB单体,制得了多种结构的芳香族聚酰胺酸树脂及其对应的可溶性聚酰亚胺树脂,并对它们的性能进行了研究。"
紫外光固化 聚氨酯丙烯酸酯 清漆 合成 性能研究,紫外光固化涂料因其迅速成型绿色环保及其优良的性能近年来获得了高速的发展并很快应用到各个工业领域聚氨酯丙烯酸酯光固化涂料是由聚氨酯丙烯酸酯PolyurethaneacrylatePUA树脂为主体树脂与稀释单体外加其它填料助剂共同配制成的涂料体系本论文通过对PUA合成工艺成膜性能各种影响因素的试验研究制得性能较优异的清漆漆膜总结了配制性能优异的PUA树脂涂料一般性原则为今后的进一步研究提供了一些参考在PUA树脂的合成部分主要从原料的选择预处理合成方法的选择以及合成条件的控制几个方面进行了详细的论述实验采用IPDITDIPPG2000HPMA通过本体法两步反应分别在70左右和50以下反应制得柔韧性耐黄变性良好的PUA预聚体并对各个过程的工艺条件对合成过程及产品性能的影响进行了研究总结给出了合理的解释得到了优化的工艺条件通过对自制涂料体系固化膜的多种主要性能参数如硬度附着力收缩性柔韧性耐黄变性等分析可以看出合成的涂料与市售同类产品相比具有更加优良的综合性能文中分析了体系性能优异的原因并针对每种性能的影响因素和性能控制进行了多方面研究找出了一般性的规律为今后的研究提供了一些原则性的依据本文最后在一系列试验和分析的基础之上结合当前国际趋势对PUA涂料目前的不足给予今后的一点设想
大豆油 油墨 印刷适性 应用现状 环保型 环保效果 再生纸 石油价格 印刷适应性 特点,"大豆油墨并非因为采用了大豆油就贴上了绿色的标签,而是根据油墨各个组分综合考虑,从而实现整体上的环保效果。"
喷射印花 数码 纺织品,"数码喷墨印花是近20年发展起来的一种新型印花技术,具有传统印花不能实现的优点,被誉为21世纪染整工业实现革命的关键技术之一。该讲座系统地介绍了数码喷墨印花技术的起源和应用现状,深入浅出地阐述了这一新技术的基本原理及其发展趋势。"
紫外光固化油墨 印刷 光引发剂,"概述了国内外紫外光固化油墨的发展进程,分析了紫外光固化油墨的成膜原理及其组成,并对紫外光固化油墨的特点和应用进行了阐述。综述了影响紫外光固化油墨性能的因素,并指出了紫外光固化油墨目前存在的问题和今后的发展方向。"
快速成型 喷墨 UV固化 化学芯片 模拟,本文以粘性流体力学多相流体力学和快速成型技术为理论基础研究了可用于化学芯片制造微尺寸快速装药的喷墨快速成型技术该技术工艺结合了光固化成型工艺和喷墨三维打印成型技术利用光固化树脂固化和喷墨喷涂原理把含能材料配制成紫外光UV固化油墨按照原型层片数据经喷头的喷洒在紫外光照射下快速固化成型该系统主要由UV光源三维成型平台成型控制系统喷头和喷洒作用机构五部分构成主要研究内容包括喷墨快速成型系统的建立成型喷头的优化设计成型工艺参数的选择和成型结果分析通过ANSYS软件FLOTRANCFD流体模拟分析喷头设计UV光源选择流体理论计算UV光固化树脂的配制固体颗粒的选取喷射实验和喷墨成型实验开展理论和实验研究研究内容及结果如下1建立了UV喷墨快速成型实验装置2配制出3种性能良好的光固化树脂具有低粘度低气味固化附着好的优点3在陶瓷基片和玻璃基片上进行了线条喷墨快速成型实验表明陶瓷基片上的附着力较好4获得了一系列适合于化学芯片喷墨快速成型的工艺参数喷口喷洒速度涂层厚度光照时间颗粒度固含量等5分析影响油墨固化的因素总结得出了适合大颗粒UV油墨的固化经验公式6分析了加入固体颗粒对光固化反应速度的影响实验表明颗粒度为75μm和02μm的两种颗粒成型效果不好7结合实验表明文中建立的ANSYS微流体模型在低载荷下与实验基本吻合在高载荷下产生失真
有机颜料黄109 联苯胺黄G 二氧化硅 二氧化钛 层层自组装 溶胶-凝胶法 耐候性 耐酸性 润湿性,有机颜料具有着色力强色泽鲜艳色谱齐全等优点已经广泛地应用于油墨涂料塑料和橡胶等的着色而且是近期聚合物着色剂研究开发的热点但多数有机颜料品种存在着水相分散性差和耐光牢度耐候性不好等缺点文献中曾采用聚合物包膜有机颜料包核表面活性剂处理等方法来改善有机颜料的性能但到目前为止仍不尽理想本论文则采用层层自组装技术和溶胶凝胶法对有机颜料颗粒表面进行了二氧化硅二氧化钛等纳米无机氧化物的包覆改性试图将无机纳米氧化物的紫外屏蔽特性高耐候性亲水性化学惰性等优点赋予有机颜料从而提高有机颜料在水相中的分散性耐候性以及耐酸碱性等性能同时又不牺牲有机颜料的高装饰特性因为纳米无机氧化物具有可见光透过特性本论文选用有机颜料黄109和联苯胺黄G作为有机颜料体系研究内容包括纳米二氧化硅胶体粒子在有机颜料颗粒表面的层层自组装包覆二氧化硅纳米薄膜在有机颜料颗粒表面的溶胶凝胶包覆二氧化钛纳米薄膜在有机颜料颗粒表面的溶胶凝胶包覆以及包覆改性后有机颜料的性能研究等关于纳米二氧化硅胶体粒子在有机颜料颗粒表面的层层自组装包覆研究方面首先采用聚电解质聚二烯丙基二甲基氯化铵PDADMAC和聚4苯乙烯磺酸钠PSS交替吸附处理有机颜料颗粒表面使其带上正电荷再通过静电作用将纳米胶体二氧化硅粒子吸附到有机颜料颗粒表面上研究结果表明纳米二氧化硅粒子通过层层自组装方法可以成功地包覆到有机颜料颗粒的表面而且吸附到有机颜料颗粒表面上纳米二氧化硅的量随着预吸附聚电解质层数的增加而增加但当吸附六层聚电解质以后进一步增加聚电解质吸附层数对增加纳米二氧化硅吸附量没有太大意义包覆到有机颜料黄109颗粒表面二氧化硅层的厚度可以通过吸附多层纳米二氧化硅来控制表面元素分析结果表明有机颜料颗粒表面的纳米二氧化硅粒子包覆率随着纳米二氧化硅包覆层厚度增加而增大接触角的实验结果表明包覆了纳米二氧化硅的有机颜料的润湿性发生了明显的改善可以完全被水浸润能够很方便地应用于水性体系中紫外可见光谱分析结果证明了包覆纳米二氧化硅的有机颜料紫外屏蔽性能大大加强在二氧化硅纳米薄膜在有机颜料表面的溶胶凝胶包覆方法方面首先也是利用上述的两种聚电解质对有机颜料颗粒表面进行改性使其表面带上一定量的正电荷之后将带一定正电荷的有机颜料颗粒转移到乙醇溶液中然后将前驱体正硅酸乙酯TEOS和氨水加入到该体系中进行反应透射电镜照片结果表明在表面活性剂聚乙烯吡咯烷酮PVP辅助作用下通过控制氨水和水的用量可以控制包覆到有机颜料颗粒表面二氧化硅的形态使水解和缩合的TEOS能够在有机颜料黄109颗粒表面形成一层致密的二氧化硅纳米级厚度的膜二氧化硅层的厚度可以通过控制TEOS的用量来调控XPS分析结果表明随着二氧化硅层厚度的增加硅含量同样增加氯元素含量降低表明二氧化硅包覆层愈来愈致密紫外可见漫反射光谱数据表明用这种方法包覆的二氧化硅同样可以屏蔽紫外线热分析结果表明包覆了二氧化硅的有机颜料的热稳定性有所提高在二氧化钛纳米薄膜在有机颜料表面的溶胶凝胶包覆方法方面以钛酸正丁酯TBOT为前驱体采用类似于溶胶凝胶法二氧化硅包覆有机颜料工艺成功实现了二氧化钛在有机颜料颗粒表面的包覆研究结果表明可通过调节TBOT的滴加速度水和氨水的加入量等工艺参数得到致密的二氧化钛包覆层二氧化钛包覆层的厚度可通过TBOT的加入量来控制XPS测试结果表明随着二氧化钛层厚度的增加改性后颜料颗粒表面钛元素的含量也是逐渐增加的紫外可见漫反射光谱分析结果表明包覆二氧化钛后的有机颜料的紫外屏蔽性能大大加强与纳米二氧化硅粒子包覆有机颜料的紫外屏蔽性能相类似优于二氧化硅溶胶凝胶法包覆的有机颜料有机颜料包覆二氧化钛后耐热性也有一定程度的提高在改性后有机颜料的性能方面研究结果表明纳米无机物改性后的联苯胺黄G润湿性能都有所改善但用层层自组装方法制备的二氧化硅包覆联苯胺黄G的润湿性能明显优于溶胶凝胶法制备的二氧化硅二氧化钛包覆的联苯胺黄G不管用什么方法进行无机物包覆改性后的颜料耐酸碱性都增强将改性后的联苯胺黄G色浆加入乳胶漆配制成水性建筑涂料进行涂层性能测试发现包覆到联苯胺黄G上的无机物的壳层越厚越致密则改性后的联苯胺黄G配成的涂料涂层颜色就越鲜艳纳米无机物包覆后颜料的耐候性都有提高
水性聚氨酯 异氰酸酯 傅立叶红外光谱 环氧树脂 改性,以前由于市场需要传统的溶剂型涂料由于其良好的综合力学性能和表面性能一直受到广泛应用近年来许多国家相继颁发了有关控制挥发性有机化合物VOC的法令在这种背景下水性涂料得到了迅猛的发展其中水性聚氨酯涂料由于其使用性能的优异受到了广泛的关注及重视由于水相的引入与溶剂型聚氨酯涂料相比对水性聚氨酯的制造具有更高的难度国外对水性聚氨酯的研究近年来取得了迅猛的发展对水性聚氨酯的制造和其化学行为提出了许多新的见解国外的厂家采用了脂肪族异氰酸酯为主要原料制备出了性能优良的水性聚氨酯涂料国内我们主要以芳香族的异氰酸酯如甲苯二异氰酸酯为原料相关理论和生产均处在起步阶段本课题采用甲苯二异氰酸酯聚醚二元醇和二羟甲基丙酸为主要合成原料进行预聚然后在水中分散乳化得到自乳化水性聚氨酯对其制备工艺进行了初步探索确定了合理的工艺条件本实验系统地研究了亲水单体二羟甲基丙酸的含量扩链剂的含量NCOOH投料比等对预聚物的黏度以及对其涂膜的拉伸强度延伸率剪切强度和耐水性的影响所得的水性聚氨酯贮存稳定性能良好通过傅立叶红外光谱表征说明了聚氨酯分子链中存在氢键其硬段的存在使聚氨酯具有优良的拉伸强度而软段则赋予聚氨酯优良的柔韧性能在制备水性聚氨酯基础上引入了环氧树脂制得了环氧改性水性聚氨酯环氧树脂的引入使水性聚氨酯中具有了交联结构与改性前的水性聚氨酯相比其涂膜耐水性耐溶剂性以及机械性能都得到了提高并研究了环氧树脂的引入方法及环氧树脂加入量对分散体及其涂膜性能的影响傅立叶红外光谱分析显示出了环氧树脂与水性聚氨酯之间存在化学键的连接以上实验各项结果显示通过环氧树脂改性取得了预期效果所得产品的综合性能优异
无轴(电子轴) 伺服传动 凹版印刷机 交流伺服电动机,"概述了无轴(电子轴)传动技术在国内外印刷机上的应用现状,并对该技术在凹版印刷机上的应用特点进行了论述,指出我国微电机行业应抓住这一契机,利用行业的优势,研究和开发适用于我国印刷设备需要的交流伺服传动系统。"
水性油墨 油墨市场 发展趋势 印刷机 干燥速度 有限公司 柔性版印刷 包装印刷 稳定剂 印刷油墨,"水性油墨简称为水墨,水性油墨与油性油墨主要区别在于溶剂的不同,水性油墨以水(45%-50%)为溶剂,VOC含量极低,对环境污染小；油性油墨以有机溶剂(甲苯、二甲苯、工业酒精等)为溶剂。在软包装行业,由于溶剂型油墨"
瓦楞纸箱 发展,"客观的介绍了国内外瓦楞纸箱的生产情况,即对未来的发展趋势作了分析。"
植物油墨 大豆油墨,"油墨是印刷行业的主要耗材,根据油墨组分及含量、承印物、用途、印刷设备、印刷方式和使用方法等可分为多个种类。现有的多数油墨中大多都要含有有机(或无机)溶剂、颜料等,不符合环保绿色印刷的要求。现如今,"
光固化 UV固化涂料 水性树脂 光引发剂 低聚物,"水性光固化涂料是一种新型的光固化涂料,本文简述了其特点、水性UV树脂、水性光引发剂和水性光固化涂料的应用及研究进展。"
水基油墨印刷纸 碎解pH值 油墨再沉积 浮选脱墨,"介绍了水基油墨印刷纸碎解浆料脱墨困难的主要原因,分析了影响水基油墨再沉积的因素。结果表明,碎解pH值和循环用水的油墨积累对油墨再沉积有很大影响。"
油桐 桐油 生物质能源 利用,"油桐是原产我国的世界著名的工业油料树种。油桐在我国16个省、市、自治区有栽培分布,栽培分布范围广,品种资源丰富,结实早,产量高。简单介绍了油桐的资源分布、栽培与利用及其栽培的优势,并提出把油桐生产列入国家生物质能源发展的范畴、把油桐生产列入“十一五”规划项目、开展油桐作为生物柴油使用的试验研究、恢复原来的油桐研究会、迅速搜集保存油桐种质资源等建议。"
环氧树脂 改性 水性丙烯酸树脂 水性聚氨酯 富锌涂料 性能,本文引用环氧树脂来分别改性水性丙烯酸树脂和水性聚氨酯并对其合成工艺以及性能表征进行了详细的研究通过丙烯酸酯类单体与环氧树脂接枝共聚反应对其进行改性研究了环氧树脂环氧值及用量加料方式反应温度及中和度等因素对改性树脂性能的影响研究结果表明加入环氧树脂改性后丙烯酸树脂的耐水性明显增强硬度附着力拉伸强度及抗冲击强度等力学性能有较大幅度地提高当环氧树脂E44在反应前期加入用量为69反应温度为110中和度为110时改性树脂具有较好的成膜性能和优异的物理机械性能红外光谱分析证实接枝产物的结构扫描电镜观察接枝共聚物的水分散体的粒子形态及大小用DSC对改性前后的树脂进行了热分析以异佛尔酮二异氰酸酯IPDI聚酯二元醇和二羟甲基丙酸DMPA作为主要原料合成了脂肪族水性聚氨酯分散体并用环氧树脂对其进行了改性研究了环氧树脂的环氧值及用量扩链剂种类及用量nNCOnOH等因素对改性树脂性能的影响实验结果表明改性后树脂的硬度附着力拉伸强度及抗冲击强度等力学性能有明显提高当环氧树脂的环氧值为043用量为68以乙二胺为扩链剂质量分数方1nNCOnOH15181时可得到耐水性稳定性力学性能优良的水性环氧聚氨酯分散液DSC测试表明改性后树脂的玻璃化温度增高以水性环氧聚氨酯为基料加工成富锌涂料通过对其腐蚀电位和电化学阻抗谱EIS的测试分析研究了添加不同含量锌粉的富锌涂层在3NaCl溶液中的腐蚀电化学行为并与添加少量铝粉的富锌涂料及传统的富锌涂料进行了对比结果表明水性环氧聚氨酯富锌涂料的防腐蚀能力比传统环氧富锌底漆强锌粉的添加量对涂层的防腐蚀效果有一定的影响添加少量铝粉能提高涂层的防腐蚀性能
水性油墨 稳定性 抗水性 光泽度 黏度 pH值,水性油墨简称水墨作为一种新型的绿色印刷包装材料以其环保卫生安全经济和具有良好的印刷适性等优点特别适用于食品饮料药品等产品的包装印刷但是目前国产水墨存在稳定性抗水性光泽度差以及附着牢度不高等问题严重阻碍水墨在包装印刷行业的发展和推广应用同时水墨在挥发干燥过程中随着液氨的挥发油墨固化成墨膜但是氨的刺激性气味大不利于印刷操作环境的改善和印刷工人的身体健康本文主要针对这一实际现状着手进行研究论文立足于对水墨的结构体系和使用机理的正确认识基础上系统的分析了水墨稳定性抗水性光泽度的各项影响因素根据基础配方实验和各项性能测试结果以前面的理论分析为指导在以提高水墨的稳定性抗水性光泽度的前提下改变配方反复实验同时利用无味胺AMP95替代一部分氨水最终找到合适的工艺和配方参数来配制水墨使得水墨的稳定性抗水性干燥速度以及附着牢度方面有了很大改进同时极大的提高了水墨体系pH值和黏度的稳定性并且得到了低气味的水墨最后探讨了AMP95对水墨体系pH值及黏度稳定性的影响水墨墨层厚度和含水量对光泽度的影响偶联剂对水墨性能的影响
水基油墨 再沉积 废水处理 印刷纸 油墨粒子 脱墨方法 碎解时间 旧杂志纸 新闻纸 过氧,"介绍了水基油墨的组分和产生再沉积的条件等造成水基油墨印刷纸脱墨困难的原因,同时介绍了脱墨废水处理的困难。"
纸质食品包装材料 残留污染物 毒性 迁移,"食品包装材料中的残留污染物是引起食品污染的重要途径之一。根据国内外研究结果的有关资料,对纸质食品包装材料中存在的微量元素、荧光增白剂、有机氯化物、增塑剂、芳香族碳水化合物、有机挥发性物质、固化剂、防油剂以及杀菌剂等化学残留物的来源、毒性分析、其迁移到食品中的可能性及对人体的危害作了综合的论述,为相关食品包装企业的质量控制和科研工作者提供参考。"
产业盈利性 思维模式 复杂适应系统 经济学演化范式 印制电路板,投资的本质特征是通过投入获得盈利为了保障投资能够获取满意的回报无论是证券投资风险投资还是产权投资和项目投资都需要对投资对象所在产业的盈利性和投资机会进行研究和判断并且对产业盈利性的研究和投资机会的判断是进行投资的重要基础性工作具有非常重要的现实意义和很高的理论研究价值但是以往对产业盈利性及其演变规律和产业投资机会的研究一般均立足于还原论的思维模式和确定性的均衡假设依据这种思维模式和假设所进行的产业研究结果与实际情况往往会有很大的差距对实际工作的指导意义非常有限针对这一问题本文基于复杂适应系统理论及经济学演化范式的观点和原理以新的视角提出了一个独创的产业盈利性及投资机会评价模式并依据这一模式对PCB产业的盈利性及投资机会进行了实证分析具体研究内容归纳如下思维模式的转变产业研究中运用的还原论思维模式来源于传统的经典物理学以牛顿力学为代表的经典科学认为现实世界的规律能够和应该从简单的原理和普遍的规律出发加以解释随着以爱因斯坦的相对论和玻尔等人的量子力学为核心的现代物理学的诞生使自然科学领域的思维模式开始发生转变逐步从还原论转向整体论和系统论开始注重从事物的整体和个体之间的联系去研究发现事物的变化规律并认识到一个系统整体的功能大于部分之和许多系统单个部分的性质与整体的性质存在极大的差异当自然科学领域的学者们不再以单纯的还原论和均衡论思维模式看待自然界事物时在整体论和系统论的视角下事物的复杂性就被呈现出来复杂性科学及复杂性思维模式因此应运而生复杂适应系统CAS理论与经济学演化范式复杂适应系统CAS理论和演化经济学就是在新的思维模式下产生的新兴的复杂性科学和经济理论分支CAS理论认为经济系统中的构成元素是具有适应性的主体适应性的主体具有非线性自组织自学习自适应动态性和非均衡性等复杂性特征CAS理论针对CAS涌现现象的研究建立了基于主体的多层次网络结构受限生成过程模型提出了深入认识和分析CAS的较为系统的思路和方法在经济学领域中针对均衡范式存在的局限性演化范式提出将经济系统视为一个演化着的复杂系统认为经济活动过程是一个动态的非均衡的演化过程认识到理性的有限性和信息的不完全性形成了基于有限理性和不完全信息的动态非均衡演化分析范式基于复杂适应系统CAS理论与经济学演化范式的产业盈利性及投资机会评价模式根据CAS理论的基本观点和多层次网络结构受限生成过程模型我们将产业系统视为一个适应性主体或基于主体特征的机制产业的盈利性则被当作产业系统的一个状态变量在此基础上本文提出了以目标产业为核心的H型产业网络结构分析框架将目标产业的盈利性放入到与目标产业直接连接的上下游产业所构成的H型产业网络中进行分析在H型产业网络中目标产业通过产量产业集中度技术创新和产业规制等要素与上下游产业相连接目标产业的盈利性状态与H型产业网络中所有产业的产量产业集中度技术创新和产业规制等状态相互关联相互作用同时本文认为无论是产量和产业集中度还是技术创新和产业规制这些状态变量对目标产业盈利性的影响不取决于其绝对水平而是取决于目标产业与上游产业之间及目标产业与下游产业之间的相对水平即相互间的差异大小本文提出通过将目标产业的产量产业集中度技术创新和产业规制状态分别与上下游产业的对应状态进行对比分析或差异比较来评价和推断目标产业的盈利性状态因此本文将基于复杂适应系统CAS理论与经济学演化范式的产业盈利性及投资机会评价模式归结为H型产业网络4个盈利性相关状态变量产量产业集中度技术创新和产业规制目标产业与上下游产业状态对比分析这一模式为更加科学客观地分析和评价产业盈利性及产业投资机会提供了有效的方法和思路对PCB产业盈利性及投资机会的分析与判断PCB作为电子系统产品之母应用范围非常广泛使PCB产业成为电子元件产业中的主要支柱产业且具有快速增长的朝阳产业特征目前中国已经成为全球PCB第一生产大国PCB产业在国民经济中占据着重要的战略和经济地位研究和探索国内PCB产业的演化规律和特征认识和把握PCB产业发展过程的投资机会具有十分重大的现实意义根据本文提出的产业盈利性及投资机会评价模式针对PCB产业及其主要上下游产业包括覆铜板CCL电脑手机数码相机液晶面板等离子面板通信设备等产业分别对PCB产业与其主要上下游产业之间的产量增长率产业集中度产业技术创新成果产业规制状况进行对比分析并得出以下分析结果产量增长率绝大部分下游产业的产量增长率远远高于PCB产业差异均在2倍以上而上游产业则略高于PCB产业产量增长率对PCB产业的盈利性产生有利影响是对PCB产业盈利性贡献最大的状态变量产业集中度无论从国内PCB产业看还是全球PCB产业看PCB产业的集中度均大幅低于上下游产业从产业集中度来看PCB产业相对于上下游产业处于完全不利的状态之中产业集中度是对PCB产业盈利性贡献最小的状态变量技术创新成果从各产业前5大厂商获得的专利总量来看PCB产业相对于上游产业具有微弱的技术创新优势而相对于下游产业则存在非常明显劣势从各个产业专利数量增长变动情况来看PCB产业与下游产业整体平均增长水平比较接近均基本保持稳定和较快增长仅上游CCL产业增长缓慢甚至近10年呈负增长因此技术创新成果状态变量对PCB产业盈利性的贡献不大在H型产业网络中基本处于被动跟随状态产业规制在社会规制方面各个产业都需要应对来自环境保护方面的规制没有大的差别各个产业的规制状态差异主要体现在经济规制方面其中手机产业和通信设备不包括手机产业存在进入规制液晶面板LCD与等离子面板PDP产业享受较多的产业优惠和扶持政策其他产业除LCD与PDP的部分高端产品可享受产业优惠和扶持政策覆铜板CCL产业的出口退税率被大幅调低PCB产业PC及数码相机产业则拥有相近且较为简单的经济规制环境根据上述统计分析结果可以进一步得出以下对PCB产业投资机会的认识和判断产量增长带来的规模扩张和盈利提升机遇在PCB产业及其下游产业均保持良好增长势头的情况下PCB产业与其下游产业之间还存在着较大的产量增长差异而且是下游产业的产量增长远远快于PCB产业这将有利于持续改善和提高PCB产业的盈利水平高端PCB细分领域的高成长与高回报机遇未来PCB高端细分领域HDI板和FPC板及其下游产业具有更好的成长性并且由于HDI板和FPC板的工艺技术复杂技术保障能力和机器设备投资要求较高使这一产品领域具有相对较高的产业进入门槛在相对较高的进入门槛保护下有利于HDI板FPC板厂商保持较高的盈利回报水平PCB产业集中度提升所带来机遇PCB产业的低集中度既为尚未进入PCB产业的厂商提供了低成本的进入机会也为在位厂商通过产业重组和整合提升产业集中度提供了很大的空间以动态的视角看待PCB产业的低集中度有利于发现其蕴藏的并购重组机会综上所述本文通过理论研究提出了独创的产业盈利性评价模式并通过实证分析获得了具有实用价值的分析成果后续研究将主要在进一步完善产业数据的基础上进行产业盈利性评价模型及机制转换函数模型的研究
化学分析方法 性能试验方法 测定方法 测定法 信息技术 通用技术条件 性能测试方法 测量方法 分光光度法测定 卫生标准,"为方便读者收集,采用中国国家标准(GB),本刊于2007年1～3期连载中国国家标准馆藏目录。馆藏目录包括中国标准化研究院标准馆收藏的全部现行国家标准,按中国标准文献分类法分类。如有需要国标全文(包括文本及电子版)的读者,请与杂志社或标准馆联系。"
价格影响模型 原油价格 价格指数 投入产出分析 制造业 价格变动 价格上涨 产品价格 传导阻滞 价格模型,"本文以中国122部门投入产出表为数据基础,采用投入产出价格影响模型测算了原油价格变动对中国物价总体水平和各部门产品价格的影响程度,通过研究投入产出价格影响模型的前提假定和价格传导障碍因素,分析了原油价格的传导机制,提出了应对国际原油价格波动、提高我国抗油价波动能力的政策建议。"
价值链 竞争战略 报业集团 决策要素 重构,目前我国报业市场正处于一个体制与机制均发生剧烈变革的转型期报业传统的垄断经营地位已经丧失国内外的竞争者蜂拥而至市场竞争日趋激烈同时报业的生产方式和传播模式也发生了巨大变化即时性互动性虚拟性和多元化的特征日趋明显传统受众的忠诚度正经受着严峻的考验然而作为报业市场主体的报业集团对环境变迁的反应并不够敏捷应对的竞争策略也较为单一这就使我国报业集团面临着较为严峻的生存与发展压力本质上现代报业的竞争就是价值链的竞争但我国报业市场的竞争主体报业集团还存在诸多方面的问题对自身价值链缺乏应有的理解和重视增值环节识别不清价值链中的战略节点不明晰核心竞争力不突出价值链较短且利用不充分集团利润的来源途径单一主要依赖经营报纸的收入集团内部资源的配置不合理价值链条运转不顺畅存在极大的经营风险等这些因素无疑会影响到报业集团的市场竞争力和长远发展另外在报业价值链管理理论的研究方面国内外的多数研究尚处于相关概念原理等方面的定性探讨阶段对报业集团价值链自身形成机理特征的理解和认识尚不够深入因此对报业集团价值链的重塑和竞争战略的设计并没有实质性指导作用鉴于此本文结合经济学管理学和传播学的理论知识按照系统的观点对报业集团价值链进行系统地研究和分析并以此为基础对报业集团竞争战略设计进行系统的研究同样是面对动荡多变的竞争环境与一般产业不同的是报业经营的是信息产品具有两次销售的模式即由订阅和零售两种方式所进行的报纸对读者的销售以及通过读者阅读吸引其注意力进而促其转化为实际购买力的影响力销售获取两次销售收入即初次销售的发行收入和二次销售的广告收入还要面对两个市场即由报纸和广告构成的有形市场和由影响力而形成的无形市场由此决定了报业集团的价值链也有别于一般企业而报业集团要获取持续竞争优势就必须同时在两个市场上展开竞争并培育相应的竞争能力从而能满足政府读者和广告商的需求现实中影响报业集团价值链构成的外生要素有宏观政策行业变化和社会文化等而内生要素则包括受众需求盈利模式资源结构和配置方式等根据对上述要素的精确分析可以将报业的价值链构成分为基本价值链延伸价值链拓展价值链虚拟价值链和价值网络其中基本价值链包括办报印务发行和广告四个环节其中的核心环节是办报延伸价值链是基于基本价值链各战略环节通过采取纵向一体化延伸形成的价值链条拓展价值链是在基本价值链基础上向报业产业之外拓展而形成的价值链条虚拟价值链是基本价值链在市场空间中的延伸是对基本价值链在信息领域的新发展而价值网络则是报业集团为创造资源扩展和提供产品或服务而建立的合资或联盟合作系统不同的价值链对于价值的生成具有不同的作用而所有价值链共同作用则会形成合力使报业集团具有更强的竞争力基于对价值链的深刻剖析和全新分类我国报业集团的价值链重构可以采取两种方式专业化延伸式和多元化拓展式前者是将报业集团价值链的关键核心环节做足做大形成多点产出多点支撑的价值链条使目前单一竞争环节的成本得到补偿和降低该种方式又可以有两种选择喷泉式由内向外延伸和漩涡式由外向内聚集喷泉式由内向外延伸是指借助核心信息源优势信息处理模式优势运营模式优势打造核心内容产品通过多种形式的媒介形式将核心优势在地域空间或业务范围上向外拓展培养高忠诚度的核心客户群体同时为报业集团开辟新的收入渠道漩涡式由外向内聚集是以核心报纸充任行业沟通平台以此为基础吸引各种社会资本与资源主动汇集过来在资源的碰撞之中不断产生新的灵感与商机后者是将存在互补优势的媒介组织与非媒介组织以战略联盟形式构筑并拉长产业链条一般可借助于企业的品牌优势向其他相关产业拓展以形成新的价值增值途径实践中报业集团可以根据本文提出的价值链重构模型进行重构即以内容产品为核心以报纸电视广播杂志图书光盘等为发布渠道以策划制作印刷发行广告以及相关非相关产业开发为工业流水线构筑商业价值运作体系当然报业集团在进行价值链重构时要使重构的新价值链运转顺畅还必须注意在重构过程中对相应的关键节点进行有效管理例如在基本价值链和延伸价值链中内容生产应把握信息的多次充分利用体现其边际成本递减效应印务经营保证印能的最大化实现规模收益发行经营实现对渠道的合理控制和网络的综合运用广告经营要创新广告模式延伸对受众的服务手段和功能在拓展价值链中要实现规模和品牌效应通过适当的多元化经营分散投资风险拓展价值空间在虚拟价值链中借助基本信息增值活动和附加价值活动实现信息在网络空间中的充分增值在价值网络中根据价值创造和实现的方式不同有效集成相关主体拥有的资源在合作中实现价值的增值环境的变迁引致了报业集团价值链的重构而价值链的重构要求对企业的竞争战略进行重新设计当然竞争战略的重新设计也会影响到价值链的重构为此本文提出了价值链与竞争战略的对接互动模型根据该对接互动模型尽管报业集团可以采用的竞争战略很多但在进行战略选择时必须考虑自身的价值链构成并根据价值链的特征选择相应的竞争战略例如在基本价值链层面报业集团可以根据自身的特点选择一般竞争战略中的某一种或几种在延伸价值链层面可以选择一体化竞争战略在拓展价值链层面可以选择围绕核心力的多元化竞争战略在虚拟价值链层面可以选择外包战略而在价值网络层面报业集团则可以选择互利共赢的竞合战略本文的创新点主要表现在如下几个方面1首次提出了报业集团价值链的新分类为我国报业集团价值链重构奠定了理论基础本文运用经济学管理学和传播学理论针对报业产业的特殊性在反思传统价值链构成的基础上将报业集团的价值链分为五部分一是基本价值链即报纸内容生产印刷发行广告二是延伸价值链即依托报纸实行价值联结点的横向与纵向的产业扩张三是拓展价值链即利用报业品牌在非相关领域内的扩张四是虚拟价值链充分利用市场机会实现报业集团个别环节的外包五是价值网与报业集团以外企业实现价值链的对接充分发挥竞争合作的潜力2根据报业集团价值链的新分类提出了重构我国报业集团价值链的新模式对称模式根据该模型我国报业集团的价值链重构可以采取两种方式专业化延伸式和多元化拓展式前者是将报业集团价值链的关键核心环节做足做大形成多点产出多点支撑的价值链条后者是将存在互补优势的媒介组织与非媒介组织以战略联盟形式构筑并拉长产业链条该模式把握了动态环境下报业产业价值链最根本的发展趋势并对这一趋势及其决策过程的内外生决策要素以及重构过程中对相应的关键节点的有效管理作出了深入分析3基于价值链的重构模型提出了设计我国报业集团竞争战略的新模型靶形模型根据该模型尽管报业集团可以采用的竞争战略很多但在进行战略选择时必须考虑自身的价值链构成并根据价值链的特征选择相应的竞争战略而其出发点和根本目的就是提高受众读者广告商价值提高我国报业集团竞争优势
大豆油 普通油墨 植物油脂 油基油墨 印刷油墨 环保型 胶印油墨 彩色印刷 环保性 应用范围,"植物油墨即植物油基油墨,它使用植物油脂作为连接料,目前研发和应用的连接料主要有碱炼大豆油、菜籽油、棉籽油、葵花籽油、红花籽油和CanoIa油等,其中最常用的是大豆油墨(Soy ink或称Vegetable ink)。大豆油墨是由食用黄豆油(或者其它干性或半干性植物油脂)与颜料、树脂、腊质等混合而成的。大豆油墨将是未来环保油墨的最佳选择之一,其发展前景非"
包装印刷 发展对策 环保油墨 回收处理 循环经济 法制建设,"绿色化发展是新世纪包装印刷的必由之路。着重研究了大力发展新型环保油墨,利用环保技术处理废气、废物,积极发展回收再生工艺,走循环经济发展模式,推行ISO14000环境认证;制定严格的环卫标准4个方面绿色化发展对策。最后指出了包装印刷的绿色化是一个系统工程,在如何全面发展我国包装印刷的绿色化等方面还有待于进一步探讨。"
柔性版印刷机 柔印机 柔印技术 柔版印刷机 水性油墨 包装印刷品 模内标签 卫星式 印刷方式 大发展,"社会信息化及经济全球化的发展促使印刷业发生着巨大的变化。在四大印刷工艺中,作为凸版印刷衍生的柔性版印刷,经过几十载的曲折发展历程,终成正果。柔印市场由小到大、由弱至强的发展态势,引得印刷各界人士竞相关注。据统计,20世纪90年代末,全球柔印每年都以70％的惊人速度增长,2000年,柔印已占全球印刷市场的18％～19％。然而在柔印增长的同时,全球凹印的增长却呈持平的状态,而胶印则出现略有下跌的态势。为何柔印发展如此之迅猛?究其原因应该是像陶瓷网纹辊、套筒式印版辊、水性油墨、UV油墨、激光雕刻技术和计算机技术等一批新技术的应用大大提高了其印刷质量,加上水性油墨的环保优势而使其得到了巨大发展,尤其是在欧美更为注重环保的国家,柔印更是应用广泛。那么,柔印在中国的发展现状如何?中国印刷业是如何推动柔印前进的呢?先进的柔印技术是否都得以顺利普及?……为此,《今日印刷》特意走访了几位业内资深专家、经理人,不妨听听他们对柔印在中国发展过程中所遇到的诸多问题的看法。"
丙烯酸树脂 环氧丙烯酸酯 水性 溶液聚合 乳液聚合,水性丙烯酸树脂具有较好的光泽度耐候性耐化学品性和稳定性高且无污染无毒性无刺激性和生产安全价格便宜等优点是一种低VOC的绿色环保型产品也是目前较为活跃的研究和开发领域但常规丙烯酸酯树脂存在如成膜温度高胶膜硬度低抗回粘性差耐水性不好附着力差等缺点因此合成能克服以上缺陷的新型树脂己成为当前的研究热点本研究先用溶液聚合的方法初步探讨合成了水溶性的丙烯酸酯树脂然后用硬度高附着力好抗水性好及耐化学药品优良的环氧丙烯酸酯EA对其进行改性有效的改善了水性丙烯酸酯树脂的缺点提高了丙烯酸酯树脂的综合性能在环氧丙烯酸酯共聚改性水性丙烯酸树脂的实验中讨论了不同合成加料方式不同温度不同引发剂用量及不同环氧丙烯酸酯用量等因素对共聚合成及其性能的影响研究结果表明采用分步加料法反应温度为82搅拌速度为150rmin200rmin反应4h时可以顺利合成EA改性的水性丙烯酸树脂单体转化率达96以上当EA用量为8交联单体NMA用量为2时改姓树脂的性能最佳硬度达2H抗回粘性1级附着力Gt0玻璃耐水96h除此之外从粒子设计方面着手采用乳液聚合的方法合成了具有不同核壳结构的乳液大大改善了水性丙烯酯乳液的性能讨论了不同核壳结构的设计工艺乳化剂等因素对乳液聚合的影响研究结果表明采用软核硬壳的工艺设计乳化剂用量为3阴离子型非离子型12NMA为2时合成的乳液性能最佳热固化后硬度可达2H抗回粘性1级附着力Gt0玻璃耐水性96h是一种性能优良的热固型树脂
纳米材料 产业化机制 动力机制 运行机制 ANP 模型,笔者本科学习的是材料化学专业在同济大学投资研究所就读研究生期间作为主要成员参与了汉唐证券委托项目新材料行业研究和振兴行动教育计划高科技中小型企业数据库建设等课题研究在行业研究和企业调查过程中特别是在对纳米材料产业调研过程中引发了笔者对我国纳米材料产业化机制研究的深入思考并将之作为本博士论文的研究题目人类发展的历史本身就是一部材料发展的历史一种新材料的出现往往引起生产力的大发展从石器陶瓷器青铜铸铁钢塑料到形形色色新材料的出现均标志着一个相应经济发展历史时期的到来而每一次材料技术革命催生了一个强国的诞生纳米材料的出现预示着一个新的纳米时代悄然来临纳米时代的到来对我国来说既是一次机遇更是挑战我国纳米材料技术的基础研究水平与其他先进发达国家相比相差不大有些方面甚至处于世界领先地位但在产业化方面有一定差距我们要避免重蹈计算机技术和超导技术的覆辙利用这一轮技术革命实现我国经济振兴与腾飞的梦想本文第一章导论首先界定和阐述研究对象对相关概念进行了详细的分析接着简要分析本研究的背景目的和意义提出研究思路和全文结构第二章首先回顾了产业化机制研究相关的基础理论创新理论和产业结构理论接着对有关产业化机制方面的研究和纳米材料产业化国内外有关研究进行了比较详细地综述科技进步推动产业结构的演进技术创新的动力来源于技术推动或市场拉动或二者的结合纳米材料技术及产业的发展是产业结构优化的一种途径是纳米材料技术推动和市场拉动的结果为纳米材料产业化提供了理论依据产学研合作是纳米材料产业化的一种较好模式我国在这方面需要加强和引导第三章和第四章全面详实地研究国内外纳米材料产业现状及发展趋势从研发制备市场和产业化四个方面对纳米材料产业作充分的研究论述并对国内外纳米材料现状及发展趋势作比较研究从中找出我国纳米材料产业化过程中的问题和不足科研投入不足科技转换介面不畅以及产业环境有待改善等第五章和第六章分别对我国纳米材料产业化的动力机制和运行机制进行全面的研究分析并与美日欧等纳米材料强国的纳米材料产业化的运行机制作比较进一步剖析我国纳米材料产业化过程中的具体问题以纳米材料企业为主体是技术创新运行机制尚未建立人才机制不完善融资机制不健全技术转移机制不规范政策法律法规需要改革创新最后选用ANP结构模型构建我国纳米材料产业化评价指标体系并作评价第七章是解决问题在前几章研究的基础上提出我国纳米材料产业化健康快速推进的对策措施并构建我国纳米材料产业化机制模型全文最后对本研究进行了总结并指出不足之处和进一步研究方向本论文具有以下创新之处1对我国纳米材料产业化的动力机制和运行机制进行了详尽的研究剖析纳米材料产业化中的深层次问题据文献搜索尚属首次2构建我国纳米材料产业化水平评价指标体系引进网络分析法ANP并做实证研究据文献搜索尚属首次3经过理论和实证研究构建我国纳米材料产业化机制模型及其子模型提出我国纳米材料产业化的对策措施以期有助于我国纳米材料产业化的健康进行据文献搜索尚属首次4从研发制备市场和产业化四个角度对国内外纳米材料产业现状及发展趋势进行全面地研究并做比较研究有助于对整个纳米材料产业的全面了解据文献搜索尚属首次
丝网印刷 背银 背铝 正银 丝网 浆料 基片,简要介绍太阳能电池的生产工艺。针对背银、背铝、正银三工序的印刷工艺要求从刮刀、丝网、浆料、设备及基片5方面进行分析。
油墨市场 水性油墨 绿色印刷 环保型材料 大豆油 环保意识 印刷适性 有机溶剂 包装印刷 印刷质量,"了解油墨的人都知道通常使用的油墨中都含有对人体和环境有害的化学物质,在环保意识逐渐增强的今天对油墨的发展有了更高标准的要求。目前的油墨市场已经开始向环保方向发展,并逐步出现了诸如水性油墨、大豆油油墨、UV油墨这样的环保油墨。而且环保油墨的开发和生产能力已经成"
大豆油 印刷油墨 印刷品 印刷生产过程 环保性 生产流程 污染来源 有害物质 安全问题 不利因素,"我们的生活离不开五光十色的各类印刷品,随着生活水平的不断提高,人们对印刷品的环保性以及对人体无危害性的要求日趋严格。国际上对印刷品中含有的有害物质均有限制,印刷制品安全问题可能成为阻碍我国出口发展的不利因素之一。而从印刷品的生产流程来看,油墨是在整个印刷生产过程中最主要的污染来源。"
包装印刷工业 环境问题 污染 油墨 纸张 经济可持续发展 包装印刷业 塑料包装材料 柔性版印刷 治理措施,"主要阐述了包装印刷工业在印刷材料及生产工艺过程中如何造成环境的污染,并针对各项污染提出了相应的治理措施,对包装印刷工业的可持续发展具有指导意义。"
改良苯胺水基油墨 洗涤法脱墨 常规浮选法脱墨 苯胺油墨 印刷纸 阳离子表面活性剂 脱墨方法 浮选脱墨 过氧 油墨粒子,"介绍了水基油墨印刷纸的洗涤脱墨法和常规碱性浮选法及其存在的问题,也介绍了改良苯胺水基油墨可脱墨性的一些研究。"
水基油墨印刷 印刷品 可脱墨性,"介绍了各种水基油墨印刷纸在国际上的使用概况,同时介绍了水基油墨印刷纸的识别方法及其可脱墨性。对于水基油墨印刷的各种纸,用常规的脱墨方法进行脱墨是困难的。"
汉字 正字 印刷字体 印刷字体设计 版式编排,现代设计奠定了现代物质文明的形式和内容基础是20世纪文明发展史上的组成部分而文字设计在促进人类的交流与沟通方面扮演着一个重要角色20世纪以来的中国现代设计随着社会经济的开放与改革呈现着日新月异的趋势尤其是电脑技术的出现和发展给现代设计注入了新的活力反过来设计也从各方面促进了经济的发展国内设计的社会软性环境与设计的介质和载体等硬性环境不断的变化更新使得设计充满了种种变化的可能自然作为视觉传达的三个重要因素图形图像和文字也应当顺应其变以主动积极的姿态满足现代媒体和社会心理的功能需要但无可否认的现实是较之图形和图像的发展基本与国外同步的事实国内在计算机时代的印刷字体设计及应用水平与国外有差距滞后于前两个方面汉字印刷字体的应用现实也反映出整个社会以及设计师对字体的文化发景设计脉络及字体的应用尚缺乏足够的重视重实践而轻理论重内容而轻文脉也导致了汉字视觉环境的混乱无序有鉴于此中国应该建立良好的汉字印刷字体开发环境以及应用体系设计并推广大量的优秀的中文字体以满足现代设计的需要这涉及到文化传承的问题可以说它既是一种社会需要更是一种社会责任鉴此本论文将通过对汉字印刷字体设计及应用现状的研究与反思从文字字体字体设计字体在版面设计中的应用等四个主要方面进行系统性梳理与分析再加具体的设计实践尝试逐步建构起较为完备的印刷字体设计的研究框架从中总结出汉字字体设计的方法论本论文的第一部分首先阐述汉字的起源作为字体设计的本源汉字的发展流变也就成为印刷字体设计最为重要的基础字体设计的过程是一个体验汉文化的过程设计者对于汉字字源的明鉴显得异常重要它将避免设计过程中文字笔画不正确导致使用者将错误传播出去对社会造成不良影响另外对汉字的深入认识会使得设计者读字审视字和设计字体都会怀有一种特别的情感体会字的形声义和字体设计的联系这亦是对汉字文化应持有的一种尊重可以说字体设计承载着文化的博大与精髓论文的第二部分着重于印刷字体力图从字体的广义和挟义不同学科对字体的界定来重新审视印刷字体这个概念以及它和古文字今文字的关系论文分两个章节从设计的角度出发详细地分析印刷字体的发展历程和风格演变由此理清字体发展的历史脉络第三部分则是研究现代印刷字体设计手段及字库制作通过分析铅字铜模和照相制版的制作工艺原理结合英文字体设计的相关理论以及对字体字库的研究结果试图建立起一套基于电脑的科学的汉字印刷字体设计方法和营造实用的字体开发环境的方法第四部分通过对现有电脑字库的分析结合各种设计实践的范例将印刷字体与版面设计相联系阐述字体在版面上的作用好的版式应用需要依托于好的字体好的字体可以大大优化版面效果同时字体需要在长期的使用过程中不断调整和完善因此字体和字体应用始终密不可分本论文也强调我们正处于一个从单一纸媒介质向以屏幕媒体为主的多媒体发展过渡的时代作为信息传播的主要载体汉字其字体的应用也不可避免地要受到载体的影响我们在关注汉字字体设计本身的同时也应关注媒体技术的发展需求并对汉字的视觉需求和新的设计理念的研发予以更多的切实研究论文在以上总结出的方法论的基础上借鉴传统的印刷字体设计并注重其科学性人文性审美性为提高中文字体设计的整体水平根本上解决中文字体设计开发落后的局面做出自己力所能及的贡献以此推动国内汉字字体设计及应用的研究历程
纳米碳酸钙 结构模型 表面改性机理,纳米碳酸钙属无机粉体材料表面亲水疏油呈强极性不能与橡胶塑料等高分子有机物发生化学交联没有补强性能同时纳米碳酸钙具有极大的比表面积和较高的比表面能在制备和后处理过程中极易发生粒子凝并团聚形成二次粒子使粒子粒径变大在应用过程中最终失去超细微粒所具备的功能解决这两个问题的关键在于对纳米碳酸钙进行表面改性使其表面能减小增加亲油性改进其在基质中的分散性和分散稳定性从而增加与高聚物的相容性使其由一般的增量剂填料上升为性能增强剂和功能填料我国纳米碳酸钙的质量水平与发达国家的差距主要表现在晶型的一致性较差表面改性和分散性能较差这是由于我国纳米碳酸钙表面改性技术在改性工艺改性设备活化剂配方等方面起步较晚改性技术还不成熟尤其是改性机理尚不清楚这是制约我国碳酸钙改性技术进一步发展的重要瓶颈也是本文研究的方向本文首先对纳米碳酸钙的活化改性进行了实验研究在硬脂酸钠季戊四醇松香酯椰子油松香季戊四醇松香酯甘油松香酯椰子油油酸钛酸酯硬脂酸钠椰子油硬脂酸钠等表面改性剂中以硬脂酸钠椰子油油酸椰子油椰子油硬脂酸钠等活化剂的活化效果较为理想其次本文探索性地构建了碳酸钙分子的结构模型明确了碳酸钙微粒的结构特点即分子中碳酸根离子相对钙离子而言较为庞大而产生位阻效应的结构特点碳酸钙微粒的外表面绝大部分为带负电荷的碳酸根离子所占据因而对外显负电性故而在溶液中能吸引带正电的钙离子为构建活性碳酸钙的结构模型和进一步深入探讨碳酸钙的活化改性机理奠定了基础最后本文分别以脂肪酸盐磷酸酯钛酸酯和铝酸酯四种国内常见的表面改性剂为例探讨了纳米碳酸钙的表面改性机理构建了活性碳酸钙的结构模型此外对碳酸钙工业的发展前景进行了展望碳酸钙工业依然是朝阳工业
喷墨印刷,"凸印、平印、凹印、柔印在印刷行业被称为四大传统印刷工艺,属于有版有压印刷,而喷墨印刷属于无版无压新兴特种印刷工艺。喷墨印刷最近几年发展迅速,与其他四种有版有压印刷工艺相比,喷墨印刷确实具备按需印刷等特点,在很多方面都拥有竞争优势。"
水性油墨 油墨市场 植物油 有限公司 大兴 印刷适性 香港 环保 福州 大豆油,"《今日印刷》:大兴油墨化工(香港)有限公司是一家专业从事印刷材料、油墨开发、研究及销售于一体的港资企业,为了让读者更好地了解贵公司,请详细介绍一下贵公司近年来的发展情况。大兴油墨公司:大兴油墨公司(香港)有限公司成立于20世纪80年代初,总部设在香港。近十年来,公司更锐意开拓中国国内市场,已在深圳、广州、上海相继成立分公"
UV油墨 金属油墨 网版印刷,"介绍了UV金属油墨的种类、特性与使用范围,并就UV金属油墨的印刷色序、固化工艺以及正确选用进行了详细论述。"
水性油墨 油墨性能 溶剂型 包装印刷材料 有机溶剂 黏度 颜料颗粒 碱溶性树脂 食品包装印刷 必然要求,"近年来,很多国家在包装印刷方面增加了卫生、环保方面的要求和制约条件,尤其在食品包装印刷方面。研究、开发和应用危害小、污染少,以至无公害的绿色包装印刷材料成为绿色包装发展的必然要求,其中水性油墨就是一种很好的选择。"
电子标签 天线 直接印刷 导电油墨,"文章主要介绍了电子标签(RFID)天线的几种印制工艺。重点讲述了一种新兴的印制工艺——直接印刷法,阐述了这种工艺的工艺流程、特点。直接印刷法具有工艺简单、成本低和环境污染少等优点,将是电子标签(RFID)天线制造工艺的发展主流。"
混合单体 黏度 固化率 正交试验方法 喷墨油墨 固化速度 双官能团单体 最优比例 体系 三官能团,"不同官能团的单体对油墨的黏度和固化速度影响不同。设计了由单、双、三官能团单体EOEOEA、TPGDA和TMPTA组成的混合单体体系,采用正交试验方法设计改变混合单体比例的配方,测试了由混合单体体系组成的UV喷墨油墨的黏度和固化率。实验结果表明混合单体的最优比例为5.5∶2∶1.5。"
植物油基 油墨清洗剂 脂肪酸 溶剂型 橡皮布 橡胶布 植物油脂 毒性 成分 挥发性有机化合物,"挥发性有机化合物简称VOC(Volatile Organic Compounds),一般是作为溶剂使用后而散发到大气中的。VOC的成分复杂,具有的特殊气味能导致人体呈现种种不适应,并具有毒性、刺激性、致癌作用。如苯列为可疑潜在致癌物质。卤代烃类物质能引起神衰征候群及血小板减少、肝功能下降、肝脾肿大等病变,还可能导致癌症。CFC类物质对大气臭氧层有破坏作用。所有这些促使世界各国尤其是发达国家纷纷颁布法律对VOC的排放进行控制。"
柔板显示器件 微胶囊 电泳显示 电子墨水 显示技术 柔性显示器件 制备方法 原位聚合法 制备工艺 界面聚合法,"微胶囊电泳柔板显示器是一种新近发展起来的电泳显示技术,有着广泛的用途。介绍了微胶囊电泳柔板显示器的显示原理、制备工艺、微胶囊的制备方法及器件衬底材料的研究现状,对各种制备方法及工艺进行了分析与综合评述,同时讨论了国内外柔板显示器及材料的应用研究现状、存在问题及发展前景。"
丝网印刷 丝网几何特性 数字加网 表面粗糙度 网距 油墨附着量 正交实验,丝网印刷以其众多的优点在近年来得到了迅速发展并呈现出勃勃生机丝网印刷的发展是建立在生产实践技术之上的缺少理论和数学模型的指导发展受到阻碍尤其是产品的高精度印刷受到限制丝网印刷工艺主要参数的研究分析对提高丝网印刷品的精度和质量实现丝网印刷工艺的规范化和数据化管理有着重要意义影响丝网印刷精度的因素比较多可变因素就达90个之多本文主要就如何提高丝网印刷的精度进行了分析丝网几何特性是丝印的基础在对目数及丝径等参数的分析基础上对比了最小网点的计算公式提出分辨率的计算应在张力的影响下进行才能得到较为精确的结果龟纹是影响精度的一大因素采用数字加网可有效避免龟纹提高精度印版特性影响到印品精度应用粗糙度对印版的表面状况进行了研究讨论了提高光滑度及印刷精度的方法网距的存在使印刷图文产生形变和位置的改变为此建立了模型并进行模拟实验得出了网距与印刷精度及位置变化之间的关系曲线油墨的流变性表面张力关系到油墨附着量和印迹扩大文中用实验数据分析对比对油墨的附着公式进行了修正使墨层厚度的计算结果提高最后设计实验验证了粗糙度对印迹的影响引入正交实验的方法得出在丝网印刷中目数对精度的影响起主要作用其次为粗糙度和网距对于一定的印品可以用正交实验的方法得到最佳的工艺条件为生产实践提供了参考
水性紫外光固化涂料 现状 进展 应用,水性紫外光固化涂料技术因其符合环保、节能、清洁生产理念而成为当前国内外研究热点。本文考察了水性UV涂料的技术特点及预聚体、光引发剂、表面活性助剂等的研究现状;介绍了该涂料的研究进展、应用情况以及存在的问题。
水性油墨 发展历史 技术 经济 发展趋势,"文章参考中国油墨相关书籍及国外相关期刊杂志,从水性油墨发展的历史、技术发展概况、应用概况,经济概况、技术发展动态和发展趋势对水性油墨进行了综述,对中国的水性油墨的发展历史,现状,及存在的问题进行了简单的分析,使人们对水性油墨有所了解。"
UV油墨 胶印 固化速度 乳化 流变性能,UV胶印油墨由于优质高效环保等优点在印刷行业中的应用已经日益广泛本论文通过大量实验对UV胶印油墨的各种组分进行筛选优化最终确定了UV胶印油墨的基本配方采用研磨分散的方法自主研发制备了各项性能良好的UV胶印油墨样品对研制的UV胶印油墨样品进行了流变学性能及印刷适性的测试探讨了UV胶印油墨各组分对流变学性能印刷适性的影响并研究了乳化对油墨固化转移率及触变性的影响研究结果表明UV胶印油墨表现出非牛顿流体的特征具有触变性不同的单体预聚物结构的差异对颜料粒子的分散状态有较大影响最终影响油墨样品的流动特性和触变性引发剂的光谱吸收特性和含量单体和预聚物的官能度影响UV胶印油墨样品的固化使用对颜料粒子的润湿分散能力较强的单体和预聚物制备的油墨样品具有较高的光泽度UV胶印油墨的乳化率与预聚物的乳化率有关混合预聚物中环氧预聚物含量增大时油墨乳化率升高UV胶印油墨的固化速度随乳化率升高而降低转移率随乳化率的增加呈先上升后下降趋势乳化后的油墨触变性降低研制的UV胶印油墨的色域范围较宽具有良好的色彩再现性能本文研究结果为制备高质量具有良好印刷适性的UV胶印油墨具有一定的参考意义
喷墨印刷 连续喷墨 按需喷墨 脉冲打印 发展趋势 喷墨打印机 墨滴充电 直接喷射 相变喷墨打印 换能器,"喷墨印刷是迄今为止技术门类最多、应用领域广泛和印刷材料多样性最典型的数字印刷方法。在1981年举办的第一次国际非撞击印刷会议上,数字印刷被定义为非撞击印刷技术(Non-Impact Print ing Technologies),从而纠正了以往为了与点阵(针"
包装 人才需求 需求预测 培养模式,人才资源是第一资源人才是生产力中最活跃最重要的因素对经济和社会的发展具有基础性战略性和决定性作用经济全球化的现代社会包装已成为国际贸易的重要手段各国都把发展包装工业作为国民经济的重要发展战略我国包装工业虽然发展很快但与国外相比仍存在较大的差距这种差距反应在企业规模人员素质产品质量与档次科技水平及开发能力包装基础工业水平以及综合利用与环境保护等多个方面其中科技人才的不足和开发能力的薄弱是制约我国包装工业发展和技术进步的重要因素所以培养高层次的包装技术和管理人才已成为我国包装高等教育的当务之急本文正是从研究国内企业对人才需求入手将物流与教育学结合研究探讨了物流教育中如何培养包装专业人才的问题文章核心内容主要是五个部分一是调研并分析和比较国际国内包装教育及人才培养模式提出我国在人才培养方面存在的问题和不足二是调研并分析国内包装行业对包装人才的需求现代包装人才所必须具备的知识能力和素质研究食品轻工工业设计艺术设计机械材料计算机控制等学科与包装工程学科之间的相互关系研究现代包装人才的知识结构及合理内涵在更高层面和创新思维基础上构筑新的专业平台形成适应包装工业发展需要的包装工程人才培养模式三是运用SPSS软件结合需求预测方法对未来包装人才需求进行预测得出未来包装人才规模上的需求四是根据未来包装人才所需的知识能力和素质结构结合我国现阶段在人才培养方面的不足提出适应行业发展的包装工程本科人才培养模式继而在本科培养方案的基础上研讨硕博士研究生及职业培训的模式五是结合现状提出对西南交通大学构建包装专业的一些设想
彩色喷墨印刷 德鲁巴 按需喷墨 喷墨技术 印刷质量 技术整合 印刷速度 新产品 连续喷墨 数字印刷系统,"近年来,喷墨印刷正在向着几乎所有的印刷领域进军,其印刷质量也越来越好。从德鲁62004可以看出,喷墨印刷已跻身于技术亮点之列,并将成为德鲁巴2008的主题。在2008年5月即将到来的德鲁巴印刷展上,代表最新技术发展的将是按需喷墨印刷。最新的证明就是关于在比利时布鲁塞尔标签展上所展示新产品的报道。如果想在生产厂家推出新产品之前,就了解新机器能给我们带"
大豆油油墨 环境保护 印刷油墨,"大豆油油墨采用了可再生的大豆油作为原料,大大节省了全球石油资源,具有鲜明的环境保护的优点。将其应用于印刷生产中,使油墨污染程度降到最低程度,符合了世界环境保护的要求,是造福全人类的一项先进技术。本文介绍了环保型大豆油油墨的特点、发展及其应用。"
连结料 油墨 胶印 大豆油 环保,印刷产业对环保型印刷油墨的呼声越来越高引起了油墨制造者的密切关注随着全球环境问题的不断恶化环保法规也愈加严格令人瞩目的大豆油胶印油墨具有环保意义的产品正以高速发展的态势进入印刷材料市场大豆油胶印油墨以有利于环境保护及快固着高光泽印刷适性好印刷品质量高的优势逐步成为胶印领域的首选油墨尽管大豆油墨具有很好的环保前景但由于大豆油自身的特点给大豆油墨的开发带来一定的难度其主要的难点在于大豆油墨的干燥性问题大豆油碘值只有120141mgIg含有的较少的可反应双键与空气中的氧气反应相对缓慢制造出的油墨干燥不良给印刷带来如粘脏附着力差等许多问题也使油墨的可印刷性和印刷效率大大降低同时由于大豆油替代了传统油墨配方中的部分矿物油使得油墨的干性方式发生了根本性的改变传统油墨的渗透挥发氧化结膜的干燥方式在大豆油油墨中已经不再适用这就需要通过设计全新的油墨干燥体系使大豆油墨能在印刷中得到接近传统油墨甚至更好的表现基于以上考虑本论文着重针对连结料的材料选择连结料的配方连结料干燥体系等方面展开工作分析油墨干燥原理根据大豆油墨的定义大豆油墨与传统油墨的差异制订大豆油墨设计思路研究油墨连结料设计方案设计自主知识产权的连结料体系适用于各种胶印油墨筛选原材料对树脂大豆油凝胶剂干性调节剂干燥剂颜料等进行考察分析选用合适材料形成大豆油连结料制造工艺形成大豆油墨配方制成大豆油胶印油墨进行大豆油墨试印通过试印验证了该套连结料体系的干燥性能和印刷性能该连接料制成的大豆油胶印油墨中大豆油含量达到美国大豆产业协会关于大豆油墨的标准环保指标达到相关标准可以替代现有胶印传统油墨
食品包装印刷 安全卫生 环保油墨 发展趋势,"本文介绍了食品包装印刷的主要方式,着重阐述了适于食品包装印刷的一些环保型油墨及食品包装印刷领域一些新的绿色印刷技术,并从安全卫生的角度概括了印刷中需要注意的一些问题。"
水基油墨 油墨粘度 印刷品质量 实地密度 高粘度 连接料 网版印刷 印刷工业 网点增大 印刷反差,"现代社会越来越重视环保,印刷工业亦如此。在印刷工业中.造成环境污染的一个最重要的因素就是印刷用油墨,水基油墨的出现.突破了传统意义的溶剂性油墨.具有良好的印刷适性和环保性能。目前.水基油墨已经广泛应用于柔性版印刷和网版印刷。"
UV固化 油墨 光引发剂 附着力 硬度 柔韧性 耐溶剂性,UV固化油墨因其具有环保高效节能等优点而得到越来越广泛的应用而聚乙烯PE是最常用的塑料之一其结构规整表面张力低一般油墨很难在其上产生良好的附着本文从光引发剂低聚物单体填料等多个方面系统研究了油墨组成对固化速度附着力硬度柔韧性和耐化学溶剂等性能的影响使用紫外可见分光光度计测得了红黄蓝紫白黑六种颜料的紫外吸收图谱通过指压法和指抠法研究了多种光引发剂对含有不同颜料的UV油墨的引发速度的影响结果显示不同颜色的颜料对紫外光的吸收区域和吸收强度是不同的对于黄色油墨907的引发效果最佳对于蓝色油墨907ITXEDAB和910ITXEDAB都具有很高的引发速度而对于红色油墨和紫色油墨907ITXEDAB则是速度最高的引发剂组合808184和907ITXEDAB819则分别是白色和黑色油墨的最佳引发剂通过对比不同种类的低聚物得出聚酯丙烯酸酯类低聚物对PE基材具有比较好的附着力并进一步优化了其组合通过附着力测试实验得出低官能度低表面张力的单体可以进一步促进油墨在PE基材上的附着力使用铅笔硬度计和漆膜柔韧性测试仪研究了低聚物单体和填料对硬度和柔韧性的影响双酚A环氧丙烯酸酯和高官能度聚氨酯丙烯酸酯以及高官能度单体和高硬度填料均可明显增加漆膜硬度这些物质同样也可使油墨的耐化学溶剂性能提高除此之外添加微蜡粉也能有效提高耐化学溶剂性
喷墨技术 喷墨打印机 喷墨打印头 墨滴 连续喷墨 喷墨印刷 水射流 压电陶瓷材料 按需喷墨 喷嘴,"最早出现喷墨(Inkjet)这个概念是在上世纪60年代,到了70年代随着计算机技术的迅速发展,出现了连续喷墨和按需喷墨技术和系统,市场上可以看到商用的喷墨打印机。进入80年代后热气泡喷墨技术问世,随着广告市场的复兴,适应户外广告需求的彩色喷绘机等陆续出现在国际市场上。"
大豆油 胶印 油墨 VOC 环保,大豆油墨采用大豆油替代了传统油墨中的石油溶剂使VOC有机挥发物含量从3060降低到15以下大大减少了对环境的污染且利于人身健康具有很好的理论研究意义和应用价值由于大豆油属半干性油用大豆油替代传统油墨中的石油溶剂时存在油墨干性差水墨平衡难控制等问题本文从树脂的选择连结料配方和工艺的调整以及油墨配方的调整等方面展开大豆油胶印油墨的研究工作重点分析了研制的大豆油胶印油墨的印刷适性得到了符合印刷要求的大豆油胶印油墨主要研究内容和结果如下1进行了大豆油胶印油墨连结料的研制解决大豆油干性慢的缺点2通过对干性及印刷适性等的实验确定了四色油墨的配方克服了大豆油油墨干燥固着较慢等印刷适性问题研制成功了具有良好的水墨平衡性上机稳定性的大豆油胶印油墨3本油墨不含石油溶剂VOC含量小于2重金属含量小于2mgkg远远低于相关标准大豆油含量超过油墨组分含量的30符合美国大豆油协会的认证标准4对研制的大豆油胶印油墨耐有机溶剂耐酸耐碱等各种物化指标进行测试分析结果显示其物化指标优越
水性油墨废水 絮凝 光催化 水解酸化 SBR,由于油性油墨原材料石油供应的紧张人们在印刷包装业上从传统的油性油墨转向了水性油墨的研究和应用随着材料科学的发展水性油墨的连接料得到改进大大地拓宽了它的应用领域水性油墨废水的排放量也相应地急剧增加作为一种典型的新型印染废水水性油墨废水仍属于纺织染整工业水污染物的一部分它的突出特点是高CODcr高色度和难生物降解它一旦进入水体会对水环境造成极大的污染严重威胁着人类的生产生活和自然界的生态平衡这引起了社会各界的广泛关注为满足公众对环境质量不断提高的要求国家对其制订了严格的排放标准开发经济高效的水性油墨废水的处理技术已成为水污染治理领域研究的重点和热点本文以西安某水性油墨企业产生的高浓度水性油墨废水为处理对象通过实验材料的制备模拟废水的处理水性油墨废水的处理三步对水性油墨废水的处理技术进行初步的研究探讨了超细高岭土分子筛复合光催化剂处理模拟废水的优化工艺酸沉降化学絮凝光催化生物法对水性油墨废水的处理条件等得出如下结论1针对水性油墨废水的特点系统地选择了它的测定指标和国家标准方法筛选亚甲基蓝溶液为模拟废水并制备出超细高岭土分子筛复合光催化剂2采用六因素五水平正交实验以模拟水性油墨废水为处理对象讨论了过氧化氢浓度光催化剂剂量模拟废水浓度光源pH值反应时间对模拟废水的处理效果实验表明处理模拟废水最佳条件为过氧化氢为2000mgL高岭土超细分子筛复合光催化剂为500mgL模拟废水初始浓度为80mgL光源为20W紫外线消毒灯pH值为1000反应240min此时的去除率达9946溶液透明色度由3200倍降到1737倍反应后pH值降到758达到GB428792纺织染整工业废水Ⅰ级排放标准3通过酸沉降化学絮凝光催化生物法对实际水性油墨废水的处理找出最佳的工业化应用的方案水性油墨废水加酸调pH至436酸沉12h上清液在水解酸化池停留1d进入SBR系统活性污泥的剂量按SV3025温度为201过量曝气使溶解氧DO饱和在20时DO907mgL8h可以稳定运行半个月SBR出水的pH值69之间色度40倍原水色度为106375BOD525mgL达到Ⅰ级排放标准CODcr500mgL原水CODcr为31040mgL达到Ⅲ级排放标准接近Ⅱ级排放标准上清液SS和浊度未检出此方法节约了传统生物法处理废水的能源且出水各项指标基本达到或超过Ⅲ级排放标准
品牌专业超市 全球供应链 绿色包装设计 创新设计流程,工业经济的飞速发展所带来的日益严重的环境问题使全世界将话题转向了绿色设计跨国企业要想发展全球化的贸易成为同类行业中永远的领军者也必须正确面对绿色设计在包装领域绿色包装设计已经成为了必然的发展趋势本文即是在这样的全球绿色浪潮的背景中在跨国企业品牌专业超市的环境下通过理论的研究案例的分析和实践的结合针对绿色包装设计进行研究与探索本文从品牌专业超市的产生背景及其特点出发结合绿色包装设计的一般原则提出了建立于跨国企业全球供应链上的绿色包装设计理念即兼顾绿色环境绿色经济和绿色人文三方面的绿色包装设计随之笔者通过对相关人群的行为观察与分析总结品牌专业超市对包装设计的具体要求并应用之前提出的绿色包装设计理念来指导研究品牌专业超市环境中的绿色包装设计的方法包括降低包装成本优化包装结构选用绿色材料延续包装功能及包装装潢的人文化设计等此外笔者还通过自身在迪卡侬集团总部的实习经历结合大量的实际案例并采集真实数据来论证绿色包装设计方法的正确性在品牌专业超市中实施的可行性及其在经济效益和社会贡献上的意义最后笔者通过引入跨国企业的创新设计流程来实践品牌专业超市环境中的绿色包装设计中国在飞速发展中国的企业也一定会走向世界建立自己的国际品牌绿色包装是包装设计必然的发展趋势不仅对环境具有积极影响也为企业发展带来获益而科学的创新流程则是企业发展的核心动力希望本文建立于跨国企业全球供应链的绿色包装设计及其创新流程能为中国企业国际化绿色化的创新设计之路提供借鉴意义
清洗剂 油墨 水基,"研制成功一种水基油墨清洗剂,以代替汽油、煤油、乳化油等用于印刷胶辊和橡皮布的清洗,具有安全、节能、环保的优点。将TrionX-100,15%、油酸钠60%、磷酸三丁酯5%、丁醇15%、亚硝酸钠4.5%、苯并三氮唑等助剂0.5%复配,与水按1∶9混合,通过实验与汽油、煤油、乳化油等比较。实验表明:水基油墨清洗剂对油墨的清洗能力与乳化油清洗剂、汽油、柴油相当。对设备无腐蚀,不能闪燃,实用效果良好。"
环氧丙烯酸酯 丙烯酸树脂 水溶性 水性凹版塑料油墨,"介绍了一种环氧改性水性丙烯酸树脂的合成方法,并由改性树脂配制了水性凹版塑料油墨。讨论了亲水单体含量对树脂水溶性的影响和引入环氧丙烯酸酯含量对油墨附着牢度、复合牢度的影响,并经红外表征证明达到了环氧改性水性丙烯酸树脂的目的。实验表明,由环氧改性水性丙烯酸树脂配制的水性油墨,其性能技术指标达到或优于国家标准和实际应用要求,在凹版塑料油墨领域具有很大的应用价值和广阔的市场前景。"
消泡剂 机理 现状 展望,"介绍了消泡剂的分类和有机硅消泡剂的消泡机理,对有机硅消泡剂、聚醚消泡剂和矿物油消泡剂的现状进行了分析,提出了3种类型消泡剂的发展方向。"
导电油墨 低电阻 薄涂层 水性 胶印,为了研发适用于胶印喷墨等高速高精度印刷方式的新型导电油墨得到厚度薄表面电阻低的导电涂层本论文制备了有机酸银型与导电高分子型两种导电油墨并对其构成与导电性能的关系进行了研究在有机酸银导电油墨研究中在高分子保护剂聚乙烯基吡咯烷酮PVP存在的条件下通过柠檬酸钠与硝酸银反应合成了柠檬酸银乳液并用抗坏血酸Vc对柠檬酸银乳液进行还原制得了纳米银胶导电油墨研究结果表明当PVP含量为2研磨时间为2小时时得到了纳米级的柠檬酸银乳液Vc过量一倍柠檬酸银纳米乳液还原彻底其粒径分布在1050nm无明显团聚现象通过水浸泡与低温烧结150对导电涂层进行后处理均能得到涂层厚度小于3μm表面电阻小于10Ω的低电阻薄导电涂层对水浸泡前后导电涂层进行FTIR测试及相关研究表明纳米银颗粒在水作用下的生长以及副产物溶解使得纳米银膜更加致密的排列降低了涂层表面电阻DSCTG结果表明纳米银的低熔点特性与有机物的分解使得导电涂层的表面电阻在烧结过程中大幅降低在导电高分子导电油墨研究中以基于聚乙烯基二氧噻吩PEDT的导电高分子水分散液为导电填料通过二甲基亚砜DMSONN二甲基甲酰胺DMF等二次掺杂剂的加入水性树脂的筛选增稠剂对导电油墨黏度的调节以及导电油墨配方的优化制得了适用于胶印的环保型水性导电油墨通过在胶印机上的实际印刷得到了膜层厚度小于3μm表面电阻低于100KΩ的导电涂层研究发现DMSODMF的加入能够改善导电高分子的分子链状况使其更加有序舒展从而提高导电油墨的导电性能在树脂含量相对较高的导电油墨体系中水性增稠剂能够有效的提高导电油墨黏度印刷样张在室温下能够长时间保存导电性能不发生变化
油墨连接料 聚氨酯涂膜 进展 双组分 光固化 相对分子质量 聚氨酯树脂 挥发性有机溶剂 环保意识 水性,"简述了聚氨酯油墨的分类和特点,重点介绍了单组分聚氨酯油墨、双组分聚氨酯油墨、光固化聚氨酯油墨和水性聚氨酯油墨的特点以及国内外最新研究成果,并对聚氨酯油墨的应用前景进行了展望。"
电子标签 印刷技术 导电油墨,"简要介绍了现代电子标签的概念、特点和应用,以及电子标签系统的组成和工作原理。对RFID标签的印刷技术做了较为详细的分析,尤其对电子标签印刷过程中关键的导电油墨的选用和印刷方法的选择进行了详细阐述,最后对电子标签未来的发展前景提出了一点建议和看法。"
喷墨技术 数字印刷 喷墨印刷 技术原理 承印物 按需印刷 可变数据印刷 喷墨打印纸 墨滴 基本原理,"近年来,随着数字印刷技术发展的日新月异,传统印刷市场受到极大冲击。数字印刷目前的市场定位主要是短版印刷和可变数据印刷。通俗地讲,数字印刷即按需印刷,是能按照用户的"
UV喷墨油墨 分散性 混合单体 固化性能,喷墨打印及印刷所使用的油墨主要包括水性墨溶剂型油墨和UV油墨其中UV喷墨油墨以其节能环保高效等优势成为目前受到最多关注的新型油墨并拥有巨大的发展前景技术发达国家在此领域的研究已经走在前列并有部分产品问世我国相关领域的技术研究与开发还处于起步阶段所以对UV喷墨油墨的研究具有现实意义本论文通过改变分散技术分散剂的种类和含量预聚物以及颜基比研究了UV喷墨色浆的分散性通过考察不同的单体对UV喷墨油墨性能的影响选出三种单体组成混合单体并利用配方试验方法优化了各混合单体的比例通过考察不同的光引发剂对UV喷墨油墨固化性能的影响分别选用三种光引发剂进行配方试验可以得出光引发剂的最优比例研究结果表明采用电机驱动产生高压并可循环样品实现多次剪切的意大利NiroSoavi实验型高压均质机能够均匀地分散颜料并且颜料粒径较小分散剂的种类和含量对UV喷墨色浆的分散性有很大的影响当分散剂含量达到一个最佳值时颜料颗粒分散均匀粒径较小不同的预聚物和颜基比对UV喷墨色浆的分散性也有很大的影响当颜基比达到一个最佳值时颜料颗粒分散均匀粒径较小单一单体的使用不能使体系具有良好的综合性能混合单体却可以满足体系的性能要求不同的光引发剂对UV喷墨油墨的固化性能影响不同复配光引发剂可以得到更好的固化性能
微纤化纤维素 竹子 均质化处理 纳米材料 纸张增强,近年来随着人们环保意识的不断加强及对可再生资源合理利用方面关注程度的日益提高使得在材料科学方面利用可再生的植物纤维原料的改性产品来替代不可再生性资源产品方面的研究成为全球热点本文介绍了一种新型纤维素产品纳米级微纤化纤维素简称MFC并对其制备及其在纸张增强效果方面的应用进行了相应研究MFC由于高度微细纤维化而使其具有极大的比表面积使纤维表面裸露出大量的极性羟基从而使MFC具有了一些常规纤维素产品所不具有的独特的性质本文以漂白硫酸盐竹浆为原料结合浆料的PFI打浆和化学预处理以及后续的高压均质化处理制备出直径尺度在011nm范围内的纳米级微纤化纤维素产品并通过SEM对竹子微纤化纤维素产品的表面形貌进行了观察同时通过物理和化学的方法对所制备的微纤化纤维素产品的相对保水值流变特性及羧酸基团等进行了测定结果表明与常规纤维素产品相比MFC具有极高的相对保水值且MFC胶体产品表现出典型假塑性流体剪切稀释的特征另外经初步研究得出MFC产品的羧酸基团含量与其相对保水值之间存在着一定的线性相关性本文还对MFC在造纸工业中纸张增强效果方面的应用进行了研究实验中将MFC阳离子淀粉及MFC与阳离子淀粉复配物分别加入到纸浆中进行抄片研究他们对手抄片物理强度等方面性质的影响结果表明将竹浆MFC产品加入到纸浆中能提高手抄片的物理性能且MFC与阳离子淀粉协同使用时的增强效果要明显好于仅仅单独使用MFC或阳离子淀粉时的增强效果
环氧丙烯酸酯 聚氨酯丙烯酸酯 微相结构 光固化动力学 相反转,环氧丙烯酸酯EA和聚氨酯丙烯酸酯PUA树脂是紫外光固化涂料UVCC中最重要的的两类低聚物但EA树脂粘度高固化膜脆性大柔韧性差PUA树脂成本高且合成中采用的有机锡类催化剂目前已受到环保法规的限制此外传统的油性光固化涂料因树脂粘度高常加入大量的活性稀释剂单体调解粘度单体的加入一方面造成成本的增加另一方面也使得固化膜的性能有所降低因此研究开发低粘度UV固化树脂研究水性UV光固化涂料等都具有非常重要的意义本文引入新的催化剂和新的阻聚剂构成的催化阻聚复合助剂体系合成了低粘度的EA树脂研究了复合助剂体系与常用催化剂阻聚剂的性能对比发现复合助剂体系能更好的降低体系的活化能具有更好的催化效果阻聚剂含有斥电子结构更能跟过氧自由基结合具有较好的阻聚效果并通过研究反应温度的影响最终确定了合成树脂的最佳工艺和配方最佳条件下制得的树脂具有较低的粘度仅为30004000mPas60是市售产品的13且常温下即可自由流动可完全避免活性单体的使用非催化条件下合成了可UV固化的PUA树脂分析了非催化合成树脂的反应机理并通过研究非催化合成PUA过程的反应动力学发现反应过程很好的满足了动力学二级反应反应具有较低的活化能E2286kJmol1K1为无催化剂条件下反应的进行提供了可能利用差示扫描量热DSC手段对固化膜的微相结构进行了研究结果表明软段长度对PUA微相结构影响显著随着软段长度的增加微相分离程度增加并且软段分子量在2000和4000时均有明显的软段结晶生成结构对称规整以及具有刚性苯环结构的异氰酸酯都使得硬段易于聚集结晶使微相分离程度增加活性单体官能度增加时与硬段交联密度增加降低硬段与软段间的氢键强度有利于微相分离而当其用量增加时微相分离程度先增加后降低淬火条件下微观相分离程度降低退火条件下由于单体HDDA的高温后固化现象使得微相分离程度也降低不同固化程度下固化膜的微相结构也有不同随着固化程度的增加相分离程度先降低又增加利用异氰酸酯与环氧丙烯酸酯侧链羟基反应合成了具有较低粘度且固化膜具有优异柔韧性的改性EA树脂讨论了异氰酸酯种类及用量对树脂粘度外观贮存稳定性以及固化膜柔韧性附着力等性能的影响确定了以TDI80作为改性的异氰酸酯原料并确定了其合适的用量以红外光谱法研究了改性树脂的光固化动力学行为结果表明Irgacure1000作为Darocur1173和Irgacure184组成的复合光引发剂由于具有较宽的吸收范围λmax在245nm280nm331nm且两种光引发剂间可能存在某种协同作用因而具有最优的引发效果活性单体有利于体系粘度降低以及入射光强度的增加都有利于树脂的光固化此外还发现反应初期由于存在诱导期固化反应缓慢诱导期过后体系粘度低且体系中双键及引发剂都具有较高浓度光固化速率迅速增加反应后期双键及引发剂浓度明显降低且双键聚合使得体系形成较大的交联网络体系粘度增加残余双键及长链自由基甚至单体都被裹馅在此交联网络里面活动性大大降低反应速率也迅速降低最终体系由于玻璃化作用使得链段的运动被冻结影响反应活性基团的扩散导致反应停止不能进行完全以自制的可UV固化的水性PUA预聚物为乳化剂将其与EA树脂均匀混合利用相反转乳化法制备了具有不规则核壳结构的水性UV固化的PUAEA复合乳液研究了羧基含量中和度及EA用量对乳液粒径粘度相反转过程及涂膜性能等的影响透射电镜TEM研究表明单纯的PUA乳液粒子以球形稳定分散在水中引入EA树脂后亲水的PUA外层将疏水的EA包裹在内层但由于仅是物理包裹而没有化学键合且EA与外层的PUA分子中的硬段极性相似易于结合因而使得乳液粒子呈现不规则的核壳结构此乳液在UV固化前核壳间无交联经UV光照射后核壳间通过双键交联固化两种树脂的固有性能得以充分发挥涂膜固化后具有更优的综合性能
羟甲基糠醛 生物质 平台化合物,"综述了利用可再生资源制备羟甲基糠醛的方法及研究进展,讨论了其重要衍生物及其应用:2,5-呋喃二甲醛可用于合成许多新化合物;呋喃二甲酸可以作为合成聚酯类材料的初始原料,还可应用于药理学的研究;乙酰丙酸制取各种产品,包括树脂、医药、香料、溶剂、涂料和油墨、橡胶和塑料助剂、润滑油添加剂、表面活性剂等,还可以作为农药、染料的中间体。分析了目前利用生物质制备羟甲基糠醛研究中存在的问题,对其今后的研究发展提出了建议。"
印制电路板 数字喷墨打印技术 图形转移 埋嵌无源元件 全印刷电子技术 纳米级油墨,"文章简要的介绍了喷墨打印技术在PCB工业中的应用前景。从喷墨打印技术在PCB中应用发展来看,首先是在图形转移中应用,然后再推广应用到埋嵌无源元件和全印刷电子产品的的领域上。今后,喷墨打印技术会成为PCB工业生产的主流之一。"
喷墨技术 喷墨印刷 连续喷墨 墨滴 按需喷墨 承印物 喷墨头 喷嘴 墨水 分析对比,"按喷墨系统中墨水喷射的基本方式(即墨水喷射是否连续),可以将喷墨技术分为连续喷墨印刷和按需喷墨印刷两类。本文从这一角度对连续喷墨印刷和按需喷墨印刷进行了详细解析,并进行了分析对比。"
数字印刷机 静电成像 连续喷墨 按需喷墨 印刷技术 数字字 承印物 传统印刷 激光扫描 按需印刷,"主要介绍数字印刷的概念及其特点,并分析数字印刷的关键技术和在工业界的应用。"
按需喷墨 静电打印,"介绍了一种基于高压静电打印技术的工作原理。静电打印头结构是由喷孔结构和电极结构复合而成。施加2.5~3.5kV的脉冲电压驱动液滴产生,所得的液滴直径比传统静电喷射方法更小的液滴,直径为1991~201.6nm。同时,考察在2.8kV,3.0kV,3.2kV和3.4kV四种脉冲电压条件下幅值下幅值大小对液滴大小的影响情况,实验结果表明随着脉冲幅值的增大液滴逐渐减小结论。"
固化体系 UV固化 水性涂料 粉末涂料 溶剂型涂料,"UV固化反应属于能量引发聚合反应,在光引发剂存在下,成膜物经自由基反应几秒钟可形成交联固化涂膜。UV固化涂料可分为水性UV固化涂料、UV固化粉末涂料和溶剂型UV固化涂料。本文重点介绍UV固化涂料的固化体系,UV固化粉末涂料、水性UV固化材料和溶剂型UV固化涂料。"
光屏蔽 透光窗口 颜料匹配 固化速率 光引发剂 固化油墨 吸收光谱 固化体系 低聚物 活性稀释剂,"UV油墨固化体系的关键组分是光引发剂,确定颜料的透光窗口是选择光引发剂的主要依据。阐述了影响油墨固化的相关因素,提出了确定UV油墨透光窗口的方法,并以此为基础讨论了UV油墨光引发剂与颜料匹配和印刷工艺色序的问题。"
UV油墨 正交实验设计 配方 单体,"探讨了预聚物、单体、光引发剂、颜料等组分对UV油墨固化速度、附着力、耐抗性等性能的影响,应用正交实验设计方法对UV油墨各组分种类进行选择,对正交试验结果做极差分析及方差分析,结果表明:根据预先设计的组分比例,采用预聚物PQ611,单体A,光引发剂B,活性氨为加速剂,获得性能较好的UV油墨。"
喷墨印刷 有机场效应晶体管 油墨 流变特性 按需 运行情况 聚合材料 墨滴 电子元件 压电激励器,"本文主要对压电驱动DOD微型供墨系统中的基于聚乙烯(3,4-乙烯二氧噻吩)/聚苯乙烯磺酸盐(PEDOT/PSS)等不同聚合材料油墨进行详细研究。根据油墨的流变特性和印刷系统的机械特性得到特性值,通过特性值可以预测给定印刷系统中聚合油墨的运行情况。除印刷适性外,还研究了不同油墨对有机场效应晶体管的电子特性的影响。"
印刷技术 喷墨油墨 喷墨印刷机 按需喷墨 喷墨技术 印刷工业 承印物 喷墨打印机 专业文章 墨滴,"十几年前,当互联网技术刚刚兴起时,不少业内人士就为数字媒体是否会取代纸质媒体争论不休,甚至有人预言,数字出版将成为印刷技术的""终结者""。然而时至今日,印刷工业仍凭借其强大的生命力在迅速向前"
迁移 光引发剂 纸塑复合材料 迁移模型 稳定性 UV墨 食品安全,紫外光Ultraviolet简称UV固化墨以其本身的优异特性被广泛用于食品包装印刷虽然它不存在溶剂挥发问题但是所用的低分子量光引发剂具有一定毒性对皮肤有一定的刺激性而且容易挥发和迁移给被包装食品带来难闻气味甚至毒性对人体健康是一种威胁论文就纸塑复合包装材料纸中助剂及光引发剂的检测技术光引发剂迁移试验及理论迁移预测模型的建立进行了系统性的研究主要内容包括以下几个方面1GCFIDgaschromatographyflameionizationdetection气相色谱氢火焰离子化检测器检测方法的确立研究确定UV墨中光引发剂α羟基环己基苯基甲酮184和22二甲氧基苯基甲酮651标准品GCFID检测条件研究确定纸塑复合包装材料纸中助剂光引发剂184和651的GCFID检测条件HP5毛细管柱检测器温度250进样口温度250不分流进样进样量1μL载气为氮气升温程序初始温度100以5min升至200保持2min再以35min升至300保持5min2UV墨光引发剂稳定性试验研究试验研究了2040和60温度条件下184和651在1095乙醇水溶液和异辛烷中的避光稳定性同时考察了光稳定剂对羟基苯甲醚HQMME的加入在避光条件下对稳定性的影响结果表明避光条件下光稳定剂对184和651的稳定性影响不显著除60温度条件下651在10乙醇水溶液中存在不稳定外其它条件下184和651都是稳定的利用GCMS对651的分解产物进行了定性分析3纸塑复合包装材料纸中光引发剂的迁移试验研究试验研究了2040和60温度条件下纸塑复合材料40156515中184和651向1095乙醇和异辛烷的迁移材料4025中184和651向10乙醇和异辛烷的迁移材料3312中184和651向95乙醇和异辛烷的迁移结果表明同一污染物向同一食品模拟物的迁移受温度影响显著在同样的试验条件下分子量大的651的迁移速率低于分子量小的184的迁移速率同一污染物在同一试验温度下向异辛烷中的迁移速度最快向10乙醇水溶液中的迁移速度最慢随着低密度聚乙烯lowdensitypolyethyleneLDPE淋膜量的加大迁移量明显减少聚丙烯polypropylenePP的阻隔特性优于LDPE的阻隔特性同种试验条件下松厚度大的纸中污染物的迁移速度相对较快迁移量随污染物初始浓度的增大明显增大文中还从微观角度分析了温度污染物分子结构食品模拟物的溶胀淋膜层厚度淋膜层种类和纸张性质对迁移的影响4迁移预测模型的建立建立了无限厚纸层迁移预测模型和有限厚纸层迁移预测模型模型分别将纸的厚度作为无限厚相对于塑料涂层厚度和有限厚进行考虑包装食品体系作为有限包装无限食品进行研究模型引入新的参量纸和塑料界面处的分配系数kCP考虑了污染物在纸和塑料涂层中不同的扩散系数DPDC最终给出扩散方程初始条件和边界条件用拉普拉斯和反拉普拉斯变换对方程求一系列解析解并分析了各参量kCPDPDC和纸中污染物初始浓度CP0等对迁移行为的影响5有限厚纸层迁移预测模型通用性及与实验值的对比分析讨论了有限厚纸层迁移预测模型简化后作为双层复合塑料和单层塑料中污染物向食品中迁移的预测模型通用性简化的双层塑料预测模型表达式最终与著名的LaoubiVergnaud模型一致简化的单层塑料预测模型最终为著名的Crank迁移扩散表达式根据试验测定的纸塑界面处分配系数及结合其它参数将不同纸塑复合包装材料中污染物184和651向不同食品模拟物的迁移实验值与有限厚纸层迁移模型预测值进行了对比得出结论当预测模型中采用的污染物在塑料涂层中的扩散系数为高估扩散系数时预测模型能最大限度的保证包装的使用安全性另外得出结论无限厚纸层迁移预测模型不适合纸厚度较薄的纸塑复合包装材料中污染物向食品或食品模拟物中迁移量的预测
喷墨印刷 DOD LDV 墨滴 卫星式墨滴,"本文主要研究宽幅打印机中墨滴的流动状况。按需式压电打印头的油墨喷射多采用光学技术进行测量,根据激光多普勒速度测量仪测得的速度和图像可视化系统获得的图像数据,对打印头的性能进行全面了解。在模拟操作条件的情况下观察压电式打印头的工作状况,从而确定印刷密度的最优参数。结果表明印品质量不精确的主要原因是由卫星式液滴造成的。对压电推拉式(thePiezoelectricPush-mode)按需喷墨印刷头进行计算机仿真,主要进行墨滴喷射和墨滴向印刷介质转移过程的仿真。仿真结果与实验结果基本一致,表明施加在压电晶体上的电压脉冲与最终压力之间存在联系。"
超大幅面 打印机 油墨 承印物 分阶段 副总裁 总经理 客户开发 升级 公司,"EFI公司于近日为自己的超大幅面打印机QS2000和QS3200推出了新一代UV油墨。已经拥有了QS2000或QS3200打印机的客户可以分阶段对自己的系统进行升级。EFI公司油墨部的副总裁兼总经理Scott Schinlever说:""与原有的QSUV油墨相比,新一代油墨能在各种承印物"
油墨企业 绿色油墨 绿色营销 营销战略,随着可持续发展观念在全世界范围被广泛接受环境保护在经济活动中越来越受到重视绿色营销是市场营销和环境保护相结合的产物它在传统市场营销的基础上增加了环保意识强调企业要承担高度的道德责任和社会责任它体现了对发展经济的终极目标的追问是经济发展中人文价值的回归企业实施绿色营销是顺应可持续发展的全球性潮流满足绿色消费需求的必然选择印刷油墨与我们的生活息息相关它给我们带来了浩瀚的知识海洋给我们带来了色彩缤纷的多彩世界但同时也给我们和给我们生存的环境带来各种污染在人们生态意识日益强烈的今天人们呼唤绿色的油墨绿色的印刷本文介绍了绿色营销理论的形成与发展对绿色营销的内涵及其产生的动因进行了分析并就绿色营销与传统营销进行了比较根据相关的理论及原理文章对我国油墨企业的营销现状和企业所面临的机遇和挑战进行了分析SWOT析指出绿色营销战略是我国油墨企业的必然选择本文对我国油墨企业实施绿色营销战略的相关策略进行了阐述同时对我国绿色油墨市场进行博弈分析最后提出了企业消费者政府应如何发展和支持绿色营销的对策
大豆油 油墨印刷适性 豆油基油墨 矿物油 印刷速度 连接料 干燥速度 普通油墨 干燥剂 绿色环保,"印刷业应如何减少挥发性有机溶剂的含量?如何让印刷成品在使用完后更容易自然降解?如何跟上国际环保标准并消除与其接轨的障碍?……在诸多亟待解决的课题的推动下,大豆油墨作为新型环保油墨日后必将成为主流。大豆油墨是指用自然环保的大豆油替换传统油墨石油系矿物油配方中的210%～50%,从而使油墨中的VOC含量由原来的30%～60%降低到5%～15%,而其他成分和普通油墨的主要成分大致相同,也分颜料、连结料、矿物油,助剂等。大豆油墨具有绿色环保性能良好、耐摩擦和耐热性好、脱墨再生性好、着墨性好、综"
天然絮凝剂 絮凝活性 高岭土悬浊液 水性油墨废水 模拟果汁废水,当前我国水处理剂的生产面临着挑战一是来自国外的竞争越来越激烈二是人们对环境质量的要求越来越高新型絮凝剂的开发已显得愈发重要开发新型高效的絮凝剂是实现絮凝过程优化的核心技术也一直是广大水处理工作者致力研究的热点天然高分子絮凝剂由于其原料来源广泛价格低廉无毒易于生物降解无二次污染等特点受到了国内外众多研究工作者的重视和关注本论文在系统地论述近年来天然有机高分子絮凝剂的研究开发现状和在水处理中的应用情况的基础上以沙蒿种子为原料对沙蒿籽水浸液的絮凝性能影响因素絮凝活性成分提取条件和应用进行了研究通过物化措施开发一种成本低廉使用安全对处理水体无毒副作用的新型天然植物絮凝剂主要内容如下1以高岭土悬浊液作为标准水样考察了pH值投加量温度静置时间金属离子对沙蒿籽水浸液的絮凝活性的影响实验结果表明pH值对其活性影响很大在pH值为3050范围内沙蒿籽水浸液表现出了良好的絮凝活性而在中性和碱性条件下则不会显示其絮凝活性沙蒿籽水浸液的絮凝活性受温度的影响不大一般常温下20左右即可金属离子可以在中性条件下显著改变沙蒿籽水浸液的絮凝活性Al3离子促进效果尤为显著2沙蒿籽水浸液Al3离子复合使用条件的优化表明Al3的加入扩大了沙蒿籽水浸液的pH值使用范围沙蒿籽水浸液Al3离子复合使用的效果比单独使用AlCl_3和PAM的效果好3选用提取温度搅拌速度搅拌时间和沙蒿粉粒度大小作为考察的4个因素每个因素各选出3个水平用L_934正交试验确定了沙蒿籽絮凝活性物质提取的最佳条件为提取温度50搅拌速度200rmin搅拌时间10min沙蒿粉粒度大小为0150mm4将沙蒿籽水浸液对水性油墨废水和模拟果汁废水进行了预处理经过试验得到主要处理参数在pH值为40投加量为2mL100mL的条件下沙蒿籽水浸液对水性油墨废水的处理效果良好COD和色度的去除率分别达到914和996模拟苹果汁废水的处理条件为pH40投加量为1mL100mL的条件下SS的去除率达到817而COD的去除不是很好
紫外线油墨 油墨特性 胶印油墨 普通油墨 光敏剂 印刷品 同类产品 包装装潢 制造企业 技术指标,"随着我国印刷工业的进步,我国油墨制造业发展势头十分迅猛。国内大型油墨制造企业主要产品的技术指标已达到或接近国外同类产品的先进水平,除基本满足国内印刷业及包装装潢业的需要外,还远销世界许多国家和地区,实现了出口创汇。但我们必须认识到,与国际先进水平相比,我国"
气溶胶 细颗粒物 理化特性 来源 排放清单 空气污染指数(API) 上海,上海是中国经济活动总量最大工业门类最全能源消耗强度最大污染物排放密度最高的城市近年来随着产业结构和工业布局的调整清洁能源替代及工业区环境综合整治等系列污染控制措施的实施上海市环境空气质量总体上得到了改善2008年上海市环境空气中PM_10的年日均浓度为0084毫克立方米比2004年下降了15SO_2年日均浓度同比下降了56NO_2下降了97但是与国际大都市相比上海环境空气质量仍处于较高污染的水平以PM_10为主的大气污染指标是发达国家城市的25倍特别是细颗粒物PM_25的年平均浓度高达00500059mgm3超过国际卫生组织年平均值标准0015mgm3的34倍以PM_25为代表的细颗粒物已成为制约上海市环境空气质量改善的关键问题本博士论文以上海市环境空气中PM_10和PM_25的污染因子为研究对象以大气污染物排放清单的建立和分担率研究为核心结合现场监测实验室分析统计分析和数值模型开展了上海市细颗粒气溶胶污染的时空分布化学组成形成机制和来源研究本研究通过对污染源的全面识别和梳理结合全国污染源普查及重点国控企业大气污染物排放核查的创新工作方法应用及修订多种污染物排放定量技术方法和手段探索了石化行业VOCs无组织排放的定量难题建立了以气溶胶污染为控制目标以常规大气污染物PMPM_10PM_25SO_2NOxCOVOCs和NH_3为目标污染物的2006年上海市大气污染物排放清单及改进的2007年点源大气污染物排放清单该清单空间精度为11km2网格精度高度1km涉及33种工业行业点源12896家工业企业20种民用与工业面源以及机动车船舶飞机和火车在内的流动污染源2006年排放清单研究显示上海市各类污染源向环境空气中排放的总量分别为PM582万吨PM_10279万吨PM_25111万吨SO_2564万吨NOx464万吨CO1417万吨VOC574万吨和NH_314万吨是全世界污染物排放量最多的城市面源是PMPM_10PM_25VOC和NH_3的首要来源点源是SO_2和NOx的第一来源流动源是CO的第一来源分担率为46其中道路扬尘是上海市一次颗粒物PMPM_10和PM_25的首要来源对全市总量的分担率为5445和26造成上海环境空气中气溶胶二次组分的主要污染物SO_2的主要来源是电站锅炉和工业分散燃料其分担率分别为57和12主要污染物NOx的主要排放来源是电站锅炉和机动车分别为全市总量的36和18有机气溶胶的来源即污染物VOC的主要排放源是涂料生产工艺储罐和机动车其分担率分别为2823和16NH_3的排放主要来自畜禽养殖和点源生产工艺分别占全市总量的667和197本研究还应用MODELS3CMAQ数值模型对上海冬季污染的来源开展了情景模拟分析测试了电厂非电工业源流动源和面源等主要污染源类别对上海市细颗粒污染的贡献和影响2008年冬季数值模型模拟结果显示上海市气溶胶PM_10PM_25的浓度受面源排放的影响较其它排放源更大浓度贡献率为683其次是流动源和非电站点源排放电站点源是造成SO_2连续多天较高浓度的最主要排放源浓度贡献率为321其次是流动源和非电站点源周边外来源的影响占153造成NO_2高浓度的最主要排放源则是流动源其次是电站点源和非电站点源本研究利用20042008期间上海市环境空气中PM_10及PM_25自动监控网络和气溶胶滤膜现场监测深入分析了所采集的35万余个监测数据结果表明上海细颗粒污染呈现冬春季节高13411和12月夏秋季节78和9月较低日变化双峰60080018001900双谷以及东部沿海区域低西北部污染浓度高的时空间分布特点PM_25PM_10常年平均值在05以上不同污染类别下气态污染物与颗粒物的污染呈现出显著差异重霾污染日SO_2PM_10038和NO_2PM_10024明显低于优良日051和062而PM_25PM_10比值显著升高达到61PM_25中水可溶性组分占到59硫的转化率SOR和氮的转化率NOR分别达到067和061表明一次SO_2和NOx转化成的硫酸盐硝酸盐以及铵盐是形成上海PM_25高浓度的主要因素在受沙尘输送影响下的高污染日上海市环境空气中SO_2PM_10NO_2PM_10PM_25PM_10进一步降至00660073和155SO_2PM_10NO_2PM_10和PM_25PM_10比值可作为判断沙尘日非沙尘日和霾污染日的重要指标本研究成果揭示了上海市细颗粒气溶胶的污染特性及变化规律阐明了沙尘长距离输送影响条件下上海市气溶胶尤其是典型重霾污染的特性来源形成机制及其对大气空气质量的影响本研究已经在国际SCI杂志和中国核心期刊书籍上发表了9篇论文其中第一作者4篇还有1篇已投到国际SCI杂志1篇拟投国际SCI杂志均为第一作者本研究主要成果已获得2008年度上海市科学技术进步奖二等奖
塑料 食品包装材料 安全性 包装标准 差异,我国经济持续近30年高速发展人民生活水平不断提高人们越来越注重食品的安全和卫生问题食品包装作为食品的重要组成部分其安全卫生性受到更广泛的重视包装制品原辅材料的选择包装制品的结构设计包装制品的加工制作以及包装标识都直接影响着被包装食品的食用安全性从我国有关管理机构对餐饮具食品包装材料生产及管理的抽查结果看我国塑料食品包装的卫生安全性存在着不容忽视的问题因此本课题将首先深入分析常见塑料食品包装材料的包装性能和适用范围及条件有关的塑料包装技术和方法及分析塑料包装整体结构和包装材料对食品的影响并对我国出口食品塑料包装材料理化性质卫生安全性问题和邻苯二甲酸酯增塑剂的使用状况进行抽样调查发现了国内标准和国外标准在这些方面的差异再进一步通过西方发达国家塑料食品包装生产技术水平现状和管理方法和我国的有关食品包装标准法规的对比找出与发达国家的差距发掘我国塑料食品包装出现问题的原因就此提出观点高起点高标准完善我国的市场监督管理与标准体系从而使我们认识到如何对食品包装安全质量进行有效控制使食品安全得到最有效的保障
碳酸钙 形貌 表面改性,碳酸钙作为最主要的生物材料之一其结构和形貌决定着它的各项性能因此本文采用化学控制与表面修饰结合的方法选用一系列有机质制备出具有多种特殊形貌的碳酸钙材料并对其形成机理进行了探讨在反应过程中有机质不仅改变碳酸钙的表面性质而且对碳酸钙成核和生长起到控制作用这一技术具有开创性而且具有广阔的工业应用前景第一章是绪论介绍了碳酸钙工业的发展概况纳米碳酸钙的性质制备与表面修饰以及本文选题的目的和意义第二章采用沉淀反应方法利用聚乙烯吡咯烷酮PVP和十二烷基磺酸钠SDS复合添加剂作为有机模板制备了中空球状方解石型碳酸钙同时考察了不同温度SDS和PVP浓度对碳酸钙结晶和聚集行为的影响进而对其反应机理进行了初步探讨第三章采用沉淀反应法以工业上常见而廉价的聚丙烯酸PAAS作为有机质制备了蝶状文石型碳酸钙考察了一系列条件对于文石型晶体成核及生长的影响并初步探讨了其生长机理第四章采用碳化法以聚丙烯酸PAAS作为添加剂制备出具有完整率高且分布均匀的针状方解石型碳酸钙粒子找到了适合针状方解石碳酸钙粒子生长和稳定存在的条件初步探讨了针状方解石型碳酸钙粒子的生长机理第五章选取聚乙二醇PEG为有机质采用碳化法制备出棒状方解石型碳酸钙并推测了其反应机理第六章利用碳化法选用了几种常见的表面改性剂硬脂酸钠十八碳醇磷酸酯和油酸对其进行了表面改性通过有机质控制碳酸钙的晶体形状与大小同时改变碳酸钙的表面性质所得碳酸钙粒子由亲水疏油性直接转化为疏水亲油并提出了合理的碳酸钙表面改性原理此方法为改性碳酸钙生产提供了一定的理论基础也为新型材料的研究提供了更加广阔的空间综上所述本文对于充分利用我国丰富的石灰石矿产资源研究开发和制备碳酸钙产品的新方法新工艺从而进一步提高其产品的质量和附加值具有重要意义同时获得了一些创新性的研究成果在碳酸钙的合成和表面修饰中引入新的思路对碳酸钙表面改性的工艺过程和质量控制将起到一定的指导作用甚至对其他粉体材料的表面改性也具有一定的参考价值
VOC 排放清单 化学组分 情景分析,挥发性有机化合物VOC是大气臭氧和二次有机气溶胶污染的关键前体物准确描述其排放特征是研究我国区域复合大气污染的前提对我国未来大气污染综合控制决策具有重要意义本研究旨在建立我国高分辨率VOC排放清单对我国人为源VOC排放的部门时空物种分布及大气环境性质进行全面分析研究首先针对130余种排放源建立了4级污染源分类系统基于VOC物理结构和化学性质特征建立了VOC物种分类系统在此基础上构建了可以映射到第4级排放源的活动水平排放因子化学组分数据库开发了排放清单不确定性定量分析模型由此构建了我国高分辨率VOC排放清单的编制技术方法生物质家庭炉灶燃烧和溶剂产品使用是重要的与发达国家存在典型差异的VOC排放源其VOC排放因子和化学组成存在着较大的不确定性因此本研究针对这两类污染源进行了测试与调研补充完善了我国VOC排放因子数据库一方面建立了固定燃烧源VOC采样分析系统通过现场测试获得了典型生物质炉灶燃烧过程的VOC排放因子和化学组成同时针对10类重要溶剂产品基于系统调研计算其在不同行业不同技术条件下的VOC排放水平和特征基于上述工作建立了中国当前及2020年的人为源VOC排放清单结果表明2005年我国VOC排放量为19406kt其中固定燃烧源道路移动源溶剂产品使用源和工业过程源是主要的排放部门分别贡献了总排放的283242176和158VOC排放的空间分布很不平衡江苏山东广东是排放最高的省份排放量均超过了1500kt化学组分方面主要由烷烃20不饱和烃21苯系物30构成表现出了较高的大气氧化活性和毒性其平均光化学臭氧生成潜势POCP为537毒性VOC的排放比重约占30预测结果表明至2020年在现有控制政策下我国人为源VOC排放量将增至26523kt若参考发达国家的法规标准针对工业过程源和溶解产品使用源采取更为严格控制措施有可能将VOC排放量维持在19943kt
快速成形 光固化三维打印 赛尔XJ500 光敏树脂 实体材料 支撑材料,光固化三维打印技术类似于UV喷墨打印是采用液滴喷射成形的快速成形技术在成形过程中使用两组喷头分别喷射光固化实体材料和光固化支撑材料随即利用紫外光照射固化逐层堆积成形打印完毕后用水枪去除支撑材料得到需要的零件它将喷射成形和光固化成形的优点结合在一起提高了成形效率和精度降低了成本光固化三维打印需要使用实体光固化材料和支撑光固化材料来成形零件选择恰当的成形材料至关重要目前只有3DSystems公司和OBJET公司有光固化三维打印设备和配套成形材料成形温度分别为100110和7075本课题组是国内第一家研究光固化三维打印设备和成形材料三维打印机使用赛尔XJ500喷头喷射光敏树脂成形温度为5055成形温度越低成形材料的选择面越窄材料性能要求越苛刻因此成形材料的制备和性能研究是一个迫切需要解决的难题本文根据三维打印机紫外光源的特点和成形材料化学反应机理总结了成形材料的特性参数收缩翘曲和喷射铺展参数的实验方法合成了聚丙二醇二缩水甘油醚二丙烯酸酯确定最佳合成条件以聚丙二醇二缩水甘油醚和丙烯酸为反应物反应温度控制在100110催化剂NN二甲基苄胺的质量分数为080阻聚剂对甲氧基苯酚的质量分数为020040以它和阳离子单体制备了一种混杂型实体材料适合在55稳定喷射光敏性好固化后的零件具有较佳的热机性能合成了自由基型实体材料的原料低粘度氨基甲酸酯丙烯酸酯确定最佳合成条件以TDIHEA和PEG为反应物第一步反应过程中nTDInHEA1催化剂DBT质量分数02反应温度40反应时间23h第二步反应过程中nTDInPEG2反应温度5560反应时间为56h以它为主要原料制备了一种自由基型实体材料适合于50工作喷射稳定性铺展性能较好但固化收缩率大固化速度稍慢研究了阳离子型实体材料中苄醇促进剂的作用苄醇通过活化单体机理和自由基诱导鎓盐光解机理加速脂环族环氧和氧杂环丁烷光固化速率自由基诱导鎓盐光解机理起主要作用其中苄醇上带给电子性基团更有效地稳定了苄醚自由基和苄醚阳离子使阳离子型光引发剂光解速率加快从而加速阳离子体系固化速率实验结果与理论相符研究了阳离子型实体材料中氧杂环丁烷的光固化动力学氧杂环丁烷首先被质子化形成了二级氧鎓正离子二级氧鎓正离子受另外一个单体亲核进攻而开环相应地生成一个三级氧鎓正离子继续不断受单体进攻形成聚合物三级氧鎓正离子相对稳定因此最后一步反应活化能很高一旦克服其活化能反应将迅速进行以脂环族环氧氧杂环丁烷和乙烯基醚为主要反应性原料制备了蓝色阳离子型实体材料性能测试表明这种阳离子型实体材料喷射稳定适合在55下工作阳离子型实体材料的光敏性固化后力学性能热性能较佳满足三维打印的要求合成了三维打印支撑材料的两种齐聚物其中水性氨基甲酸酯丙烯酸酯的最佳合成条件是第一步在甲苯二异氰酸酯中滴加二羟甲基丙酸的反应温度为30反应时间15小时第二步加入聚乙二醇的反应温度为4550反应35h第三步滴加丙烯酸羟乙酯的反应温度为5055反应约5h当TDIDMPAPEG的投料摩尔数比为421时得到羧基酸值约为665mgKOHg的水性氨基甲酸酯丙烯酸酯齐聚物使用三乙胺100中和羧基后这种齐聚物具有较好的水溶性通过醇钠酰氯法合成了聚乙二醇二丙烯酸酯聚乙二醇1000二丙烯酸酯所含醚键最多亲水性好固化后强度低作为另一种齐聚物以上述两种齐聚物β羧乙基丙烯酸酯和温敏材料PEOPPOPEO配制了支撑材料支撑材料的喷射稳定性较好很少有堵孔现象其光敏性较实体材料差一点观察成形后支撑材料和阳离子型实体材料垂直结合面的SEM照片并通过在水中浸泡和剥离性能研究表明支撑材料较容易去除
数字印刷机 喷墨数字印刷 印刷技术 喷墨技术 单张纸 卷筒纸 计算机技术 电子油墨 喷墨打印技术 高精度,"随着计算机技术、喷墨打印技术、高精度喷涂装置、超细染料制备等技术、装备和原料的不断发展、更新,明显地加速了数字印刷的工业化和实用化。在2008年德鲁巴国际印展会(Drupa)上,数字印刷成为最大的亮点,而喷墨数字印刷更成为亮点中的亮点。本文较全面地阐述了数字印刷和数字印刷技术,重点介绍了喷墨数字印刷技术和各种品牌的数字印刷机,并对数字印刷技术的发展前景进行了展望。"
水溶性分散剂 水性油墨 超细色浆,"以苯乙烯和丙烯酸为聚合单体,甲苯为溶剂,采用溶液聚合法合成了水溶性颜料分散剂。以水溶性分散剂、颜料及助剂制备了超细颜料色浆,以自制乳液为连接料,加入超细颜料色浆,经分散、研磨制成了超细水性油墨,对超细油墨的细度、耐水性、光泽度等性能指标进行了测试。结果表明:超细水性油墨的细度为0.5～0.8μm,耐水性为5级,光泽度为0.8,优于目前水性油墨企业标准,其它性能指标符合水性油墨企业标准。"
柔性版水基油墨 屈服值 粘度 颜料体积浓度 柔性版印刷 剪切速率 表面活性剂 剪切应力 颜料粒子 流变特性,"在分析柔性版印刷水墨在传输转移过程中的流变特性的基础上,研究了剪切应力、剪切速率、屈服值、油墨颜料粒子、表面活性剂以及温度等对柔性版水基油墨粘度的影响。结果表明,剪切应力、剪切速率和屈服值对水基油墨的粘度有直接影响,总体上可以用Carreau模型来描述。表面活性剂等助剂的加入通过对颜料体积浓度和油墨屈服值的影响,间接影响油墨粘度。"
大功率紫外发光二极管 封装 多芯片阵列 油墨固化 热管理 光学建模 热学建模,随着紫外发光二极管UVLED芯片技术及其封装技术的快速发展由于紫外LED相比传统光源具有发光效率高寿命长节能环保反应速度快等特点使其在固化等行业具有巨大的市场前景各个国家地区都争相投资研发紫外LED光源这也将进一步推动相关的光电子材料能源半导体芯片制作以及封装等行业的发展影响LED出光效率主要有芯片本身和后期的封装结构目前紫外LED的发光功率普遍较低除了芯片制作水平的需要提高之外封装技术对LED的发光效率特性也有重要的影响本文主要工作是围绕紫外LED的封装工艺提出了点光源和可用于油墨固化的大功率芯片封装结构并对整个封装工艺进行研究具体包括以下内容首先介绍了目前大功率紫外LED在国内外的发展状况分析了紫外LED的市场应用前景及它应用于固化等行业的优点及可行性并引出当前LED封装所存在亟需解决的问题接着分析了热量产生原理和LED的封装热阻计算方法并比较分析了大功率LED封装材料如基板封装胶透镜和导热界面材料的选型增强器件的散热能力提高器件的可靠性再次提出了单颗LED和可用于油墨固化的大功率LED的结构设计方案结合计算机进行光学和热学建模仿真寻求用于紫外LED封装的最优LED间距以及有利于散热的最佳导热界面材料热导率和其厚度对结温的影响最后研究了紫外LED的封装工艺过程制备出点光源和大功率面光源模块并介绍了发光散热方面相关性能测试指标初步开展了VI曲线波长半带宽等指标的测试实验由于封装很大程度决定了LED发光器件的性能本课题的研究为紫外LED芯片封装具有重要的实用价值
电子墨水 微胶囊 酞箐蓝BGS 电场响应,"采用十八胺对酞青蓝BGS进行化学修饰,以Span-80为稳定剂,四氯乙烯为分散介质,制备了分散性和稳定性良好的电泳显示液.用该电泳液作囊芯,以尿素和甲醛进行界面反应形成囊壁,制备了蓝色电子墨水微胶囊,讨论了搅拌速度、酸化时间和固化条件等对微胶囊形貌与物理性质的影响.所制备微胶囊呈规则球形,表面光滑,囊壁结构致密,平均粒径为100μm,包覆率达89%.采用红外光谱、光学显微镜和电泳实验等方法,研究微胶囊结构及电场响应,蓝色电泳液微胶囊在电场作用下具有明显可逆移动响应"
喷墨打印 压电式 热发泡式 按需喷墨 激发器 微机电系统 电压波形控制,"通过文献调研并结合实践,本文系统介绍了按需喷墨打印技术发展情况,较详细阐述了压电式和热发泡式激发器的技术原理、技术特点、结构、分类和技术更新情况,以及墨水、介质的相应发展情况。新型喷墨头技术朝着喷嘴更小、排列更紧密、喷出墨滴更小且能实现可变墨滴的趋势发展;借助微机电和半导体技术的发展,制造工艺更加集成化。在新型墨水和介质的配合下,喷墨打印在照片冲印输出、商务办公和短版印刷领域获得成功应用。"
柔板显示 电子纸 电子墨水 电致发光显示器件 电致变色 光子墨水 显示技术 光子晶体 研究进展 显示原理,"作为下一代显示技术的代表,模拟普通纸张显示效果的柔板显示技术已经成为世界各国研究的焦点。目前,主要包括4种实现柔板显示的技术,分别为电子墨水显示技术(Electronic ink display technology,EID)、柔性电致发光显示技术(Flexible organic light emitting devices display technology,FOLED)、电致变色显示技术(Electro-chromic display technology,ECD)和光子墨水显示技术(Photonic ink display technology,PID)。每种技术都有各自的特点,在器件制备方面各自都发展到了不同的程度。主要评述了这4种显示技术的研究进展,并对其未来的发展进行了简要的市场分析。"
环保印刷 水基油墨 发展趋势 环境保护 环保型 印刷企业 无污染 重金属 相关行业 绿色印刷材料,"当前,全世界的印刷企业及相关行业都在提倡环保、关注环保,绿色印刷材料和无公害印刷方式的研发和生产已逐步开始实施。"
胶印油墨 水性油墨 绿色环保 印刷油墨 软包装材料 溶剂型 有害物质 食品包装袋 推广使用 大豆油,"随着我国商品包装水平的不断提高,装潢印刷在食品、药品包装上的应用越来越普遍了。其中以塑料、纸为基材的软包装使用比例占各类包装材料种类的80%以上。在这些软包装中,包装印刷油墨以及其他辅助物质要占到整个软包装材料的20%左右。"
包装印刷 有机废气 排放控制 废气治理,"从包装印刷行业有机物废气污染现状和治理重要性角度出发,结合行业有机废气排放控制标准,重点介绍了企业合理选址,有机溶剂挥发浓度控制,环保油墨应用以及高效干燥固化工艺等废气排放控制技术和热力氧化法、吸附法、等离子体氧化分解法以及膜分离法等有机废气末端治理实用技术。进而归纳总结了行业内有机废气排放控制与治理所面临的挑战。"
纳米银 导电油墨 喷墨印制 加成法 印制电路板 印制电子,"喷墨打印加成法制造电路板,可明显改善传统减成法效率低、成本高、污染重等缺点,因而受到业内广泛关注。该方法所使用的新型功能材料纳米银导电油墨,因具有烧结温度低、导电性能好等优点,近年来成为全球电子油墨行业的研发热点之一。文章详细介绍了纳米银油墨在印制电子产品电路制作领域的应用,并对喷印纳米金属油墨的技术要求、纳米银油墨的特点及主要不足进行了评述,重点展示了全球纳米银油墨的产品开发动态,同时对新型喷印纳米金属油墨的制备与研发提出了一些建议。"
喷墨技术 喷墨印刷 数字印刷 发展趋势 技术原理 可变数据印刷 油墨 承印物 连续喷墨 按需印刷,"一、概述近年来,随着电子出版、跨媒体出版技术的发展,传统印刷方式的市场受到极大冲击,数字印刷技术发展日新月异。数字印刷目前的市场定位主要是短版印刷、即时印刷、按需印刷和可变数据印刷。通俗地讲,数字印刷是能按照用户的时间要"
出版技术 技术转型 变迁动因 变迁机制 变迁模式,二十世纪的一百年间中国社会的政治经济文化都发生了深刻的变革世界范围内的科学技术更是日新月异在这一特定的社会和科技背景下中国出版技术完成了从传统技术向现代技术的转型对二十世纪中国出版技术的历史变迁进行系统全面的梳理与分析探索中国传统出版技术向现代出版技术转型的动因机制与变迁模式为二十一世纪中国出版技术发展提供历史借鉴既有学术价值也有现实意义而从技术史的角度研究中国出版业的变迁目前仍是学术界很少涉足的领域界定出版技术的定义性质及其构成是研究出版技术变迁的前提出版技术是指传播主体对作品信息进行编辑复制以及原样传输的操作技能是反映在物质形态的工具机器等装备网络形态的系统程序等软件以及出版过程中体现的信息组织理念工艺流程和实施手段出版技术是观念形态与操作形态的统一而非出版过程中具体工艺过程的简单拼加出版技术至少包括编辑技术复制技术介质制造技术和发行技术四个方面出版技术的每次重大创新都大大增强了人类获取信息的能力改进了人类文化交流的方式给人类政治经济文化和社会生活带来深刻影响因而被誉为人类文明之母科学划分出版技术的发展阶段是研究出版技术变迁的基础从社会形态技术手段分析二十世纪的中国出版技术变迁可划分为三个阶段1900年至1949年1950年至1984年1985年至2000年由于政治经济文化科技等因素的影响不同阶段呈现出不同的特征和变迁轨迹世纪之初西方传教士带来的新技术出版救国的新思潮近代资本主义的兴起推动了中国出版技术的近代化铅活字技术与半机械化印刷技术的结合提高了出版生产的效率出版物的外在形式印装水平发行方式也得到全面更新在新技术条件下传统编辑形态和编辑手段发生了根本性的变化现代编辑形制基本形成中国出版业核心技术工作流程组织形式经济规模均发生了重大改变从生产力到生产关系都实现了深刻变革1950年后出版业整体过渡到半机械化机械化生产阶段出版各部门产量质量都得到显著提高编辑制版印刷装订及发行等环节实现了整体配套但此后较长一段时间出版技术总体发展较为缓慢没有实质性突破且各技术门类发展不平衡80代初造纸工业基本实现机械化但因原料供给科研能力等因素的制约与国际先进水平的差距仍然很大而此阶段编辑技术从选题内容编排到校正定稿等环节日益完善和规范标志着编辑技术体系更加成熟专业化的发行体制解决了发行覆盖面小渠道残缺堵塞等技术难题在出版技术自主创新方面受工业制造水平影响投入生产环节的新产品新设备不多但在研发方面仍有不少突破为80年代中期出版技术实现革命性突破奠定了基础现代出版技术体系的形成始于1985年以北大激光照排技术通过国家鉴定为标志随着计算机排版技术的发展出版业彻底告别铅与火而走向光与电数字化工作流程将印前印刷和印后过程整合成一个具有统一数据格式的不可分割的系统由于计算机技术的广泛应用以及光纤通讯技术的发展编辑技术趋向于数字化自动化和一体化各种适合海量存储的磁光等新型出版介质的问世使信息存储不再局限于单一纸介质出现了风格迥异的数字出版技术在高科技手段的有力支撑下依靠功能强大的办公营销管理等应用软件出版发行和销售环节的信息化管理成为现实现代高新技术的广泛运用极大地拓展了出版的外延建立在机械复制技术基础之上的出版形态已不是出版业的全部出版产业开始走向以文化资源整理和内容创作为表现形式的信息生产和再生产纵观二十世纪中国出版技术史我们可以看出出版是一个技术驱动的行业出版技术的形成和发展是一个复杂的历史过程具有其独特的进化规律呈现出加速性累积性一体化和数字化等特征出版技术并不是按照一种内在的固有的技术逻辑发展的而是一定社会历史条件的产物驱动二十世纪中国出版技术变迁的因素包括1经济发展与社会进步的历史推动2文化启蒙民族运动与文化建设的政治推动3科技革命与相关技术群落的技术推动4技术创新政策与科研体制改革的制度推动5出版产业迅速发展的市场推动出版技术的转型机制表现为技术需求双重诱因模式政府行为诱因模式与企业行为诱因模式不同的创新机制产生不同的创新效应在计划经济体制向市场经济体制转型的过程中中国出版技术的创新机制也呈现出相应的演变轨迹1978年以后由于国家发展战略的调整出版技术创新开始由政府推动向市场推动转变其结果是技术进步的速率加快周期变短对产业发展的推动作用增强随着体制改革的不断深入市场为主导的多维整合效应逐步显现二十世纪中国出版技术变迁的历史经验和教训表明吸收国外先进科技成果推进出版技术创新的方向是正确的但一味引进成套设备实行以市场换技术的方针不仅在一定程度上形成了技术依赖性制约了民族工业的发展更严重的后果是在出版这样一个特殊行业缺乏技术自主性稍有不慎将危及国家信息安全出版传播技术的变迁是自然世界的动态进化过程从印刷网络出版到跨媒体出版出版技术的每次创新都增加了出版媒介对受众的影响力都给人类的政治经济文化和社会生活带来了巨大影响表现在出版技术进步不断增强人类获取信息的能力出版技术发展推动人类文化交流模式转变以及网络出版技术对现代社会发展的影响等方面中国出版技术创新已走过引进创新阶段正致力于技术的集成创新其未来方向应是自主创新为此必须改善技术创新的政策环境改进技术引进方式建立新的技术创新主体和技术创新平台形成新的技术激励扩散机制并以市场为导向坚持高起点与延续性实现出版技术创新的跨越式发展和可持续发展基于此文章提出了推动出版技术创新的环境目标和途径以及通过制度创新促进技术创新的政策建议
喷墨墨水 导电层 电子材料 纳米银 薄膜印刷 微粒 发展与进步 线路板 微电子技术 现状与发展,"印刷电子材料的发展促进了与其相关的专用工业的形成、发展与进步。而微电子技术的发展对印刷电子材料的生产提出了更高的要求,进一步向高密、细导线、多层、高可靠性、低成本、短周期和自动化连续生"
